0.0,0.0,0.0,-0.01592927798628807,-0.036607615649700165,-0.01018448919057846,-0.004254467785358429,-0.06808371469378471,-0.010407552123069763,0.015018729493021965,-0.09430772066116333,-0.020364910364151,0.03657849691808224,-0.10431458428502083,-0.034167537465691566,0.006295237690210342,-0.0900170300155878,-0.06182191846892238,0.014410365372896194,-0.11834754794836044,-0.05896217850386165,0.01904520019888878,-0.14401721954345703,-0.04193539172410965,0.01649675890803337,-0.1698847860097885,-0.03263127617537975,0.028617986710742116,-0.0754515586886555,-0.06314198113977909,0.04403654858469963,-0.10043553449213505,-0.049542819149792194,0.03583909384906292,-0.09589294344186783,-0.018301531672477722,0.025695733726024628,-0.08883003145456314,0.010492410510778427,0.047047439962625504,-0.06294592842459679,-0.0579484790796414,0.05483567714691162,-0.0781591022387147,-0.03894669935107231,0.04822801426053047,-0.07544098515063524,-0.015407614409923553,0.04153774585574865,-0.06332311406731606,0.0073196254670619965,0.05483601801097393,-0.04816137067973614,-0.04123642295598984,0.0632735826075077,-0.06439433712512255,-0.030066758394241333,0.061196405440568924,-0.06782002374529839,-0.009542740881443024,0.05531333573162556,-0.05793309863656759,-0.0016646608710289001
0.0,0.0,0.0,-0.018019448965787888,-0.03666185215115547,-0.008211933076381683,-0.009045850485563278,-0.06892074644565582,-0.00894981250166893,0.011898385360836983,-0.09543579258024693,-0.018205974251031876,0.03201939444988966,-0.10176963545382023,-0.029438916593790054,0.004570731893181801,-0.09310872480273247,-0.05872418871149421,0.012104157358407974,-0.12470157817006111,-0.054208523652050644,0.01631264202296734,-0.15218891203403473,-0.03996724169701338,0.014484968036413193,-0.17820904403924942,-0.02952556125819683,0.028280476108193398,-0.08078537043184042,-0.05872263386845589,0.0418342649936676,-0.10747564770281315,-0.042701480910182,0.03240597900003195,-0.10290009528398514,-0.008795838803052902,0.020688828080892563,-0.09352908656001091,0.0190846249461174,0.04869193583726883,-0.0667252317070961,-0.05317665508482605,0.05312597006559372,-0.08342472510412335,-0.030815143138170242,0.045869071036577225,-0.08151702443137765,-0.005433280020952225,0.03752875654026866,-0.06835842970758677,0.015812568366527557,0.05673654191195965,-0.05112819746136665,-0.03627622500061989,0.06324509531259537,-0.06813493836671114,-0.023167315870523453,0.058126673102378845,-0.0707017295062542,-0.001002572476863861,0.0519825778901577,-0.061973679810762405,0.004819989204406738
0.0,0.0,0.0,-0.020500628277659416,-0.03277333825826645,0.001636844128370285,-0.011526362970471382,-0.06475399062037468,0.008641161024570465,0.0098738893866539,-0.09354798821732402,0.014858126640319824,0.030947490129619837,-0.09893292468041182,0.012502040714025497,6.768852472305298e-05,-0.1027122400701046,-0.026376107125543058,0.006548009812831879,-0.1355074793100357,-0.020590441767126322,0.006382100284099579,-0.16271981596946716,-0.010270217433571815,0.0010483134537935257,-0.18665794283151627,-0.00410681776702404,0.02631652308627963,-0.09326626267284155,-0.028238855069503188,0.04199446365237236,-0.11535714752972126,-0.010695272125303745,0.03523208945989609,-0.1081879623234272,0.015262987464666367,0.02466659154742956,-0.1005136389285326,0.03795226663351059,0.04914923571050167,-0.07860153075307608,-0.02673576638335362,0.056572599336504936,-0.089436168782413,-0.001880718395113945,0.04849272780120373,-0.08082495909184217,0.020761724561452866,0.04138915613293648,-0.06707535311579704,0.037297315895557404,0.059954142197966576,-0.05898638442158699,-0.015585116110742092,0.0662746075540781,-0.07046586275100708,0.001605616882443428,0.06098942086100578,-0.0671978797763586,0.022061731666326523,0.05284927226603031,-0.05567767471075058,0.02624552696943283
0.0,0.0,0.0,0.0,0.0,0.0,0.0,0.0,0.0,0.0,0.0,0.0,0.0,0.0,0.0,0.0,0.0,0.0,0.0,0.0,0.0,0.0,0.0,0.0,0.0,0.0,0.0,0.0,0.0,0.0,0.0,0.0,0.0,0.0,0.0,0.0,0.0,0.0,0.0,0.0,0.0,0.0,0.0,0.0,0.0,0.0,0.0,0.0,0.0,0.0,0.0,0.0,0.0,0.0,0.0,0.0,0.0,0.0,0.0,0.0,0.0,0.0,0.0
0.0,0.0,0.0,0.0,0.0,0.0,0.0,0.0,0.0,0.0,0.0,0.0,0.0,0.0,0.0,0.0,0.0,0.0,0.0,0.0,0.0,0.0,0.0,0.0,0.0,0.0,0.0,0.0,0.0,0.0,0.0,0.0,0.0,0.0,0.0,0.0,0.0,0.0,0.0,0.0,0.0,0.0,0.0,0.0,0.0,0.0,0.0,0.0,0.0,0.0,0.0,0.0,0.0,0.0,0.0,0.0,0.0,0.0,0.0,0.0,0.0,0.0,0.0
0.0,0.0,0.0,0.0,0.0,0.0,0.0,0.0,0.0,0.0,0.0,0.0,0.0,0.0,0.0,0.0,0.0,0.0,0.0,0.0,0.0,0.0,0.0,0.0,0.0,0.0,0.0,0.0,0.0,0.0,0.0,0.0,0.0,0.0,0.0,0.0,0.0,0.0,0.0,0.0,0.0,0.0,0.0,0.0,0.0,0.0,0.0,0.0,0.0,0.0,0.0,0.0,0.0,0.0,0.0,0.0,0.0,0.0,0.0,0.0,0.0,0.0,0.0
0.0,0.0,0.0,0.0,0.0,0.0,0.0,0.0,0.0,0.0,0.0,0.0,0.0,0.0,0.0,0.0,0.0,0.0,0.0,0.0,0.0,0.0,0.0,0.0,0.0,0.0,0.0,0.0,0.0,0.0,0.0,0.0,0.0,0.0,0.0,0.0,0.0,0.0,0.0,0.0,0.0,0.0,0.0,0.0,0.0,0.0,0.0,0.0,0.0,0.0,0.0,0.0,0.0,0.0,0.0,0.0,0.0,0.0,0.0,0.0,0.0,0.0,0.0
0.0,0.0,0.0,0.0,0.0,0.0,0.0,0.0,0.0,0.0,0.0,0.0,0.0,0.0,0.0,0.0,0.0,0.0,0.0,0.0,0.0,0.0,0.0,0.0,0.0,0.0,0.0,0.0,0.0,0.0,0.0,0.0,0.0,0.0,0.0,0.0,0.0,0.0,0.0,0.0,0.0,0.0,0.0,0.0,0.0,0.0,0.0,0.0,0.0,0.0,0.0,0.0,0.0,0.0,0.0,0.0,0.0,0.0,0.0,0.0,0.0,0.0,0.0
0.0,0.0,0.0,0.0,0.0,0.0,0.0,0.0,0.0,0.0,0.0,0.0,0.0,0.0,0.0,0.0,0.0,0.0,0.0,0.0,0.0,0.0,0.0,0.0,0.0,0.0,0.0,0.0,0.0,0.0,0.0,0.0,0.0,0.0,0.0,0.0,0.0,0.0,0.0,0.0,0.0,0.0,0.0,0.0,0.0,0.0,0.0,0.0,0.0,0.0,0.0,0.0,0.0,0.0,0.0,0.0,0.0,0.0,0.0,0.0,0.0,0.0,0.0
0.0,0.0,0.0,0.0,0.0,0.0,0.0,0.0,0.0,0.0,0.0,0.0,0.0,0.0,0.0,0.0,0.0,0.0,0.0,0.0,0.0,0.0,0.0,0.0,0.0,0.0,0.0,0.0,0.0,0.0,0.0,0.0,0.0,0.0,0.0,0.0,0.0,0.0,0.0,0.0,0.0,0.0,0.0,0.0,0.0,0.0,0.0,0.0,0.0,0.0,0.0,0.0,0.0,0.0,0.0,0.0,0.0,0.0,0.0,0.0,0.0,0.0,0.0
0.0,0.0,0.0,0.0,0.0,0.0,0.0,0.0,0.0,0.0,0.0,0.0,0.0,0.0,0.0,0.0,0.0,0.0,0.0,0.0,0.0,0.0,0.0,0.0,0.0,0.0,0.0,0.0,0.0,0.0,0.0,0.0,0.0,0.0,0.0,0.0,0.0,0.0,0.0,0.0,0.0,0.0,0.0,0.0,0.0,0.0,0.0,0.0,0.0,0.0,0.0,0.0,0.0,0.0,0.0,0.0,0.0,0.0,0.0,0.0,0.0,0.0,0.0
0.0,0.0,0.0,0.0,0.0,0.0,0.0,0.0,0.0,0.0,0.0,0.0,0.0,0.0,0.0,0.0,0.0,0.0,0.0,0.0,0.0,0.0,0.0,0.0,0.0,0.0,0.0,0.0,0.0,0.0,0.0,0.0,0.0,0.0,0.0,0.0,0.0,0.0,0.0,0.0,0.0,0.0,0.0,0.0,0.0,0.0,0.0,0.0,0.0,0.0,0.0,0.0,0.0,0.0,0.0,0.0,0.0,0.0,0.0,0.0,0.0,0.0,0.0
0.0,0.0,0.0,-0.020706994459033012,-0.012007920071482658,-0.030728105455636978,-0.032931024208664894,-0.03776460886001587,-0.04601922444999218,-0.05212253890931606,-0.06291989795863628,-0.06804841663688421,-0.06427655182778835,-0.09489253535866737,-0.07462038099765778,-0.02104451321065426,-0.04444365669041872,-0.07140418037306517,-0.028245961293578148,-0.04610234312713146,-0.09309032745659351,-0.02810625173151493,-0.042245347052812576,-0.0918104499578476,-0.025762885808944702,-0.043198708444833755,-0.08611222915351391,-0.004868223797529936,-0.037057488691061735,-0.06859281938523054,-0.008677268400788307,-0.03521259664557874,-0.10270616412162781,-0.019902093335986137,-0.017688769847154617,-0.10557851567864418,-0.00902961753308773,-0.0164682324975729,-0.07718897238373756,0.013871787115931511,-0.027478832751512527,-0.06889149721246213,0.005280304700136185,-0.021318992599844933,-0.09542997367680073,-0.002513933926820755,-0.0032844971865415573,-0.09375335089862347,0.0026185642927885056,-0.0007057376205921173,-0.07041312486398965,0.02278328128159046,-0.01532713882625103,-0.0680190494749695,0.017163509503006935,-0.007628254592418671,-0.08854187093675137,0.01132199726998806,0.012129489332437515,-0.08670220896601677,0.009280277416110039,0.015434127300977707,-0.07145689358003438
0.0,0.0,0.0,-0.01796768233180046,-0.03321302309632301,-0.0011439714580774307,-0.008290652185678482,-0.0655587762594223,0.009029606357216835,0.015273110941052437,-0.09352819202467799,0.015089502558112144,0.038269452285021544,-0.09899274446070194,0.011975860223174095,0.0045042335987091064,-0.1023861225694418,-0.028781441986211576,0.012298207730054855,-0.13501207530498505,-0.02320866147056222,0.012080742046236992,-0.16386225074529648,-0.011641200631856918,0.007630951702594757,-0.18950070440769196,-0.006081428378820419,0.030562588945031166,-0.09333293978124857,-0.030947127612307668,0.0445155268535018,-0.11133740283548832,-0.012105654925107956,0.03569171158596873,-0.10199889726936817,0.0163352619856596,0.024571274407207966,-0.09270367724820971,0.040494753047823906,0.051468171179294586,-0.07872468046844006,-0.029382002481725067,0.05786967650055885,-0.08884891122579575,-0.001878710463643074,0.04954114370048046,-0.08077518222853541,0.019922228530049324,0.04215577524155378,-0.06663589179515839,0.0344443004578352,0.06076695956289768,-0.06029189191758633,-0.01770351268351078,0.06735427677631378,-0.07177085988223553,-0.0006329100579023361,0.06425427459180355,-0.06847911700606346,0.02062208019196987,0.0555737130343914,-0.05744769796729088,0.02342625893652439
0.0,0.0,0.0,-0.028558867052197456,-0.00940544530749321,-0.025973517447710037,-0.038887495175004005,-0.029079485684633255,-0.05330553278326988,-0.040301740169525146,-0.04476658161729574,-0.08684368152171373,-0.024431445635855198,-0.06125500239431858,-0.11081773787736893,-0.03250299021601677,-0.06259503588080406,-0.07609107124153525,-0.04650173895061016,-0.08526044338941574,-0.0891299294307828,-0.04887472279369831,-0.10216943174600601,-0.09641131199896336,-0.05783882178366184,-0.1231030598282814,-0.11418990418314934,-0.012605901341885328,-0.06220462266355753,-0.07337415940128267,-0.02480317186564207,-0.05868794862180948,-0.10800337791442871,-0.03373447805643082,-0.03599213808774948,-0.10354680940508842,-0.026190640404820442,-0.03025582991540432,-0.08018390787765384,0.007044289261102676,-0.05162856029346585,-0.07477634024689905,-0.007898085284978151,-0.04066873528063297,-0.1016027182340622,-0.015058311633765697,-0.018484070897102356,-0.09265992976725101,-0.010040350258350372,-0.008853122591972351,-0.06299796979874372,0.013823805376887321,-0.03511546552181244,-0.06839999835938215,0.007099725306034088,-0.027996547520160675,-0.09043203480541706,-0.0007530059665441513,-0.008100681006908417,-0.08802050352096558,0.0009982455521821976,-0.0027792006731033325,-0.06201981287449598
0.0,0.0,0.0,-0.027948198840022087,-0.01530071347951889,-0.02056613191962242,-0.03562194108963013,-0.03598163090646267,-0.04682333581149578,-0.03788355737924576,-0.054188692942261696,-0.08399893809109926,-0.02499374933540821,-0.06844689510762691,-0.10853146761655807,-0.023173600435256958,-0.07450874801725149,-0.07071901881136,-0.03265845403075218,-0.1001446507871151,-0.07944767596200109,-0.03629836440086365,-0.11961949616670609,-0.08339053578674793,-0.04501106217503548,-0.1407344862818718,-0.09963560849428177,-0.0031382818706333637,-0.07104628346860409,-0.07135190418921411,-0.018988847732543945,-0.07169999368488789,-0.10403051972389221,-0.030915653333067894,-0.049573495984077454,-0.09511187486350536,-0.022349433973431587,-0.03904566541314125,-0.07430423446930945,0.014731395989656448,-0.057624997571110725,-0.0759454460348934,-0.006189183797687292,-0.04417138919234276,-0.09892712906002998,-0.0154837965965271,-0.026454657316207886,-0.0852736085653305,-0.008036509156227112,-0.01448647677898407,-0.05328521504998207,0.020041264593601227,-0.036902137100696564,-0.0720139992190525,0.004596122540533543,-0.03195770084857941,-0.08976959995925426,-0.0048724692314863205,-0.01985688880085945,-0.08365389984101057,0.0008762795478105545,-0.013307005167007446,-0.06011940538883209
0.0,0.0,0.0,-0.029724959284067154,-0.020918261259794235,-0.01544918492436409,-0.04140264354646206,-0.04259303957223892,-0.03777940385043621,-0.050382720306515694,-0.059241458773612976,-0.07310513127595186,-0.03923052363097668,-0.07147621549665928,-0.09698508679866791,-0.027634896337985992,-0.08043958712369204,-0.057581208646297455,-0.036467986181378365,-0.10662364214658737,-0.0676339021883905,-0.04066901467740536,-0.1282341629266739,-0.07624406088143587,-0.048780230805277824,-0.14849651604890823,-0.09523470513522625,-0.006983506726101041,-0.0760637279599905,-0.06171643314883113,-0.02394120581448078,-0.0776259321719408,-0.08840175531804562,-0.03852060250937939,-0.05634535290300846,-0.0796485198661685,-0.027488021180033684,-0.04645165614783764,-0.06330400978913531,0.010421979241073132,-0.05984629411250353,-0.06999431643635035,-0.01670672930777073,-0.048881348222494125,-0.08578242175281048,-0.022515447810292244,-0.03467448800802231,-0.07196050602942705,-0.010498613119125366,-0.025295600295066833,-0.048941077664494514,0.01554630696773529,-0.03766952082514763,-0.06844934960827231,-0.004610463976860046,-0.035021718591451645,-0.08140705712139606,-0.010023793205618858,-0.02674364298582077,-0.07352135889232159,0.00043548643589019775,-0.022239580750465393,-0.052757092751562595
0.0,0.0,0.0,-0.01637152209877968,-0.020128946751356125,-0.01372700184583664,-0.023247957229614258,-0.03253191523253918,-0.028752990067005157,-0.03562423959374428,-0.039093698374927044,-0.059904480120167136,-0.03757413104176521,-0.056491533294320107,-0.0829844232648611,-0.006324607878923416,-0.06298944260925055,-0.05576450703665614,-0.014355091378092766,-0.08185788244009018,-0.06766773900017142,-0.016190549358725548,-0.10012202709913254,-0.07702494319528341,-0.028382565826177597,-0.11601220443844795,-0.09996523335576057,0.006248388672247529,-0.05587568925693631,-0.061405689106322825,-0.010572677478194237,-0.06399946194142103,-0.07648148853331804,-0.02484194189310074,-0.058020335622131824,-0.0708230072632432,-0.014833446592092514,-0.053708985447883606,-0.053942990489304066,0.01600148342549801,-0.04398836521431804,-0.06978421891108155,-0.00766342505812645,-0.039379993453621864,-0.08102294988930225,-0.012762654572725296,-0.03083614446222782,-0.0641006255755201,-0.005239404737949371,-0.022740688174962997,-0.04629732854664326,0.01121115405112505,-0.026812290772795677,-0.06873846566304564,-0.0038862712681293488,-0.02416888438165188,-0.07898815721273422,-0.005891516804695129,-0.020380951464176178,-0.06943270796909928,0.0031736455857753754,-0.014166068285703659,-0.052734571509063244
0.0,0.0,0.0,-0.017259890213608742,-0.02816944196820259,-0.012370634824037552,-0.022325092926621437,-0.046848319470882416,-0.028286099433898926,-0.03371059708297253,-0.06391950882971287,-0.05946063972078264,-0.02805137448012829,-0.07793541625142097,-0.08522827178239822,0.004860119894146919,-0.08338595740497112,-0.04675617814064026,-0.0025514885783195496,-0.10341496765613556,-0.06241883197799325,-0.007748033851385117,-0.12650349363684654,-0.07260220777243376,-0.022987501695752144,-0.13957993686199188,-0.09235560894012451,0.01758508593775332,-0.07448437251150608,-0.05778487492352724,-0.00217578187584877,-0.08604037761688232,-0.07125660497695208,-0.017153887078166008,-0.06884687766432762,-0.05829800013452768,-0.0012283045798540115,-0.05893597658723593,-0.03516232781112194,0.02412034384906292,-0.05659520719200373,-0.0692714648321271,-0.0054756999015808105,-0.05929204588755965,-0.078101996332407,-0.013650299981236458,-0.04510796628892422,-0.06079675428918563,-0.004166815429925919,-0.03504522889852524,-0.03522132895886898,0.018070736899971962,-0.03557057864964008,-0.07254311349242926,-0.005571259185671806,-0.04077436961233616,-0.08057045191526413,-0.01042204536497593,-0.034030213952064514,-0.0662231114692986,-0.0018900316208600998,-0.02791878953576088,-0.04679509345442057
0.0,0.0,0.0,-0.010122193023562431,-0.02928914874792099,-0.0074137113988399506,-0.013448981568217278,-0.04596097767353058,-0.02151624858379364,-0.02445974014699459,-0.06244969554245472,-0.05467963870614767,-0.02559208683669567,-0.07866655103862286,-0.0819335225969553,0.01472142431885004,-0.08367980271577835,-0.039744019508361816,0.0067510176450014114,-0.10444138571619987,-0.05639913340564817,0.0022008195519447327,-0.12692886590957642,-0.06861366424709558,-0.013712579384446144,-0.1401277706027031,-0.08759846538305283,0.02497700951062143,-0.07466996368020773,-0.05529309995472431,0.005662424489855766,-0.08765279687941074,-0.06398065341636539,-0.010466394945979118,-0.07313488610088825,-0.05087342904880643,0.0049638692289590836,-0.062168200965970755,-0.026134449988603592,0.02980328630656004,-0.05690682400017977,-0.06985271815210581,-0.002214169129729271,-0.06334147416055202,-0.07303737383335829,-0.010535473003983498,-0.0472861472517252,-0.053995950147509575,-0.0010256282985210419,-0.03799726814031601,-0.03223581239581108,0.020663532428443432,-0.037413351237773895,-0.07550313323736191,-0.003936512395739555,-0.04268382303416729,-0.08042428642511368,-0.00977042131125927,-0.034199681133031845,-0.06060015922412276,-0.0011657048016786575,-0.028831109404563904,-0.0422273650765419
0.0,0.0,0.0,-0.006844749674201012,-0.027479156851768494,-0.0036884546279907227,-0.01071351207792759,-0.045473930425941944,-0.015531353652477264,-0.02231200970709324,-0.05900096707046032,-0.04177987389266491,-0.031064273789525032,-0.07404018193483353,-0.06980097945779562,0.019969345070421696,-0.07671537809073925,-0.04125479981303215,0.010290923528373241,-0.09398838505148888,-0.05937537513091229,0.0025001559406518936,-0.10994049534201622,-0.06338722724467516,-0.006759162992238998,-0.1291065476834774,-0.07544228434562683,0.024447723291814327,-0.06641505751758814,-0.05714541766792536,0.0023724641650915146,-0.08075747452676296,-0.06285703438334167,-0.013207027688622475,-0.06982079055160284,-0.04495765920728445,0.0012161768972873688,-0.06224478594958782,-0.014536604285240173,0.02151432679966092,-0.052300178445875645,-0.07206731848418713,-0.008138297125697136,-0.060332752764225006,-0.07150822691619396,-0.017509354278445244,-0.045410056598484516,-0.048438078723847866,-0.005212228745222092,-0.033672161400318146,-0.021548472344875336,0.009908808395266533,-0.03171081282198429,-0.07019659504294395,-0.010644448921084404,-0.04558586049824953,-0.07565212994813919,-0.012238891795277596,-0.040853530168533325,-0.055430539418011904,-0.0068101901561021805,-0.03167462535202503,-0.03386705555021763
0.0,0.0,0.0,-0.010305382311344147,-0.030987337231636047,0.0022478364408016205,-0.019215188920497894,-0.05487331934273243,-0.013102732598781586,-0.03804149851202965,-0.07045978493988514,-0.036412909626960754,-0.057640016078948975,-0.08452277909964323,-0.06435472099110484,-0.0007420442998409271,-0.08756730705499649,-0.041648756712675095,-0.010653295554220676,-0.1057593822479248,-0.054601763375103474,-0.01871730200946331,-0.128581453114748,-0.05468730581924319,-0.019845638424158096,-0.15372385829687119,-0.06422514887526631,0.0021056414116173983,-0.07518932595849037,-0.056021429132670164,-0.02712767943739891,-0.085448257625103,-0.060183162218891084,-0.04005760699510574,-0.08054451365023851,-0.032341158017516136,-0.025653602555394173,-0.0747454366646707,-0.01636451855301857,-0.0009833048097789288,-0.06046089343726635,-0.07159443851560354,-0.03261961787939072,-0.06344244908541441,-0.06013149337377399,-0.040072035044431686,-0.05789298564195633,-0.03606593422591686,-0.023305650800466537,-0.052342070266604424,-0.015544522553682327,-0.014611346647143364,-0.03995065949857235,-0.07022835593670607,-0.03482431545853615,-0.04991332069039345,-0.06515938322991133,-0.03487518057227135,-0.04923888482153416,-0.04302249476313591,-0.027017196640372276,-0.043354371562600136,-0.021913304924964905
0.0,0.0,0.0,-0.000962601974606514,-0.033274926245212555,0.0022191479802131653,-0.01612879801541567,-0.05743852537125349,-0.011288370937108994,-0.032901011407375336,-0.06585973221808672,-0.03546108119189739,-0.050477391108870506,-0.07393393665552139,-0.0608865370741114,0.002421717159450054,-0.07867944426834583,-0.04931477829813957,-0.002641722559928894,-0.10121892020106316,-0.06559540145099163,-0.012097656726837158,-0.12232707068324089,-0.06675999239087105,-0.018810078501701355,-0.15314305573701859,-0.090316878631711,-0.0004704443272203207,-0.06590466271154583,-0.062320563913090155,-0.026097720488905907,-0.07734789699316025,-0.06519635836593807,-0.04188928194344044,-0.07316768728196621,-0.040104618296027184,-0.026886895298957825,-0.06852175295352936,-0.01644838973879814,-0.005420443834736943,-0.05495675280690193,-0.07222544867545366,-0.032473744824528694,-0.061496052891016006,-0.05946782627142966,-0.04203176684677601,-0.05757758300751448,-0.032253654673695564,-0.025732768699526787,-0.05794030427932739,-0.016597572714090347,-0.01899884268641472,-0.03740485571324825,-0.06981121143326163,-0.03797760792076588,-0.04582545533776283,-0.06203893152996898,-0.03772244416177273,-0.04616148956120014,-0.03447641059756279,-0.03498437441885471,-0.04078450798988342,-0.018232375383377075
0.0,0.0,0.0,0.005790363997220993,-0.03627313859760761,-0.0018291622400283813,-0.007401371491141617,-0.05844332417473197,-0.014719519764184952,-0.025064388290047646,-0.07015892211347818,-0.04119602590799332,-0.04385394789278507,-0.07336695678532124,-0.06300887395627797,0.005376237444579601,-0.0747566856443882,-0.05530798714607954,-0.0002957400865852833,-0.10314448177814484,-0.06668680813163519,-0.010503767058253288,-0.12690455839037895,-0.06556389515753835,-0.01796652004122734,-0.1523302160203457,-0.07575356308370829,-0.004044060478918254,-0.06409555999562144,-0.06556110334349796,-0.026673614978790283,-0.08118019439280033,-0.06697306141722947,-0.04116609878838062,-0.07481685187667608,-0.04158119857311249,-0.02908109501004219,-0.06879940396174788,-0.016333241015672684,-0.01198090985417366,-0.05295525677502155,-0.07207877468317747,-0.04023363254964352,-0.06581554096192122,-0.06129877106286585,-0.044262489303946495,-0.06086813751608133,-0.03470187447965145,-0.029508868232369423,-0.05595404701307416,-0.019877299666404724,-0.02816532365977764,-0.03826485946774483,-0.0683023314923048,-0.04658987186849117,-0.048904635943472385,-0.0589548097923398,-0.04573839716613293,-0.047473822720348835,-0.031436942517757416,-0.03952464647591114,-0.04154541343450546,-0.020237717777490616
0.0,0.0,0.0,-0.01859666407108307,-0.03334882855415344,-0.0059969499707221985,-0.007896475493907928,-0.0643453299999237,-0.000790916383266449,0.014233853667974472,-0.09168662969022989,0.0010806135833263397,0.03395507670938969,-0.09872454032301903,-0.0015402622520923615,0.004644988104701042,-0.09436706081032753,-0.04502782830968499,0.011010045185685158,-0.12680618092417717,-0.04103589302394539,0.013036807999014854,-0.1571914553642273,-0.03104586713016033,0.010652650147676468,-0.18474091589450836,-0.027439170517027378,0.028532707132399082,-0.08550891047343612,-0.045727418968454,0.03964461758732796,-0.10712321847677231,-0.029211487621068954,0.03176064696162939,-0.09946092590689659,0.001343708485364914,0.02129494398832321,-0.08951915986835957,0.025668896734714508,0.04848874360322952,-0.0716415923088789,-0.0409488573204726,0.05265854299068451,-0.0848318375647068,-0.017635345458984375,0.04528992436826229,-0.07971829362213612,0.0058266781270504,0.03694441355764866,-0.06669041141867638,0.021835513412952423,0.05739350616931915,-0.05563036724925041,-0.02645188756287098,0.06296303123235703,-0.07060323003679514,-0.012303343042731285,0.05925625190138817,-0.0695357033982873,0.007402215152978897,0.0516706146299839,-0.05983021855354309,0.011551834642887115
0.0,0.0,0.0,0.010063698515295982,-0.03433709964156151,-0.006887681782245636,-0.00048811081796884537,-0.055695877061225474,-0.02059854194521904,-0.017176296561956406,-0.06610400788486004,-0.04638379439711571,-0.03460473380982876,-0.06905383989214897,-0.0681325764671783,0.009795945137739182,-0.06490839645266533,-0.06157643906772137,0.0074727218598127365,-0.09261413663625717,-0.0715036338660866,-0.002421598881483078,-0.11881361901760101,-0.07010287581942976,-0.010571833699941635,-0.14269931614398956,-0.07566436287015676,-0.0005650402745231986,-0.05766973830759525,-0.06959172687493265,-0.017679475247859955,-0.07462429255247116,-0.06966024870052934,-0.029606610536575317,-0.07083358243107796,-0.04584065265953541,-0.019060926511883736,-0.065180285833776,-0.02235831320285797,-0.007837003096938133,-0.04789122613146901,-0.07285079872235656,-0.031226687133312225,-0.06394029129296541,-0.06323517533019185,-0.031657030805945396,-0.058312276378273964,-0.03764742985367775,-0.019376656040549278,-0.053959271404892206,-0.02321208268404007,-0.024920856580138206,-0.03568761609494686,-0.06694562500342727,-0.03860463388264179,-0.04870724491775036,-0.05852308962494135,-0.03646533377468586,-0.04573440831154585,-0.03357870876789093,-0.03150770626962185,-0.040008917450904846,-0.022553514689207077
0.0,0.0,0.0,0.009045756421983242,-0.031687770038843155,-0.00826331228017807,0.001785563537850976,-0.05036997562274337,-0.028089147061109543,-0.01428123377263546,-0.05631042458117008,-0.05766117386519909,-0.028520596213638783,-0.05519361514598131,-0.08424161747097969,0.009242129512131214,-0.056735266000032425,-0.06843564007431269,0.004047967493534088,-0.08574831113219261,-0.08006411930546165,-0.0027020005509257317,-0.110691137611866,-0.07856233697384596,-0.010435900650918484,-0.1347690001130104,-0.07491165166720748,0.0003055115812458098,-0.04913618369027972,-0.07435249129775912,-0.018068107776343822,-0.06636295840144157,-0.07620319677516818,-0.028651603497564793,-0.06235837936401367,-0.05127850919961929,-0.01775763649493456,-0.057028722018003464,-0.027786985039711,-0.007390869781374931,-0.04088196437805891,-0.07664734194986522,-0.030993918888270855,-0.056928517296910286,-0.06660535791888833,-0.031001347117125988,-0.05441728746518493,-0.042848050594329834,-0.017195268534123898,-0.04686455009505153,-0.028129886835813522,-0.02344291191548109,-0.028558168560266495,-0.06809789407998323,-0.03494920860975981,-0.04102639760822058,-0.0591494906693697,-0.03278647642582655,-0.03979271184653044,-0.035550959408283234,-0.02900207694619894,-0.03476903960108757,-0.027163542807102203
0.0,0.0,0.0,0.008073152974247932,-0.03372001834213734,-0.008533552289009094,-0.0020054702181369066,-0.055634796153753996,-0.02804115042090416,-0.021229946985840797,-0.06218079570680857,-0.057382989674806595,-0.03245440311729908,-0.06064440310001373,-0.07966013206169009,0.011339829303324223,-0.06033463962376118,-0.0709292539395392,0.002063257619738579,-0.08898685500025749,-0.0794880990870297,-0.008374951779842377,-0.1147594153881073,-0.07290917844511569,-0.01755855232477188,-0.13501255959272385,-0.06672580726444721,0.0002370462752878666,-0.0530040308367461,-0.0769200682407245,-0.01984332501888275,-0.07236716896295547,-0.07909161574207246,-0.02338508702814579,-0.06658268719911575,-0.051223812624812126,-0.008261811919510365,-0.061224063858389854,-0.027597129344940186,-0.00865483283996582,-0.04185286443680525,-0.07866888330318034,-0.03402210585772991,-0.0616973340511322,-0.06826308695599437,-0.030327891930937767,-0.05781926214694977,-0.0408213809132576,-0.021282315254211426,-0.053131728898733854,-0.026213958859443665,-0.026805931702256203,-0.028619496151804924,-0.06782235158607364,-0.03778545372188091,-0.04448094731196761,-0.05817355588078499,-0.033353449776768684,-0.04439514875411987,-0.034258630126714706,-0.03186439536511898,-0.03802428860217333,-0.026700731366872787
0.0,0.0,0.0,0.004706299863755703,-0.0349820451810956,-0.010130055248737335,-0.0035667484626173973,-0.06017526611685753,-0.02870073914527893,-0.013083078898489475,-0.07745171710848808,-0.052120404317975044,-0.021769353188574314,-0.09260235726833344,-0.07464359467849135,0.0073211705312132835,-0.054545093327760696,-0.07845108141191304,-0.004146289080381393,-0.07168474607169628,-0.08886370901018381,-0.015116984955966473,-0.08915704116225243,-0.08186030364595354,-0.022570409812033176,-0.10835685580968857,-0.06993489526212215,-0.003982160240411758,-0.045305919426027685,-0.08221844537183642,-0.02198783401399851,-0.06519064120948315,-0.083195929415524,-0.028442305512726307,-0.05892522446811199,-0.05623823031783104,-0.017302378080785275,-0.05404862109571695,-0.03179562836885452,-0.012468018103390932,-0.03705659555271268,-0.0813846152741462,-0.03523605037480593,-0.051668924279510975,-0.07451357413083315,-0.03474684897810221,-0.048056117724627256,-0.04321175813674927,-0.025252572260797024,-0.04554759291931987,-0.027560237795114517,-0.02996730897575617,-0.024729372933506966,-0.07099988125264645,-0.04256948549300432,-0.041237279772758484,-0.061667196452617645,-0.0400431277230382,-0.040274137165397406,-0.034691911190748215,-0.04009661544114351,-0.03471380192786455,-0.02581195905804634
0.0,0.0,0.0,0.005019416566938162,-0.035584344528615475,-0.010691940784454346,-0.0010249125771224499,-0.05816694628447294,-0.030617263168096542,-0.013760823290795088,-0.06720739044249058,-0.05844906345009804,-0.025108287576586008,-0.07166294008493423,-0.08328860136680305,0.007343329954892397,-0.058305527083575726,-0.07790145266335458,-0.004061525105498731,-0.08073850721120834,-0.08680350054055452,-0.01610625209286809,-0.10317836701869965,-0.0822745633777231,-0.026566036511212587,-0.12442183494567871,-0.07283438742160797,-0.003948195604607463,-0.04938338720239699,-0.08244936401024461,-0.023736332077533007,-0.06745713949203491,-0.08299409318715334,-0.031059949193149805,-0.061946867033839226,-0.05417954362928867,-0.020978518296033144,-0.056894853711128235,-0.02857588231563568,-0.011879787780344486,-0.04092407179996371,-0.08155843161512166,-0.037193524185568094,-0.054473168682307005,-0.07275633793324232,-0.035940772388130426,-0.05253068637102842,-0.04331422224640846,-0.0273891338147223,-0.048779217002447695,-0.026895273476839066,-0.028434686828404665,-0.0278151985257864,-0.06996887270361185,-0.0414751716889441,-0.0421760817989707,-0.06125897914171219,-0.039505666587501764,-0.0419373819604516,-0.03595267981290817,-0.038303947541862726,-0.0367733109742403,-0.02621818333864212
0.0,0.0,0.0,0.006450439803302288,-0.036186475306749344,-0.007119394838809967,-0.0009747112635523081,-0.05918743065558374,-0.01992807909846306,-0.019467289559543133,-0.06922905426472425,-0.04515906423330307,-0.036231120117008686,-0.07124176248908043,-0.062046038918197155,0.008619938977062702,-0.06702522188425064,-0.06519427103921771,-0.0014608441852033138,-0.09671758115291595,-0.07109492510790005,-0.015034942887723446,-0.11978670954704285,-0.06071433238685131,-0.02792628575116396,-0.14436835050582886,-0.051702097058296204,-0.0016928755212575197,-0.05944588058628142,-0.07262285822071135,-0.01768034975975752,-0.07764869183301926,-0.07262942823581398,-0.020469061098992825,-0.0723008494824171,-0.046168725937604904,-0.007978306151926517,-0.06658256985247135,-0.022397834807634354,-0.00792567990720272,-0.050280988682061434,-0.073176329722628,-0.02915696334093809,-0.0656854072585702,-0.06306681083515286,-0.026149180717766285,-0.0628118603490293,-0.03605598956346512,-0.014916129410266876,-0.05915045132860541,-0.019441645592451096,-0.021785427816212177,-0.03748501278460026,-0.06397846806794405,-0.03461612854152918,-0.0509511474519968,-0.05379634164273739,-0.027846607379615307,-0.049656953662633896,-0.02862038090825081,-0.02571722026914358,-0.04348810203373432,-0.021955717355012894
0.0,0.0,0.0,0.007271858863532543,-0.03609764948487282,-0.005393385887145996,-0.0026204371824860573,-0.06082867237273604,-0.019148852676153183,-0.021882006898522377,-0.07043567579239607,-0.04475071281194687,-0.04029921907931566,-0.06566046178340912,-0.0686820789705962,0.004683096893131733,-0.07136494386941195,-0.06566228764131665,-0.009652057895436883,-0.09832333028316498,-0.07068788883043453,-0.025986152701079845,-0.11921505630016327,-0.059017132967710495,-0.039347135461866856,-0.1406974196434021,-0.04558985307812691,-0.006356647936627269,-0.061605627881363034,-0.07298136851750314,-0.01971359271556139,-0.09275612235069275,-0.07379713258706033,-0.030855928547680378,-0.11634312570095062,-0.055232033133506775,-0.0361246382817626,-0.13920722901821136,-0.0422177966684103,-0.013105965685099363,-0.05077394749969244,-0.07547761360183358,-0.035940458066761494,-0.07305304706096649,-0.062174173071980476,-0.03222315665334463,-0.07167007587850094,-0.035200025886297226,-0.020141142420470715,-0.06438678968697786,-0.02127661556005478,-0.02736395876854658,-0.03578181192278862,-0.06526355259120464,-0.0379078583791852,-0.053137889597564936,-0.055730218067765236,-0.03132150787860155,-0.055781705770641565,-0.030919648706912994,-0.02685247454792261,-0.047131163999438286,-0.026285234838724136
0.0,0.0,0.0,0.005476062186062336,-0.02847091481089592,-0.009567037224769592,-0.0014558006078004837,-0.04885451681911945,-0.0298692025244236,-0.014734625816345215,-0.05126932729035616,-0.058455873280763626,-0.026076940819621086,-0.05016723973676562,-0.08501134533435106,0.0022956328466534615,-0.049613993149250746,-0.07545175464474596,-0.0042412627954036,-0.07395266927778721,-0.08272700617089868,-0.018041521310806274,-0.09525904059410095,-0.0734304937068373,-0.03522450849413872,-0.11526930704712868,-0.06070065498352051,-0.005648753547575325,-0.043746913434006274,-0.07783378777094185,-0.01902720518410206,-0.0606502965092659,-0.07934819464571774,-0.024825308471918106,-0.06138980574905872,-0.051827652379870415,-0.016335523687303066,-0.056973895989358425,-0.02862738072872162,-0.011995627544820309,-0.03775927238166332,-0.07744524569716305,-0.031429022550582886,-0.054439304396510124,-0.06441937386989594,-0.029296239838004112,-0.05346698313951492,-0.03805585578083992,-0.019140237011015415,-0.04839038709178567,-0.023818135261535645,-0.02563350461423397,-0.026934340596199036,-0.06238605547696352,-0.03560549207031727,-0.041770200710743666,-0.0539217833429575,-0.031873103231191635,-0.04421889572404325,-0.02989916503429413,-0.0290102306753397,-0.03716673608869314,-0.019871409982442856
0.0,0.0,0.0,0.005472434684634209,-0.030801545828580856,-0.00564173236489296,-0.0015060855075716972,-0.05286125373095274,-0.019116662442684174,-0.016156517900526524,-0.061286171432584524,-0.04531985707581043,-0.034960164688527584,-0.06436107400804758,-0.06548394821584225,0.001561223529279232,-0.06266229506582022,-0.06351891765370965,-0.008203012752346694,-0.08614826202392578,-0.06777648226125166,-0.024494503624737263,-0.10875461250543594,-0.06152202421799302,-0.04145190957933664,-0.13207660987973213,-0.05414979346096516,-0.00939804082736373,-0.05725448834709823,-0.06960178655572236,-0.029013260267674923,-0.07266568392515182,-0.0660355495638214,-0.03665223624557257,-0.06658381596207619,-0.038063956424593925,-0.023219958879053593,-0.06176209822297096,-0.013795126229524612,-0.017568923998624086,-0.049347059801220894,-0.07018147688359022,-0.04052830580621958,-0.0628622267395258,-0.05889609083533287,-0.04163119662553072,-0.06011692527681589,-0.03219692036509514,-0.029882092960178852,-0.05699858791194856,-0.014333002269268036,-0.030518644489347935,-0.03616476431488991,-0.06167614832520485,-0.04347347188740969,-0.046882917173206806,-0.05232248455286026,-0.04104358796030283,-0.04590744711458683,-0.02876436337828636,-0.03822977002710104,-0.04173466004431248,-0.020464882254600525
0.0,0.0,0.0,0.0007454100996255875,-0.030139800161123276,-0.006017100065946579,-0.013687838101759553,-0.045735053485259414,-0.019979845732450485,-0.02542802132666111,-0.04976675845682621,-0.043672678992152214,-0.03925505746155977,-0.057812731713056564,-0.0679168175556697,-0.010295954649336636,-0.05247778072953224,-0.06366350315511227,-0.012514067813754082,-0.06819900497794151,-0.07726697996258736,-0.024467256851494312,-0.08691026270389557,-0.07470627082511783,-0.0383091913536191,-0.11149929836392403,-0.07348685525357723,-0.01170029619242996,-0.04517377429874614,-0.06860810448415577,-0.02992322016507387,-0.05582261085510254,-0.06931015464942902,-0.04763390962034464,-0.051352822221815586,-0.04590119421482086,-0.036518183536827564,-0.05016309954226017,-0.017038963735103607,-0.01437984243966639,-0.041437143459916115,-0.07375899236649275,-0.03885092306882143,-0.043368369340896606,-0.06216745916754007,-0.049651105888187885,-0.04181483620777726,-0.03584185615181923,-0.039250665344297886,-0.039839108008891344,-0.01978227123618126,-0.023775276727974415,-0.025990353897213936,-0.06530357548035681,-0.03893932234495878,-0.033253464847803116,-0.05783036071807146,-0.04454986099153757,-0.038320197723805904,-0.03410254046320915,-0.04114223178476095,-0.031198985874652863,-0.019329175353050232
0.0,0.0,0.0,-0.01601625233888626,-0.03373602777719498,-0.008113522082567215,-0.005439437925815582,-0.06618005689233541,-0.003816034644842148,0.01768307574093342,-0.09364562574774027,-0.0060257017612457275,0.039456883911043406,-0.1006042081862688,-0.013277646154165268,0.007130583748221397,-0.09516207687556744,-0.04854072770103812,0.01465313509106636,-0.126700047403574,-0.04571088042575866,0.01582210324704647,-0.15700921416282654,-0.03468264080584049,0.014255218207836151,-0.18417998403310776,-0.030359622091054916,0.03033578023314476,-0.08591132191941142,-0.04980975529178977,0.04309471044689417,-0.1066369079053402,-0.03493913169950247,0.035391283221542835,-0.09879961237311363,-0.006006170064210892,0.0239962050691247,-0.08963301125913858,0.01943499594926834,0.050393784418702126,-0.07185241300612688,-0.045437555527314544,0.056239474564790726,-0.085411436855793,-0.023119382560253143,0.048235620371997356,-0.07917187828570604,0.00014200061559677124,0.038874234072864056,-0.06569802761077881,0.016506455838680267,0.05889086425304413,-0.05670258030295372,-0.031041346490383148,0.06519356742501259,-0.0710381381213665,-0.017799144610762596,0.06190907955169678,-0.06975736748427153,0.0027632229030132294,0.053321514278650284,-0.05987793952226639,0.007704298943281174
0.0,0.0,0.0,-0.003072083927690983,-0.030746320262551308,-0.0013405978679656982,-0.021481291390955448,-0.042046414222568274,-0.013092190027236938,-0.026830578222870827,-0.040023697540163994,-0.030475109815597534,-0.037417953833937645,-0.05403203330934048,-0.0543203242123127,-0.017045123036950827,-0.05605511320754886,-0.04865832533687353,-0.017117559909820557,-0.07240506447851658,-0.06856306083500385,-0.02614966221153736,-0.09548655897378922,-0.07830041833221912,-0.04015013203024864,-0.12339596822857857,-0.0885076429694891,-0.01418594818096608,-0.050803164136596024,-0.05816030858841259,-0.031089065596461296,-0.05719957407563925,-0.05457527353428304,-0.04850710928440094,-0.05440676026046276,-0.03712308779358864,-0.040490152314305305,-0.05155500769615173,-0.010504376143217087,-0.011697453679516912,-0.047426649602130055,-0.06699167378246784,-0.035081371665000916,-0.04404222499579191,-0.04924391862004995,-0.053036876022815704,-0.043433322571218014,-0.02757473662495613,-0.04682094603776932,-0.04551793588325381,-0.010912410914897919,-0.01575842988677323,-0.032187504693865776,-0.06236144853755832,-0.0336211659014225,-0.03218161314725876,-0.05509042926132679,-0.04797126352787018,-0.040801587514579296,-0.03576337732374668,-0.056060947477817535,-0.04149744566529989,-0.02450079470872879
0.0,0.0,0.0,-0.010856418870389462,-0.025046050548553467,-0.00011392682790756226,-0.024442133493721485,-0.038397377356886864,-0.014666326344013214,-0.029734957963228226,-0.03749979333952069,-0.03994091413915157,-0.03922180458903313,-0.04225397342815995,-0.0661668973043561,-0.016465514432638884,-0.05299284681677818,-0.051610236056149006,-0.025055021047592163,-0.06694801338016987,-0.06464161607436836,-0.035016365349292755,-0.08951843529939651,-0.07015049271285534,-0.04393340274691582,-0.12102051079273224,-0.07451498229056597,-0.010782473487779498,-0.04479635879397392,-0.060273327864706516,-0.030765030533075333,-0.04732050886377692,-0.06109918394940905,-0.047374408692121506,-0.04647824168205261,-0.04411025159060955,-0.04100307077169418,-0.04860891215503216,-0.030395273119211197,-0.0042171357199549675,-0.04092289973050356,-0.07056283857673407,-0.02930426597595215,-0.032493000850081444,-0.05705671478062868,-0.04264604672789574,-0.03516802005469799,-0.035613371059298515,-0.03453624248504639,-0.03041534312069416,-0.022919468581676483,-0.009064794052392244,-0.022913161665201187,-0.06576676853001118,-0.02595442160964012,-0.022750651463866234,-0.057812297716736794,-0.032972898334264755,-0.028611429035663605,-0.039213716983795166,-0.031912319362163544,-0.02369430661201477,-0.023883823305368423
0.0,0.0,0.0,-0.009525056928396225,-0.02626991830766201,-0.0037143267691135406,-0.019198257476091385,-0.03908516000956297,-0.019220411777496338,-0.03314794600009918,-0.044915491715073586,-0.049279702827334404,-0.04348960518836975,-0.06021285243332386,-0.07458175998181105,0.01032163668423891,-0.06509566307067871,-0.05020231939852238,-0.007093511521816254,-0.08352483436465263,-0.06403635605238378,-0.013375427573919296,-0.09715301543474197,-0.07285100035369396,-0.028313443064689636,-0.1130647137761116,-0.08050512336194515,0.015164386248216033,-0.05617894744500518,-0.06068943202262744,-0.004474462941288948,-0.06554732471704483,-0.06719147972762585,-0.017808634787797928,-0.052005243487656116,-0.05047411937266588,-0.00890856608748436,-0.04897565674036741,-0.025980394333600998,0.01845657406374812,-0.04052422381937504,-0.0729043073952198,-0.011098215356469154,-0.04317238088697195,-0.0717446943745017,-0.0160016231238842,-0.03072771243751049,-0.04571001045405865,-0.008007768541574478,-0.01942417398095131,-0.02555594965815544,0.009481940418481827,-0.01822856441140175,-0.06431689718738198,-0.010124415159225464,-0.03201628290116787,-0.07229098305106163,-0.011979036033153534,-0.027560798451304436,-0.054133078549057245,-0.007479822263121605,-0.021630434319376945,-0.035874903202056885
0.0,0.0,0.0,-0.012622139416635036,-0.02472219103947282,-0.01774808019399643,-0.02035470400005579,-0.03975311852991581,-0.038909535855054855,-0.038426042534410954,-0.06181085668504238,-0.07028908096253872,-0.04667446482926607,-0.0866902731359005,-0.09531998820602894,-0.011918551754206419,-0.04358384758234024,-0.08447167940903455,-0.03666310850530863,-0.04636731743812561,-0.09037000685930252,-0.04210932273417711,-0.04748724773526192,-0.08594075392466038,-0.04737128410488367,-0.05256698280572891,-0.06772738322615623,-0.006026112241670489,-0.03468549996614456,-0.08752518030814826,-0.0261702137067914,-0.03707233350723982,-0.09692180063575506,-0.037349567748606205,-0.026195356622338295,-0.08227344905026257,-0.015104441903531551,-0.024799445644021034,-0.04718797653913498,0.001695837825536728,-0.02277858927845955,-0.08931564120575786,-0.02684983890503645,-0.018990282900631428,-0.09282124741002917,-0.0314639313146472,-0.007409935817122459,-0.0707635348662734,-0.01848413236439228,0.0007623955607414246,-0.04691276326775551,-0.003083072602748871,-0.006147496402263641,-0.07821441628038883,-0.024013851769268513,-0.004880450665950775,-0.08825408620759845,-0.02541280258446932,-0.001103738322854042,-0.07571487035602331,-0.02165504638105631,0.002267058938741684,-0.06020982377231121
0.0,0.0,0.0,-0.02695449348539114,-0.020465977489948273,-0.012991141527891159,-0.03732513356953859,-0.034527745097875595,-0.027855433523654938,-0.057010321877896786,-0.039133368991315365,-0.06288386043161154,-0.06836242880672216,-0.04719739407300949,-0.08391748461872339,-0.022354512475430965,-0.0579071007668972,-0.06476727733388543,-0.04732004087418318,-0.07887797430157661,-0.071971567478613,-0.05289915483444929,-0.09752903506159782,-0.08366438187658787,-0.06740565877407789,-0.11791326105594635,-0.0914284847676754,-0.010363619192503393,-0.05255006533116102,-0.07182048328104429,-0.03468924108892679,-0.05125162936747074,-0.0824727937579155,-0.044415383599698544,-0.03323571290820837,-0.06971738114953041,-0.027736744843423367,-0.03241077810525894,-0.04529818333685398,0.0005939649417996407,-0.0387394311837852,-0.07859097141772509,-0.02681900095194578,-0.027070779353380203,-0.08298907242715359,-0.027629180811345577,-0.013694711029529572,-0.06089800409972668,-0.013551113661378622,-0.009616445749998093,-0.04016263410449028,0.0043298909440636635,-0.015695666894316673,-0.07263986655743793,-0.017729700542986393,-0.013155367225408554,-0.08237686846405268,-0.02040180005133152,-0.005053166300058365,-0.068774409359321,-0.011686354875564575,-0.003667376935482025,-0.04964536428451538
0.0,0.0,0.0,0.0010863859206438065,0.006885182112455368,-0.021660786122083664,0.008352411910891533,-0.0012956690043210983,-0.03898053243756294,-0.002543717622756958,-0.009016631171107292,-0.07331811962649226,-0.012385174632072449,-0.01926516182720661,-0.09492185339331627,0.014675167854875326,-0.01312519097700715,-0.07608933793380857,0.005126314703375101,-0.010047377087175846,-0.0900327218696475,0.0023850402794778347,-0.010267199948430061,-0.09265437722206116,0.0039550079964101315,-0.008703768253326416,-0.09513580799102783,0.008998176199384034,-0.01842999187647365,-0.07839656982105225,0.0021517518907785416,-0.01932841120287776,-0.09543263167142868,-0.009088234975934029,-0.008583038114011288,-0.0922393323853612,0.0018392577767372131,-0.011089577805250883,-0.08119653211906552,0.00550336018204689,-0.023913065437227488,-0.07931214990094304,-0.00462702289223671,-0.015861818101257086,-0.09305274207144976,-0.00908118486404419,-0.010175822302699089,-0.0871436269953847,-0.008886650204658508,-0.009415699169039726,-0.07921390677802265,-0.002260986715555191,-0.017894494347274303,-0.07540435460396111,-0.016132107004523277,-0.020942769944667816,-0.08457520231604576,-0.018721189349889755,-0.021304410882294178,-0.0851500416174531,-0.01874864287674427,-0.018966348841786385,-0.0826774793677032
0.0,0.0,0.0,0.0,0.0,0.0,0.0,0.0,0.0,0.0,0.0,0.0,0.0,0.0,0.0,0.0,0.0,0.0,0.0,0.0,0.0,0.0,0.0,0.0,0.0,0.0,0.0,0.0,0.0,0.0,0.0,0.0,0.0,0.0,0.0,0.0,0.0,0.0,0.0,0.0,0.0,0.0,0.0,0.0,0.0,0.0,0.0,0.0,0.0,0.0,0.0,0.0,0.0,0.0,0.0,0.0,0.0,0.0,0.0,0.0,0.0,0.0,0.0
0.0,0.0,0.0,0.0,0.0,0.0,0.0,0.0,0.0,0.0,0.0,0.0,0.0,0.0,0.0,0.0,0.0,0.0,0.0,0.0,0.0,0.0,0.0,0.0,0.0,0.0,0.0,0.0,0.0,0.0,0.0,0.0,0.0,0.0,0.0,0.0,0.0,0.0,0.0,0.0,0.0,0.0,0.0,0.0,0.0,0.0,0.0,0.0,0.0,0.0,0.0,0.0,0.0,0.0,0.0,0.0,0.0,0.0,0.0,0.0,0.0,0.0,0.0
0.0,0.0,0.0,0.0,0.0,0.0,0.0,0.0,0.0,0.0,0.0,0.0,0.0,0.0,0.0,0.0,0.0,0.0,0.0,0.0,0.0,0.0,0.0,0.0,0.0,0.0,0.0,0.0,0.0,0.0,0.0,0.0,0.0,0.0,0.0,0.0,0.0,0.0,0.0,0.0,0.0,0.0,0.0,0.0,0.0,0.0,0.0,0.0,0.0,0.0,0.0,0.0,0.0,0.0,0.0,0.0,0.0,0.0,0.0,0.0,0.0,0.0,0.0
0.0,0.0,0.0,0.0,0.0,0.0,0.0,0.0,0.0,0.0,0.0,0.0,0.0,0.0,0.0,0.0,0.0,0.0,0.0,0.0,0.0,0.0,0.0,0.0,0.0,0.0,0.0,0.0,0.0,0.0,0.0,0.0,0.0,0.0,0.0,0.0,0.0,0.0,0.0,0.0,0.0,0.0,0.0,0.0,0.0,0.0,0.0,0.0,0.0,0.0,0.0,0.0,0.0,0.0,0.0,0.0,0.0,0.0,0.0,0.0,0.0,0.0,0.0
0.0,0.0,0.0,-0.014359451830387115,-0.032950274646282196,-0.007993988692760468,-0.003459915518760681,-0.06546084675937891,-0.005019251257181168,0.019503739662468433,-0.09193839505314827,-0.009092170745134354,0.041965482756495476,-0.09848284721374512,-0.018722884356975555,0.008143043145537376,-0.0952905286103487,-0.04973453446291387,0.01587929204106331,-0.12613217532634735,-0.04803388810250908,0.016991615295410156,-0.15564779192209244,-0.036503955721855164,0.015213672071695328,-0.18245386332273483,-0.031520185992121696,0.031179659301415086,-0.08495025243610144,-0.05200108955614269,0.04579642042517662,-0.10542131401598454,-0.03753803111612797,0.038344381377100945,-0.0983832161873579,-0.0095599927008152,0.025843210518360138,-0.08837066497653723,0.016078617423772812,0.050967881456017494,-0.07091028243303299,-0.04800802795216441,0.058936383575201035,-0.08432974759489298,-0.02554169110953808,0.05092787742614746,-0.07725929748266935,-0.002348814159631729,0.04146169498562813,-0.06447048671543598,0.014202412217855453,0.06032560020685196,-0.055498428642749786,-0.033943578600883484,0.0672818124294281,-0.06901001464575529,-0.021298805251717567,0.06494689919054508,-0.06760845892131329,-4.801154136657715e-05,0.055497026070952415,-0.057766420766711235,0.005555983632802963
0.0,0.0,0.0,0.0,0.0,0.0,0.0,0.0,0.0,0.0,0.0,0.0,0.0,0.0,0.0,0.0,0.0,0.0,0.0,0.0,0.0,0.0,0.0,0.0,0.0,0.0,0.0,0.0,0.0,0.0,0.0,0.0,0.0,0.0,0.0,0.0,0.0,0.0,0.0,0.0,0.0,0.0,0.0,0.0,0.0,0.0,0.0,0.0,0.0,0.0,0.0,0.0,0.0,0.0,0.0,0.0,0.0,0.0,0.0,0.0,0.0,0.0,0.0
0.0,0.0,0.0,0.0,0.0,0.0,0.0,0.0,0.0,0.0,0.0,0.0,0.0,0.0,0.0,0.0,0.0,0.0,0.0,0.0,0.0,0.0,0.0,0.0,0.0,0.0,0.0,0.0,0.0,0.0,0.0,0.0,0.0,0.0,0.0,0.0,0.0,0.0,0.0,0.0,0.0,0.0,0.0,0.0,0.0,0.0,0.0,0.0,0.0,0.0,0.0,0.0,0.0,0.0,0.0,0.0,0.0,0.0,0.0,0.0,0.0,0.0,0.0
0.0,0.0,0.0,-0.02132788486778736,-0.01482151448726654,-0.032171886414289474,-0.02399427816271782,-0.03512943536043167,-0.05271194875240326,-0.03282981738448143,-0.049441379494965076,-0.08412534595117904,-0.03825252130627632,-0.06538394466042519,-0.10076238960027695,-0.018835799768567085,-0.052179099060595036,-0.08676579780876637,-0.03467826172709465,-0.04584703128784895,-0.10696456395089626,-0.0355464369058609,-0.0465890197083354,-0.10644295439124107,-0.036417681723833084,-0.04905875027179718,-0.1053219810128212,-0.0018505435436964035,-0.0448552006855607,-0.08404149711714126,-0.017603827640414238,-0.03153946436941624,-0.11006810702383518,-0.02976098656654358,-0.011892827227711678,-0.10147690027952194,-0.021611329168081284,-0.012809587642550468,-0.0714840330183506,0.01326078176498413,-0.0368799208663404,-0.08290704537648708,-0.0057518333196640015,-0.014246080070734024,-0.10109050385653973,-0.013939900323748589,1.17570161819458e-05,-0.08939980762079358,-0.00672080647200346,-0.0023895613849163055,-0.06913917884230614,0.018278084695339203,-0.017078913748264313,-0.07872421527281404,0.005759828723967075,-0.007257770746946335,-0.09222846757620573,-0.001134311780333519,0.004731182008981705,-0.0850552519550547,0.0005641262978315353,0.00501507893204689,-0.07167084235697985
0.0,0.0,0.0,0.0,0.0,0.0,0.0,0.0,0.0,0.0,0.0,0.0,0.0,0.0,0.0,0.0,0.0,0.0,0.0,0.0,0.0,0.0,0.0,0.0,0.0,0.0,0.0,0.0,0.0,0.0,0.0,0.0,0.0,0.0,0.0,0.0,0.0,0.0,0.0,0.0,0.0,0.0,0.0,0.0,0.0,0.0,0.0,0.0,0.0,0.0,0.0,0.0,0.0,0.0,0.0,0.0,0.0,0.0,0.0,0.0,0.0,0.0,0.0
0.0,0.0,0.0,-0.019391324371099472,-0.012860886752605438,-0.037210552021861076,-0.02076215296983719,-0.04059450887143612,-0.055150327272713184,-0.02695642039179802,-0.07064427807927132,-0.07338711898773909,-0.03047993779182434,-0.10463494062423706,-0.0737136211246252,-0.00855899229645729,-0.05108802951872349,-0.07665225211530924,-0.013053130358457565,-0.04897260665893555,-0.10535167902708054,-0.011680502444505692,-0.044958324171602726,-0.11358052864670753,-0.01026075892150402,-0.04668263252824545,-0.1215837262570858,0.010805028956383467,-0.044616393744945526,-0.06523131718859076,0.004942319355905056,-0.0349750779569149,-0.10227395594120026,-0.010399281978607178,-0.017680639401078224,-0.10215738043189049,-0.007114315405488014,-0.01986428163945675,-0.07617081701755524,0.027823958545923233,-0.034153664484620094,-0.06178735848516226,0.016453435644507408,-0.016926106065511703,-0.09413900040090084,0.0032220035791397095,-0.0033806823194026947,-0.08781267888844013,0.010135242715477943,-0.008148394525051117,-0.06408838788047433,0.032157815992832184,-0.019354011863470078,-0.05864967871457338,0.02848919201642275,-0.010595632717013359,-0.08069740235805511,0.014246979728341103,0.0037074312567710876,-0.0814180513843894,0.01817205734550953,0.002567298710346222,-0.06275450019165874
0.0,0.0,0.0,-0.02033825032413006,-0.021056585013866425,-0.033309876918792725,-0.01772320456802845,-0.0422790814191103,-0.05835976731032133,-0.007427135482430458,-0.06676006643101573,-0.08652945049107075,0.009700178168714046,-0.08739413879811764,-0.09911394119262695,-0.007806416600942612,-0.07559886202216148,-0.06814551493152976,-0.008490955457091331,-0.10121863707900047,-0.08644801005721092,-0.005410859361290932,-0.12181100994348526,-0.1001097522675991,-0.003856198862195015,-0.14237871766090393,-0.1253652125597,0.014156639110296965,-0.0667096902616322,-0.059819997288286686,0.009102215990424156,-0.06599951814860106,-0.09608537331223488,-0.007500244304537773,-0.045657502487301826,-0.09396278858184814,-0.00923370011150837,-0.03898005373775959,-0.06659802258946002,0.033698104321956635,-0.052472962997853756,-0.059047891991212964,0.024175184313207865,-0.045588647946715355,-0.0922558642923832,0.008056768216192722,-0.029320888221263885,-0.08465192280709743,0.007315567694604397,-0.02472086250782013,-0.05806578602641821,0.03931191563606262,-0.031402597203850746,-0.05694246059283614,0.036623960360884666,-0.03012799844145775,-0.07745608035475016,0.021219957619905472,-0.017039909958839417,-0.0794799905270338,0.02051393873989582,-0.013678111135959625,-0.054907938465476036
0.0,0.0,0.0,-0.019296104088425636,-0.021912455558776855,-0.03373333998024464,-0.013163691386580467,-0.03818129003047943,-0.0603685996029526,0.004333530552685261,-0.055195970460772514,-0.09053994528949261,0.02883057203143835,-0.0727353875990957,-0.10463322699069977,-0.003946686163544655,-0.0854239696636796,-0.0688208038918674,0.002449696883559227,-0.1120126023888588,-0.08567241206765175,0.008914915844798088,-0.13202068209648132,-0.09582148119807243,0.013372233137488365,-0.15116176009178162,-0.11850736290216446,0.017468272475525737,-0.0787677951157093,-0.061854866333305836,0.010727598331868649,-0.07585728028789163,-0.09776969626545906,-0.007480241358280182,-0.057893408462405205,-0.09183847904205322,-0.007630577310919762,-0.057231045328080654,-0.0624138917773962,0.03488978557288647,-0.06350306887179613,-0.060971411876380444,0.022144838236272335,-0.05601031705737114,-0.0931883156299591,0.005325776524841785,-0.03766272962093353,-0.08591797575354576,0.005755666643381119,-0.035347938537597656,-0.05465642362833023,0.04057297669351101,-0.04220205917954445,-0.057572117540985346,0.03345116600394249,-0.03940781205892563,-0.08052555285394192,0.017498750239610672,-0.023736611008644104,-0.07903637550771236,0.01911075785756111,-0.02056410163640976,-0.04979168064892292
0.0,0.0,0.0,-0.01835085079073906,-0.026159971952438354,-0.03248767554759979,-0.006908401846885681,-0.04497114568948746,-0.057114918949082494,0.011364583857357502,-0.06297144293785095,-0.08388655446469784,0.040686897933483124,-0.07757422933354974,-0.09487339481711388,0.002882208675146103,-0.09573168121278286,-0.05929352901875973,0.016972217708826065,-0.1203480027616024,-0.06889595929533243,0.02840912528336048,-0.13825085759162903,-0.07770912162959576,0.038329001516103745,-0.15673191845417023,-0.09395947679877281,0.02474728226661682,-0.08811066672205925,-0.05082830227911472,0.023963788524270058,-0.08767359331250191,-0.09004712477326393,0.004038577899336815,-0.06584768556058407,-0.08918475732207298,0.0065966881811618805,-0.06570042949169874,-0.05272950581274927,0.043725818395614624,-0.06871611904352903,-0.05114492285065353,0.03652291838079691,-0.06680321972817183,-0.08704185858368874,0.01609248574823141,-0.044070031493902206,-0.0832025296986103,0.01508324220776558,-0.042503539472818375,-0.046485559083521366,0.04726487770676613,-0.04700636491179466,-0.04969786526635289,0.04386417381465435,-0.04529669135808945,-0.07488740049302578,0.027201585471630096,-0.027751319110393524,-0.07673371583223343,0.026618171483278275,-0.02755419909954071,-0.04428004752844572
0.0,0.0,0.0,0.0,0.0,0.0,0.0,0.0,0.0,0.0,0.0,0.0,0.0,0.0,0.0,0.0,0.0,0.0,0.0,0.0,0.0,0.0,0.0,0.0,0.0,0.0,0.0,0.0,0.0,0.0,0.0,0.0,0.0,0.0,0.0,0.0,0.0,0.0,0.0,0.0,0.0,0.0,0.0,0.0,0.0,0.0,0.0,0.0,0.0,0.0,0.0,0.0,0.0,0.0,0.0,0.0,0.0,0.0,0.0,0.0,0.0,0.0,0.0
0.0,0.0,0.0,0.0,0.0,0.0,0.0,0.0,0.0,0.0,0.0,0.0,0.0,0.0,0.0,0.0,0.0,0.0,0.0,0.0,0.0,0.0,0.0,0.0,0.0,0.0,0.0,0.0,0.0,0.0,0.0,0.0,0.0,0.0,0.0,0.0,0.0,0.0,0.0,0.0,0.0,0.0,0.0,0.0,0.0,0.0,0.0,0.0,0.0,0.0,0.0,0.0,0.0,0.0,0.0,0.0,0.0,0.0,0.0,0.0,0.0,0.0,0.0
0.0,0.0,0.0,-0.01395367830991745,-0.033305179327726364,-0.006666123867034912,-0.003673866391181946,-0.06483552977442741,0.00048020482063293457,0.01927211694419384,-0.09096027351915836,0.00014210864901542664,0.03982596192508936,-0.097171226516366,-0.0026622414588928223,0.006756402552127838,-0.0964611079543829,-0.04266898440255318,0.015763230621814728,-0.12870357930660248,-0.04185904678888619,0.01708933338522911,-0.15694896131753922,-0.02935190685093403,0.017623096704483032,-0.18245694041252136,-0.02433539740741253,0.02957954676821828,-0.08655475685372949,-0.045349754160270095,0.046250104904174805,-0.10514110513031483,-0.031082329340279102,0.038244455587118864,-0.09718737751245499,-0.002262379974126816,0.025416226126253605,-0.0858056042343378,0.024072684347629547,0.05000552535057068,-0.07219114527106285,-0.04233433320769109,0.05869145691394806,-0.08352837897837162,-0.018604695796966553,0.05007241852581501,-0.07635217206552625,0.0045353323221206665,0.04098361823707819,-0.06378021836280823,0.02000078558921814,0.060725390911102295,-0.055730368942022324,-0.02930395770817995,0.0672658160328865,-0.0688808374106884,-0.016339199617505074,0.06537308543920517,-0.06704633869230747,0.0053573474287986755,0.05488644726574421,-0.0565260611474514,0.010000322014093399
0.0,0.0,0.0,0.0,0.0,0.0,0.0,0.0,0.0,0.0,0.0,0.0,0.0,0.0,0.0,0.0,0.0,0.0,0.0,0.0,0.0,0.0,0.0,0.0,0.0,0.0,0.0,0.0,0.0,0.0,0.0,0.0,0.0,0.0,0.0,0.0,0.0,0.0,0.0,0.0,0.0,0.0,0.0,0.0,0.0,0.0,0.0,0.0,0.0,0.0,0.0,0.0,0.0,0.0,0.0,0.0,0.0,0.0,0.0,0.0,0.0,0.0,0.0
0.0,0.0,0.0,-0.01393929123878479,-0.03214524686336517,-0.024657297879457474,-0.008899800479412079,-0.04881075397133827,-0.05077493190765381,0.0023337267339229584,-0.06401044502854347,-0.08511522226035595,0.026483910158276558,-0.0664194356650114,-0.11061393097043037,0.023961126804351807,-0.08688646927475929,-0.06152789806947112,0.045497629791498184,-0.10683342069387436,-0.07068915572017431,0.0673078540712595,-0.12220357730984688,-0.08246669359505177,0.08554446697235107,-0.1352168694138527,-0.098760936409235,0.04516567615792155,-0.0751945935189724,-0.06331279571168125,0.03144357167184353,-0.07122665923088789,-0.09909209609031677,0.007611654698848724,-0.055636883713304996,-0.10224977508187294,0.014413824304938316,-0.049570586532354355,-0.07177337864413857,0.05691620334982872,-0.0501189399510622,-0.06850115698762238,0.033990432508289814,-0.05063437297940254,-0.09593130089342594,0.014625057578086853,-0.033927351236343384,-0.08426209911704063,0.02133120410144329,-0.033086154609918594,-0.05651163309812546,0.05439383164048195,-0.029621686786413193,-0.06977756065316498,0.03819700796157122,-0.0275743268430233,-0.08382738940417767,0.018949439749121666,-0.01952458918094635,-0.0766266705468297,0.02734515443444252,-0.021738991141319275,-0.051294474862515926
0.0,0.0,0.0,-0.010957427322864532,-0.03398176655173302,-0.013919692486524582,-0.008960217237472534,-0.05186286382377148,-0.038382528349757195,-0.00023883581161499023,-0.06616521067917347,-0.07550056278705597,0.023316262289881706,-0.06624720711261034,-0.1070854440331459,0.026584438979625702,-0.08653840981423855,-0.05451123230159283,0.048365683294832706,-0.10789806768298149,-0.06285669753560796,0.07081403769552708,-0.12015378475189209,-0.07706543523818254,0.0875740796327591,-0.13574505597352982,-0.0934735145419836,0.04659914458170533,-0.07171504106372595,-0.06055132229812443,0.029919234104454517,-0.07174581661820412,-0.09041393361985683,0.005418997257947922,-0.06383372843265533,-0.0905007179826498,0.012983366847038269,-0.05286377388983965,-0.06843072967603803,0.05629976000636816,-0.04544970951974392,-0.07010902836918831,0.025424206629395485,-0.05015818774700165,-0.08812016807496548,0.009903360158205032,-0.037594832479953766,-0.0719217462465167,0.019592806696891785,-0.031706102192401886,-0.04818146210163832,0.05161280790343881,-0.02696164697408676,-0.07304367795586586,0.03007375169545412,-0.027296748012304306,-0.08604994416236877,0.01251482218503952,-0.02252592146396637,-0.0716518983244896,0.02307027578353882,-0.02192484214901924,-0.0460807029157877
0.0,0.0,0.0,-0.009103897958993912,-0.025714579969644547,-0.018414612859487534,-0.006731603294610977,-0.03979896882083267,-0.03712953440845013,-0.010048385709524155,-0.04880271852016449,-0.07133389916270971,0.00035403668880462646,-0.05908706411719322,-0.09322380647063255,0.027021399699151516,-0.0633599553257227,-0.06216447288170457,0.03926318697631359,-0.08375876769423485,-0.07244839332997799,0.05359187349677086,-0.10072438791394234,-0.07507005240768194,0.06210549734532833,-0.11807772517204285,-0.08834751695394516,0.03751829080283642,-0.0481999134644866,-0.06542204011930153,0.02269410341978073,-0.05757572129368782,-0.0916783083230257,0.0002775639295578003,-0.05666231457144022,-0.08366341702640057,-0.0018395371735095978,-0.05246873386204243,-0.06950725405476987,0.041413618717342615,-0.029407810419797897,-0.07082881359383464,0.014933615922927856,-0.03417620901018381,-0.08880538865923882,3.202259540557861e-05,-0.028938839212059975,-0.07499182131141424,-0.004504404962062836,-0.02148190140724182,-0.0529366098344326,0.031446415930986404,-0.01099349558353424,-0.06769317458383739,0.01755507104098797,-0.018130293115973473,-0.08054427430033684,0.006634829565882683,-0.01814376935362816,-0.07285365974530578,0.00511946901679039,-0.006771061569452286,-0.05165808089077473
0.0,0.0,0.0,-0.009219974279403687,-0.0263896556571126,-0.015576999634504318,-0.008080288767814636,-0.03668936784379184,-0.031455881893634796,-0.014195393770933151,-0.04612863343209028,-0.06669846747536212,-0.014351554214954376,-0.05515742488205433,-0.0921646561473608,0.021289680153131485,-0.057254405692219734,-0.06150532281026244,0.029612672049552202,-0.07838623598217964,-0.07224182970821857,0.04201379977166653,-0.0964713916182518,-0.07359695574268699,0.04668547213077545,-0.11462873220443726,-0.08592939749360085,0.02916951267980039,-0.040856638457626104,-0.06689084257232025,0.017737108282744884,-0.05089041404426098,-0.08386464603245258,0.0010234899818897247,-0.0517638698220253,-0.07198491087183356,0.006370626389980316,-0.04606702830642462,-0.04667258635163307,0.030966974794864655,-0.021034155040979385,-0.0733585748821497,0.004558831453323364,-0.028493890073150396,-0.08317824639379978,-0.010213594883680344,-0.024943316355347633,-0.06226453697308898,-0.009958192706108093,-0.016840148717164993,-0.033917136490345,0.021689049899578094,-0.0027781911194324493,-0.07216901564970613,0.0035552270710468292,-0.014688733965158463,-0.07738749124109745,-0.006089400500059128,-0.01626867614686489,-0.0627521425485611,-0.004406021907925606,-0.006180435419082642,-0.043059615418314934
0.0,0.0,0.0,-0.009093277156352997,-0.026655135676264763,-0.0060460008680820465,-0.0046897269785404205,-0.04228289611637592,-0.024210065603256226,-0.009425591677427292,-0.05431632697582245,-0.05720298830419779,-0.008166082203388214,-0.07125969603657722,-0.08480620570480824,0.03303101100027561,-0.06494763866066933,-0.04838647227734327,0.037339760921895504,-0.08855515345931053,-0.06387710105627775,0.040354570373892784,-0.10893473029136658,-0.07256859540939331,0.0462224967777729,-0.13487067073583603,-0.08710751682519913,0.035986988339573145,-0.05220332695171237,-0.060880583128891885,0.01967402547597885,-0.06563769280910492,-0.0719546377658844,-0.00020311027765274048,-0.05780981853604317,-0.05097303260117769,0.008150270208716393,-0.046664013527333736,-0.023388948291540146,0.031563041964545846,-0.03753857687115669,-0.07248450256884098,0.006792381405830383,-0.04453877080231905,-0.07631460390985012,-0.009632851928472519,-0.03710700199007988,-0.053132982924580574,-0.004088640213012695,-0.02497061900794506,-0.025515656918287277,0.017718752846121788,-0.016894761472940445,-0.06945913517847657,0.0009753275662660599,-0.03258152958005667,-0.07571294903755188,-0.0062101371586322784,-0.030002575367689133,-0.05933346343226731,-0.003586001694202423,-0.02016625925898552,-0.03412867337465286
0.0,0.0,0.0,0.0009673498570919037,-0.0333362128585577,0.00015015527606010437,0.00060218945145607,-0.057179118506610394,-0.01618563011288643,-0.009237468242645264,-0.07485707476735115,-0.04218085762113333,-0.020809296518564224,-0.08682805113494396,-0.06996847223490477,0.030883760191500187,-0.0781008843332529,-0.04220730345696211,0.029910271987318993,-0.10285773500800133,-0.057788436650298536,0.030409548431634903,-0.12408841401338577,-0.060567174572497606,0.03432345762848854,-0.15070246905088425,-0.07457290217280388,0.030502805020660162,-0.06580313248559833,-0.054060690104961395,0.00642792321741581,-0.08109905011951923,-0.06253728037700057,-0.008154164999723434,-0.07855793088674545,-0.03787310793995857,-5.552172660827637e-05,-0.06919900327920914,-0.024200696498155594,0.023871138924732804,-0.05175305716693401,-0.06713492050766945,-0.00471830740571022,-0.062231190502643585,-0.05725139530841261,-0.01462521031498909,-0.05988091602921486,-0.036091962829232216,-0.0008272081613540649,-0.05087691079825163,-0.01899559050798416,0.0068231504410505295,-0.03441263176500797,-0.0649188719689846,-0.010800745338201523,-0.04828903637826443,-0.061318730004131794,-0.013621915131807327,-0.04764686804264784,-0.03828202560544014,-0.007799703627824783,-0.04170561768114567,-0.0199294351041317
0.0,0.0,0.0,0.004959288984537125,-0.03381115384399891,-0.0007955804467201233,-0.001261684112250805,-0.06207139557227492,-0.016271177679300308,-0.015024105086922646,-0.07739870995283127,-0.04439421743154526,-0.03328339569270611,-0.08204062655568123,-0.06931754248216748,0.0229133116081357,-0.07483721431344748,-0.05419138539582491,0.014192068949341774,-0.10056843981146812,-0.06945820758119226,0.008278146386146545,-0.12449097633361816,-0.07134021632373333,0.007461512461304665,-0.15390419214963913,-0.09303339570760727,0.016144454944878817,-0.06340911868028343,-0.06431533733848482,-0.01086459681391716,-0.08125535771250725,-0.06815310893580317,-0.02401658706367016,-0.07979059219360352,-0.0384187176823616,-0.013147985562682152,-0.07184065785259008,-0.0180458202958107,0.0069451648741960526,-0.05180668365210295,-0.07257914543151855,-0.020310798659920692,-0.0640473049134016,-0.061170783592388034,-0.028563840314745903,-0.062327612191438675,-0.032594744116067886,-0.013406747952103615,-0.05788556672632694,-0.016782943159341812,-0.01196281798183918,-0.036147590726614,-0.06768404017202556,-0.028258567675948143,-0.050419386476278305,-0.060840007150545716,-0.028003143146634102,-0.050491263158619404,-0.033972203731536865,-0.02392338402569294,-0.046982853673398495,-0.01805109903216362
0.0,0.0,0.0,0.007197991944849491,-0.03285592421889305,-0.0005164928734302521,-0.0006034490652382374,-0.06149375904351473,-0.012611251324415207,-0.015386534854769707,-0.0750406626611948,-0.038810981437563896,-0.03027799353003502,-0.07586733438074589,-0.06082210293971002,0.01777203008532524,-0.07210861053317785,-0.051383690908551216,0.011321240104734898,-0.09904560074210167,-0.06299659016076475,0.003716772422194481,-0.12363637611269951,-0.06205781880998984,-0.0007493942975997925,-0.15223217383027077,-0.08142765797674656,0.010268335230648518,-0.06238928949460387,-0.061034262587781996,-0.010973911732435226,-0.08044451847672462,-0.06277305260300636,-0.023810960352420807,-0.07923131436109543,-0.036214156076312065,-0.013690508902072906,-0.07261482253670692,-0.014492213726043701,7.43325799703598e-05,-0.0521158161573112,-0.06825967784970999,-0.022682268172502518,-0.06487913336604834,-0.05637488514184952,-0.02473529800772667,-0.06111038662493229,-0.028614331036806107,-0.009115967899560928,-0.05761004565283656,-0.011801235377788544,-0.01759679988026619,-0.03866625018417835,-0.06274456984829158,-0.029380563646554947,-0.05064551904797554,-0.05442780675366521,-0.025942251086235046,-0.05048116855323315,-0.027674216777086258,-0.020023517310619354,-0.04582673031836748,-0.013461057096719742
0.0,0.0,0.0,0.005618494004011154,-0.03454742953181267,-0.0035540349781513214,-0.006717780372127891,-0.06268937513232231,-0.015237294137477875,-0.025667298585176468,-0.0751287117600441,-0.03912117891013622,-0.04056167975068092,-0.07390802260488272,-0.06422196446510497,0.008165925741195679,-0.07390103861689568,-0.05614182539284229,-0.0005809878930449486,-0.10160966217517853,-0.06519383884733543,-0.010748296976089478,-0.12556210532784462,-0.062087791273370385,-0.019786344841122627,-0.1500159464776516,-0.07109609292820096,-0.0011649706866592169,-0.06449329340830445,-0.06503768294351175,-0.024080082774162292,-0.08245644345879555,-0.06497214804403484,-0.035185307264328,-0.0778198353946209,-0.04044543020427227,-0.022909238934516907,-0.07247110083699226,-0.01947559043765068,-0.01139808353036642,-0.051455109380185604,-0.07048044772818685,-0.03757413476705551,-0.06623533321544528,-0.05910294968634844,-0.03695204108953476,-0.06155749503523111,-0.0323093980550766,-0.02142367884516716,-0.05776873882859945,-0.016598228365182877,-0.029145121574401855,-0.037560561671853065,-0.06428038605372421,-0.04157884046435356,-0.0504936883226037,-0.05445551685988903,-0.037585847079753876,-0.049296656623482704,-0.028464991599321365,-0.030856125056743622,-0.043307844549417496,-0.019540291279554367
0.0,0.0,0.0,-0.014354348182678223,-0.03319883719086647,-0.006620675325393677,-0.004188515245914459,-0.06490328162908554,0.00038800016045570374,0.018712068907916546,-0.09131778497248888,0.0005794800817966461,0.039249715860933065,-0.0976534690707922,-0.002074889838695526,0.006180567666888237,-0.09686295501887798,-0.04244769882643595,0.015402501448988914,-0.12917104363441467,-0.041729555261554196,0.01684661954641342,-0.15748844295740128,-0.029324780218303204,0.01738399639725685,-0.18300888687372208,-0.024641066789627075,0.02931605651974678,-0.08693669317290187,-0.044997622491791844,0.04599684663116932,-0.10560262575745583,-0.03064891602844,0.037931240163743496,-0.09738537296652794,-0.0017817355692386627,0.024849947541952133,-0.08589304238557816,0.024410385638475418,0.049945274367928505,-0.07256610412150621,-0.041901452699676156,0.05870051681995392,-0.08398155868053436,-0.018248433247208595,0.04989045858383179,-0.07654305314645171,0.00487285852432251,0.04044320993125439,-0.06384728476405144,0.02021464705467224,0.06068500503897667,-0.05600236542522907,-0.028785395435988903,0.06738268211483955,-0.06913783494383097,-0.015973778441548347,0.06533683836460114,-0.06734307948499918,0.005452074110507965,0.054699549451470375,-0.05666563659906387,0.01028263196349144
0.0,0.0,0.0,0.0038150781765580177,-0.03232356160879135,0.00021205469965934753,-0.015098478179425001,-0.055821258341893554,-0.01271665096282959,-0.03416005056351423,-0.06340764230117202,-0.03408502973616123,-0.05227569583803415,-0.06618998339399695,-0.059183724923059344,-0.0019257236272096634,-0.07210650388151407,-0.05339858867228031,-0.013235130812972784,-0.09761350974440575,-0.06216495000990108,-0.025063760578632355,-0.1218588761985302,-0.05629277974367142,-0.037102521397173405,-0.14715207740664482,-0.06480516423471272,-0.009049226064234972,-0.06259260349906981,-0.062466969480738044,-0.03181134629994631,-0.07551349699497223,-0.057898815954104066,-0.042437692172825336,-0.0706576555967331,-0.0326304342597723,-0.03058332297950983,-0.06241037207655609,-0.01000816747546196,-0.01767583331093192,-0.05085168965160847,-0.06742171384394169,-0.044322376139461994,-0.05963000236079097,-0.050847251899540424,-0.044249565340578556,-0.05228921631351113,-0.023299772292375565,-0.030105487443506718,-0.04944159649312496,-0.009549587965011597,-0.03306989464908838,-0.03548639267683029,-0.05947050265967846,-0.04469167906790972,-0.04275927506387234,-0.050051137804985046,-0.04172488022595644,-0.03920074924826622,-0.02267531305551529,-0.03645849321037531,-0.03425903059542179,-0.013171952217817307
0.0,0.0,0.0,0.0010279640555381775,-0.03290913067758083,0.0005529187619686127,-0.018314416287466884,-0.05368773639202118,-0.008621331304311752,-0.04149319604039192,-0.060057845432311296,-0.02970423363149166,-0.059580642729997635,-0.06203904747962952,-0.05127524398267269,-0.009716451168060303,-0.0725773386657238,-0.05071372352540493,-0.020124315284192562,-0.09536883607506752,-0.05854460579575971,-0.03267015516757965,-0.11915336549282074,-0.05117086227983236,-0.04629851505160332,-0.1415654458105564,-0.05735331820324063,-0.015519368695095181,-0.06300542620010674,-0.059712075264542364,-0.03945689648389816,-0.07532515376806259,-0.055149678606539965,-0.05038585513830185,-0.06942631024867296,-0.03143210895359516,-0.037330854684114456,-0.06208372884429991,-0.008601255714893341,-0.02299373922869563,-0.0514177642762661,-0.06629339419305325,-0.05042092502117157,-0.05971822841092944,-0.0501480707898736,-0.05108494684100151,-0.049911233596503735,-0.02414824068546295,-0.038394827395677567,-0.046809119172394276,-0.009977668523788452,-0.03637170419096947,-0.034795114770531654,-0.06000735383713618,-0.051085781306028366,-0.04086008481681347,-0.05107269901782274,-0.04948209971189499,-0.036661431193351746,-0.024705491960048676,-0.04407033883035183,-0.03315673768520355,-0.011983390897512436
0.0,0.0,0.0,-0.0051657818257808685,-0.03375555947422981,0.003308907151222229,-0.023452719673514366,-0.05672773439437151,-0.0021622441709041595,-0.04690815880894661,-0.06809960631653666,-0.01972174644470215,-0.0673694796860218,-0.07235793909057975,-0.03806836809962988,-0.013053215108811855,-0.08202347904443741,-0.04042267054319382,-0.027734805829823017,-0.1005551926791668,-0.044583375565707684,-0.04004693403840065,-0.11929795145988464,-0.037280818447470665,-0.05293329805135727,-0.14346660673618317,-0.042983440682291985,-0.01785666961222887,-0.07228676974773407,-0.0517354536568746,-0.04422057792544365,-0.08003121055662632,-0.0487397275865078,-0.05452081188559532,-0.0715285416226834,-0.024990539997816086,-0.038107819855213165,-0.06985463760793209,-0.005163371562957764,-0.024531764909625053,-0.058980890549719334,-0.06175663787871599,-0.050982147455215454,-0.060197567101567984,-0.048745902720838785,-0.05410374328494072,-0.05220089387148619,-0.021889597177505493,-0.04007968120276928,-0.054773204028606415,-0.0062565915286540985,-0.03594069369137287,-0.04074849933385849,-0.06169655919075012,-0.05279117822647095,-0.044158078730106354,-0.05279178001364926,-0.053719136863946915,-0.03795778006315231,-0.027653127908706665,-0.046869413927197456,-0.03665821999311447,-0.014650970697402954
0.0,0.0,0.0,-0.008256418630480766,-0.032298654317855835,0.005062241107225418,-0.022585629019886255,-0.057268356904387474,-0.0028211474418640137,-0.045224946923553944,-0.07093129493296146,-0.01939890906214714,-0.0639973497018218,-0.07481432519853115,-0.04455698234960437,-0.01183113339357078,-0.0886406097561121,-0.03460120130330324,-0.028332960791885853,-0.10517340525984764,-0.042392848525196314,-0.0407410217449069,-0.12289971485733986,-0.037721045315265656,-0.05664468463510275,-0.14662272483110428,-0.04709581192582846,-0.01401451078709215,-0.07861304888501763,-0.0481890233932063,-0.04005103837698698,-0.08559847809374332,-0.048756887088529766,-0.05076625104993582,-0.07483084732666612,-0.026786545291543007,-0.0362316993996501,-0.07105244090780616,-0.01008913666009903,-0.02044661669060588,-0.06568390736356378,-0.06112015154212713,-0.04602214228361845,-0.06311379000544548,-0.049606692817178555,-0.0510477302595973,-0.05282184109091759,-0.02605098858475685,-0.03624003101140261,-0.05320795439183712,-0.011402323842048645,-0.031139538623392582,-0.04505610838532448,-0.06070519611239433,-0.04850609879940748,-0.04430147260427475,-0.05524755548685789,-0.05046916659921408,-0.03840714693069458,-0.032071150839328766,-0.04273954499512911,-0.0358542837202549,-0.015586037188768387
0.0,0.0,0.0,-0.01614050380885601,-0.02600177749991417,0.004090271890163422,-0.0283120796084404,-0.04847180098295212,-0.005267508327960968,-0.048857325688004494,-0.06496850028634071,-0.026297563686966896,-0.06608437560498714,-0.07379156909883022,-0.050862162199337035,-0.01320882560685277,-0.09204402938485146,-0.032701361924409866,-0.034910617396235466,-0.10456894524395466,-0.044844504445791245,-0.049943992868065834,-0.11884190514683723,-0.04493330558761954,-0.06386652402579784,-0.14362184703350067,-0.05662706634029746,-0.010581507813185453,-0.08086644019931555,-0.04756922950036824,-0.044155655428767204,-0.08677277155220509,-0.04875811468809843,-0.05337775684893131,-0.07216810900717974,-0.026391860097646713,-0.03463047556579113,-0.06726410053670406,-0.009648971259593964,-0.013764670002274215,-0.06709460634738207,-0.0657740868628025,-0.046599237248301506,-0.0594517458230257,-0.05577760515734553,-0.05360542796552181,-0.04597901552915573,-0.033434562385082245,-0.03307228907942772,-0.04318927228450775,-0.01358027383685112,-0.02299805823713541,-0.04405999556183815,-0.06887300685048103,-0.04741867445409298,-0.04416634142398834,-0.06534470338374376,-0.05003204755485058,-0.03865876793861389,-0.042620216496288776,-0.039040332660079,-0.03293422982096672,-0.021661890670657158
0.0,0.0,0.0,-0.018005523830652237,-0.027450107038021088,-0.002228669822216034,-0.028441675007343292,-0.04918821528553963,-0.014339223504066467,-0.045859817415475845,-0.06618228554725647,-0.045979660004377365,-0.05475371330976486,-0.07866581901907921,-0.0739023145288229,-0.007388444151729345,-0.09328345209360123,-0.036563752219080925,-0.031030485406517982,-0.10776671580970287,-0.05199291626922786,-0.0448337160050869,-0.1248035877943039,-0.05705620930530131,-0.05979996547102928,-0.13967237621545792,-0.07092588022351265,0.00012281304225325584,-0.08341011172160506,-0.05182382953353226,-0.029631493613123894,-0.08977203816175461,-0.06094431038945913,-0.03991875424981117,-0.06966798193752766,-0.04445995204150677,-0.02212841995060444,-0.05937409959733486,-0.02449265494942665,0.0027156006544828415,-0.06830495689064264,-0.06855680514127016,-0.03216763213276863,-0.061605620197951794,-0.0666961744427681,-0.03797612711787224,-0.044308118522167206,-0.05008158786222339,-0.020124953240156174,-0.037249770015478134,-0.027931328862905502,-0.004375498741865158,-0.04580514319241047,-0.07325888611376286,-0.03209599852561951,-0.04612386412918568,-0.07459095865488052,-0.03399856016039848,-0.03561560437083244,-0.05474932916695252,-0.024108735844492912,-0.03084395080804825,-0.036221472546458244
0.0,0.0,0.0,-0.023333581164479256,-0.02607737109065056,-0.0073208920657634735,-0.03264831565320492,-0.04666956514120102,-0.021602477878332138,-0.050528617575764656,-0.06079099141061306,-0.05112229473888874,-0.05605637840926647,-0.07727101631462574,-0.07569584622979164,-0.016814399510622025,-0.08492312021553516,-0.04408423230051994,-0.03642776422202587,-0.10231107100844383,-0.05884619848802686,-0.046159474179148674,-0.11975737661123276,-0.06821281556040049,-0.05974024720489979,-0.13185431063175201,-0.0881306454539299,-0.0051105269230902195,-0.07686053588986397,-0.057546377182006836,-0.029096059501171112,-0.0833526412025094,-0.07028418593108654,-0.04362032003700733,-0.06619003973901272,-0.059376455701567465,-0.030217332765460014,-0.059301246888935566,-0.03733460605144501,0.004676268436014652,-0.06311864126473665,-0.06987631134688854,-0.02719036675989628,-0.05321236699819565,-0.0757308267056942,-0.03190463222563267,-0.03759632632136345,-0.05552087305113673,-0.01643865741789341,-0.03218741714954376,-0.033366549760103226,0.0008633546531200409,-0.040618155151605606,-0.07387889642268419,-0.023218262940645218,-0.039361560717225075,-0.07918095774948597,-0.026126064360141754,-0.028744596987962723,-0.06121350999455899,-0.016212658025324345,-0.023645710200071335,-0.042061926797032356
0.0,0.0,0.0,-0.023259654641151428,-0.020948193967342377,-0.007163833826780319,-0.02975405380129814,-0.04154287651181221,-0.023002173751592636,-0.035400863736867905,-0.060677483677864075,-0.054033426684327424,-0.03413461893796921,-0.07793397922068834,-0.0765352938324213,-0.014800326898694038,-0.078474011272192,-0.04408349096775055,-0.025098711252212524,-0.09962760284543037,-0.05655038938857615,-0.03346665948629379,-0.11643227189779282,-0.06319663021713495,-0.04565422981977463,-0.13543687015771866,-0.0767981056123972,2.592243254184723e-05,-0.07131371553987265,-0.052763805259019136,-0.018363451585173607,-0.08351464010775089,-0.0720287449657917,-0.036847129464149475,-0.06322818621993065,-0.06073252251371741,-0.028918730095028877,-0.04880150407552719,-0.03909550979733467,0.01253440324217081,-0.05929414462298155,-0.06440949160605669,-0.014154988341033459,-0.05261440947651863,-0.07802211120724678,-0.024189269170165062,-0.03927519544959068,-0.05890370230190456,-0.014540845528244972,-0.023572884500026703,-0.03479306399822235,0.01200121734291315,-0.03809628263115883,-0.06698436290025711,-0.007642769254744053,-0.039624184370040894,-0.07623382098972797,-0.012021126225590706,-0.030985943973064423,-0.0643548658117652,-0.005628127604722977,-0.01983964815735817,-0.043577310629189014
0.0,0.0,0.0,-0.009435202926397324,-0.024473742581903934,-0.029920116066932678,-0.006339266896247864,-0.044021190609782934,-0.04863463342189789,-0.01700582355260849,-0.07235120236873627,-0.06951935449615121,-0.015661321580410004,-0.10033906996250153,-0.08170647453516722,0.019059650599956512,-0.054375819861888885,-0.07734360615722835,-0.001711823046207428,-0.05683448165655136,-0.10040566325187683,-0.009101681411266327,-0.05125017836689949,-0.09300868399441242,-0.005662698298692703,-0.04428794467821717,-0.0716705727390945,0.03070874942932278,-0.04327803524211049,-0.07357149804010987,0.016853312961757183,-0.04390630545094609,-0.10456811264157295,-0.00735430046916008,-0.034996042028069496,-0.09886585175991058,0.009892106056213379,-0.027557852678000927,-0.06822670670226216,0.039333014748990536,-0.028489896096289158,-0.07345592509955168,0.013513777405023575,-0.027041745372116566,-0.0974071342498064,-0.0008676722645759583,-0.024431930854916573,-0.0927757229655981,0.01066814549267292,-0.016872547566890717,-0.06660138722509146,0.03356368560343981,-0.014271069318056107,-0.07028120197355747,0.01989955734461546,-0.016027236357331276,-0.08899990189820528,0.008391756564378738,-0.01238131895661354,-0.09166576154530048,0.008868897333741188,-0.012329412624239922,-0.08769754786044359
0.0,0.0,0.0,-0.013299236074090004,-0.023160772398114204,-0.027840979397296906,-0.013731779530644417,-0.048066338524222374,-0.03706841915845871,-0.021979765966534615,-0.07930789142847061,-0.05815686797723174,-0.020162655040621758,-0.11091721057891846,-0.06426247966010123,0.010390440002083778,-0.06600207462906837,-0.0642769968835637,-0.007345503196120262,-0.06445294246077538,-0.08600223064422607,-0.009918445721268654,-0.057961936108767986,-0.07750974129885435,-0.002797996625304222,-0.049652211368083954,-0.05179587937891483,0.025791217340156436,-0.05222994554787874,-0.06367525947280228,0.015144739300012589,-0.052106217946857214,-0.09289535880088806,-0.005179429426789284,-0.03948071412742138,-0.08914936147630215,0.01595450285822153,-0.029779525473713875,-0.05489116255193949,0.040383570827543736,-0.03646026272326708,-0.06677340582245961,0.015354965813457966,-0.03447987139225006,-0.09015604294836521,0.0026109404861927032,-0.02417941763997078,-0.08185544982552528,0.01607876643538475,-0.01735827326774597,-0.05999842192977667,0.04006936959922314,-0.018258564174175262,-0.06809535552747548,0.024313685949891806,-0.020755885168910027,-0.08520311862230301,0.013642311096191406,-0.013633064925670624,-0.08214939758181572,0.016568348743021488,-0.00800962746143341,-0.07260401640087366
0.0,0.0,0.0,-0.0139693021774292,-0.03376999869942665,-0.006682172417640686,-0.0030696168541908264,-0.06419687718153,-0.0012369155883789062,0.019247224554419518,-0.09089102130383253,-0.002230066806077957,0.04092046990990639,-0.09603199921548367,-0.006637196987867355,0.0069540683180093765,-0.0957407420501113,-0.04407066667045001,0.016279753297567368,-0.1271732598543167,-0.0426545717054978,0.01781303994357586,-0.15560242533683777,-0.030240608379244804,0.01674378290772438,-0.18058452010154724,-0.023778777569532394,0.030349999899044633,-0.08550965553149581,-0.04793096473440528,0.0461658351123333,-0.10513250902295113,-0.03213666845113039,0.039309470914304256,-0.09739402681589127,-0.0034455545246601105,0.025463703088462353,-0.08715458633378148,0.021891556680202484,0.050008730962872505,-0.07195599377155304,-0.04395440229563974,0.059274736791849136,-0.08384142816066742,-0.020828230306506157,0.050918249413371086,-0.07698983419686556,0.0028370805084705353,0.04214812070131302,-0.06452267058193684,0.018533512949943542,0.060831403359770775,-0.05545343644917011,-0.03104381449520588,0.0676218830049038,-0.06890499405562878,-0.01754649169743061,0.06538261100649834,-0.06670960877090693,0.004331175237894058,0.055580053478479385,-0.05721208453178406,0.009213533252477646
0.0,0.0,0.0,-0.01255335658788681,-0.02139400690793991,-0.03282864764332771,-0.011630669236183167,-0.044225068762898445,-0.0449656005948782,-0.015932943671941757,-0.07367787510156631,-0.0662719695828855,-0.013762075453996658,-0.1077011227607727,-0.07103205844759941,0.010983915999531746,-0.05359983816742897,-0.07399631082080305,-0.003782752901315689,-0.05111357569694519,-0.09424653090536594,-0.005848832428455353,-0.046313743107020855,-0.08652500435709953,0.0004489123821258545,-0.04380408301949501,-0.06462578009814024,0.025809091399423778,-0.04033273970708251,-0.07137613743543625,0.019784364849328995,-0.03730432270094752,-0.10001930221915245,-0.001736477017402649,-0.025908243842422962,-0.09706252627074718,0.013589615933597088,-0.023271464742720127,-0.06416281964629889,0.03962738998234272,-0.025282063521444798,-0.07157361059216782,0.020384572446346283,-0.018495915457606316,-0.09518633037805557,0.00530397891998291,-0.01083812490105629,-0.08643899578601122,0.015276635065674782,-0.008720899000763893,-0.062394989654421806,0.041571738198399544,-0.006617942824959755,-0.06975107383914292,0.029427493922412395,-0.0028321705758571625,-0.08677309937775135,0.016856634989380836,0.0035130493342876434,-0.08374935947358608,0.016969991847872734,0.0033851340413093567,-0.07366672088392079
0.0,0.0,0.0,-0.014931924641132355,-0.023412827402353287,-0.031064268201589584,-0.013467192649841309,-0.05231532547622919,-0.046563489362597466,-0.015039339661598206,-0.0839778408408165,-0.07017489173449576,-0.01072164997458458,-0.11957203596830368,-0.0780211566016078,0.00541774183511734,-0.06354567781090736,-0.07578279881272465,-0.00938488356769085,-0.06545283645391464,-0.09582885168492794,-0.010410785675048828,-0.057125779800117016,-0.08626009989529848,-0.00086241215467453,-0.05374641064554453,-0.06168085988610983,0.020501074846833944,-0.05100877350196242,-0.07310964283533394,0.013442995958030224,-0.05124002927914262,-0.10172617621719837,-0.0029915347695350647,-0.03777218284085393,-0.09886539913713932,0.013925584964454174,-0.03218007925897837,-0.06975754396989942,0.03399232309311628,-0.0363937309011817,-0.07305155671201646,0.01533549651503563,-0.03285014908760786,-0.09663136303424835,0.0022698305547237396,-0.023295901715755463,-0.089810436591506,0.01620282046496868,-0.01658269390463829,-0.06512882001698017,0.0342643428593874,-0.019125914201140404,-0.07126574916765094,0.024634602013975382,-0.019421881064772606,-0.09012094885110855,0.01180886011570692,-0.009722676128149033,-0.08819310646504164,0.015133548527956009,-0.007267586886882782,-0.07522445649374276
0.0,0.0,0.0,-0.008408281952142715,-0.02296376135200262,-0.03099219501018524,-0.0008640177547931671,-0.04962786193937063,-0.04280400648713112,0.001661345362663269,-0.08404488489031792,-0.060296582989394665,0.01217694953083992,-0.11650003865361214,-0.06293606385588646,0.026391892693936825,-0.061412546783685684,-0.06951959989964962,0.014337480068206787,-0.06074240431189537,-0.09191300719976425,0.009686090052127838,-0.05474103428423405,-0.08377205207943916,0.014269426465034485,-0.05029660556465387,-0.058178480714559555,0.0415660667931661,-0.04495314788073301,-0.06565508805215359,0.036150094121694565,-0.042915734462440014,-0.09586863778531551,0.012144550681114197,-0.032960259821265936,-0.09094087034463882,0.02505502477288246,-0.025507714599370956,-0.05686554033309221,0.05323778185993433,-0.02624890673905611,-0.06435847072862089,0.03671541018411517,-0.026803256012499332,-0.09046808071434498,0.0176298376172781,-0.01852402836084366,-0.08209111168980598,0.026341132819652557,-0.010978804901242256,-0.056458680890500546,0.05217624735087156,-0.008947936818003654,-0.0610286733135581,0.043875673320144415,-0.011235086247324944,-0.0799875957891345,0.028468823060393333,-0.004021048545837402,-0.07812731992453337,0.02990552131086588,0.0003033354878425598,-0.06731505243806168
0.0,0.0,0.0,-0.005892876535654068,-0.025156833231449127,-0.02914678305387497,0.0038759782910346985,-0.05286537390202284,-0.03981474228203297,0.00918903574347496,-0.0875479094684124,-0.056078114081174135,0.022200673818588257,-0.12031670659780502,-0.05717116966843605,0.03511880338191986,-0.06305512227118015,-0.06409998424351215,0.02363460697233677,-0.06271235831081867,-0.08695287443697453,0.01773771271109581,-0.0554432924836874,-0.07960346899926662,0.019917000085115433,-0.048890165984630585,-0.05414188373833895,0.04924343340098858,-0.0461126328445971,-0.06024850776884705,0.04425207432359457,-0.044958199840039015,-0.0916791707277298,0.01815928891301155,-0.0345937111414969,-0.08843053877353668,0.029790377244353294,-0.026292518712580204,-0.05411644605919719,0.059221635572612286,-0.026314192451536655,-0.05994218401610851,0.04396080644801259,-0.02883768454194069,-0.08822233974933624,0.02269325964152813,-0.02066107653081417,-0.07928380183875561,0.030424918979406357,-0.014189429581165314,-0.05344376992434263,0.05618194490671158,-0.009349770843982697,-0.05737115349620581,0.0494416079018265,-0.012493036687374115,-0.078961331397295,0.03332161623984575,-0.005905617028474808,-0.07918009907007217,0.033945281989872456,-0.00277579203248024,-0.06877356953918934
0.0,0.0,0.0,-0.013262785971164703,-0.02740994468331337,-0.026839734986424446,-0.0028464309871196747,-0.05097492318600416,-0.04455581307411194,0.008043196052312851,-0.07495572417974472,-0.06916843168437481,0.03129384107887745,-0.0835905410349369,-0.08090577274560928,0.0228288397192955,-0.07549964636564255,-0.05983624805230647,0.011423137038946152,-0.08529443293809891,-0.08234401047229767,0.007888942956924438,-0.08555470779538155,-0.08230522461235523,0.01040489599108696,-0.08607305958867073,-0.06256500305607915,0.042590632336214185,-0.06015373673290014,-0.05528029799461365,0.03726202994585037,-0.06373850721865892,-0.09100040048360825,0.01387474499642849,-0.048296574503183365,-0.08780051209032536,0.029470229521393776,-0.042921303771436214,-0.054711745819076896,0.05581704154610634,-0.03941725939512253,-0.057805663091130555,0.04078114312142134,-0.043877062387764454,-0.08883807063102722,0.020617367699742317,-0.031453223899006844,-0.08351431041955948,0.02970197983086109,-0.024023346602916718,-0.05827747596777044,0.05273173376917839,-0.02129816636443138,-0.05837729660561308,0.04944665636867285,-0.027905579656362534,-0.07723274454474449,0.030449680984020233,-0.0177292600274086,-0.08337603695690632,0.035082667134702206,-0.01381007581949234,-0.06845464743673801
0.0,0.0,0.0,-0.009939029812812805,-0.02812369354069233,-0.0273909792304039,0.0015966705977916718,-0.05766976997256279,-0.03984256088733673,0.009411986917257309,-0.09139217808842659,-0.05839397059753537,0.030071839690208435,-0.11720523983240128,-0.0680500902235508,0.031276244670152664,-0.07526426389813423,-0.06168186901049921,0.016470715403556824,-0.07833360135555267,-0.08495058491826057,0.011640388518571854,-0.07002678513526917,-0.07723911479115486,0.014913909137248993,-0.05914947856217623,-0.05169103294610977,0.04787510051392019,-0.05776990158483386,-0.05914571206085384,0.03693403862416744,-0.060124670155346394,-0.09247279539704323,0.013345189392566681,-0.04746420751325786,-0.0900112483650446,0.0295634213835001,-0.035548364743590355,-0.05716758966445923,0.05862487480044365,-0.03681544028222561,-0.06154083288856782,0.03883899748325348,-0.041029610671103,-0.09100942872464657,0.018444230780005455,-0.031944021582603455,-0.08531512878835201,0.028966428712010384,-0.021978361532092094,-0.06090207217494026,0.05402180040255189,-0.018985897302627563,-0.06311347126029432,0.047286738408729434,-0.025831161066889763,-0.08287904970347881,0.028317775577306747,-0.01745137944817543,-0.08613466285169125,0.03161880001425743,-0.01247132197022438,-0.07497480511665344
0.0,0.0,0.0,-0.013091761618852615,-0.02657347545027733,-0.02549115940928459,-0.005808316171169281,-0.048550063744187355,-0.04390726797282696,0.010784067213535309,-0.0652906745672226,-0.07513664849102497,0.03507884405553341,-0.0627803560346365,-0.09524600580334663,0.02109377831220627,-0.07531333714723587,-0.062187773728510365,0.022899549454450607,-0.09933193773031235,-0.07562568783760071,0.030864384956657887,-0.11606050655245781,-0.08544303104281425,0.03387486282736063,-0.13118284195661545,-0.08965281210839748,0.0403211823431775,-0.06260116957128048,-0.05994806555099785,0.03593580098822713,-0.06886717211455107,-0.09368281438946724,0.01234392635524273,-0.05290028406307101,-0.08807433769106865,0.025647958740592003,-0.039889728650450706,-0.05647792387753725,0.05310380458831787,-0.040298713371157646,-0.06483246339485049,0.03280262276530266,-0.047576126642525196,-0.09223076142370701,0.01542782224714756,-0.035112546756863594,-0.08153875917196274,0.021418573334813118,-0.024242499843239784,-0.05706578027456999,0.04726304113864899,-0.026473859325051308,-0.06466260622255504,0.03977795550599694,-0.03032439760863781,-0.08197729662060738,0.02350468933582306,-0.02079615741968155,-0.08081888221204281,0.032037447206676006,-0.014969903975725174,-0.06309056765167043
0.0,0.0,0.0,-0.010793834924697876,-0.026812482625246048,-0.02818955108523369,-0.002236686646938324,-0.05142685305327177,-0.04617868363857269,0.007819697260856628,-0.07609019428491592,-0.07194229098968208,0.032011622563004494,-0.08565185964107513,-0.08727158606052399,0.025822856463491917,-0.07305857725441456,-0.07050473196431994,0.01027517020702362,-0.08423338830471039,-0.09530793689191341,0.006612416356801987,-0.08027662709355354,-0.09073209390044212,0.010492783039808273,-0.07704355753958225,-0.07221186789683998,0.041680685710161924,-0.05721274996176362,-0.06704250327311456,0.029431508854031563,-0.05955918040126562,-0.10045634768903255,0.008990388363599777,-0.046461913269013166,-0.09450643137097359,0.029399299062788486,-0.035889510065317154,-0.06388807250186801,0.05272808112204075,-0.03680477291345596,-0.06971256347605959,0.029188696295022964,-0.040145774371922016,-0.09736747108399868,0.012508515268564224,-0.03180960565805435,-0.09067500941455364,0.025776544585824013,-0.024618912488222122,-0.06596203823573887,0.04697173461318016,-0.020442524924874306,-0.06869216857012361,0.03538272716104984,-0.02443486824631691,-0.08717467449605465,0.01714429445564747,-0.018206190317869186,-0.08970559947192669,0.02520526945590973,-0.013882219791412354,-0.0768441827967763
0.0,0.0,0.0,-0.010244086384773254,-0.028914764523506165,-0.024298254400491714,-0.0022809691727161407,-0.05113290576264262,-0.04373876377940178,0.01613505929708481,-0.06623858027160168,-0.0783177949488163,0.040992507711052895,-0.06356078200042248,-0.10028168931603432,0.031351806595921516,-0.07505727559328079,-0.06330367317423224,0.03338430915027857,-0.0995221883058548,-0.07812286075204611,0.040745800361037254,-0.11653055995702744,-0.08806425146758556,0.04085486847907305,-0.1325608268380165,-0.09472839720547199,0.04806388169527054,-0.06020035967230797,-0.06402564223390073,0.043323312420398,-0.06618776358664036,-0.0943379458039999,0.02084646001458168,-0.05165164708159864,-0.08858975395560265,0.02882380411028862,-0.039114443585276604,-0.06148261856287718,0.05931445024907589,-0.038788050413131714,-0.06880025728605688,0.03731124382466078,-0.04489711858332157,-0.09487269632518291,0.018945688381791115,-0.03451172821223736,-0.08197962120175362,0.024526018649339676,-0.025053100660443306,-0.06138378335162997,0.04937065369449556,-0.02469799295067787,-0.06928305188193917,0.04185705678537488,-0.028407098725438118,-0.0878143198788166,0.027733448892831802,-0.022913862019777298,-0.08462903648614883,0.03373234160244465,-0.017292261123657227,-0.06785091641359031
0.0,0.0,0.0,-0.013277076184749603,-0.029692627489566803,-0.020488034933805466,-0.006814040243625641,-0.05403511971235275,-0.041101258248090744,0.006950601935386658,-0.07296274974942207,-0.07408048585057259,0.028165490366518497,-0.07545248232781887,-0.09657708927989006,0.022237170487642288,-0.08350625820457935,-0.056229761335998774,0.026540011167526245,-0.11078842729330063,-0.06425471883267164,0.03590965457260609,-0.1325981616973877,-0.06972052529454231,0.039852578192949295,-0.15313728898763657,-0.08300106041133404,0.040682829450815916,-0.0704874754883349,-0.05806280369870365,0.029827074147760868,-0.08067434653639793,-0.09297165274620056,0.008052442222833633,-0.06149274855852127,-0.08888302929699421,0.016131339594721794,-0.04496895894408226,-0.06274650548584759,0.05135880224406719,-0.04891745187342167,-0.06305465311743319,0.026898350566625595,-0.053462641313672066,-0.09288207441568375,0.007585447281599045,-0.04019298404455185,-0.08191873133182526,0.013552870601415634,-0.02859969437122345,-0.05360469641163945,0.04639634024351835,-0.03130490332841873,-0.06506060203537345,0.03234432032331824,-0.03661833330988884,-0.08183191530406475,0.015674613416194916,-0.028313998132944107,-0.07900488749146461,0.0229260865598917,-0.02072840929031372,-0.057522381423041224
0.0,0.0,0.0,-0.012661244720220566,-0.03454397991299629,-0.0018381662666797638,-0.0019136779010295868,-0.06437372416257858,0.006273537874221802,0.02001129649579525,-0.09044787753373384,0.008894149214029312,0.03977315267547965,-0.09749016351997852,0.004378773272037506,0.00838690996170044,-0.09874212555587292,-0.035363792441785336,0.01677406020462513,-0.13018500059843063,-0.03454394545406103,0.018366817384958267,-0.15793997794389725,-0.024034710600972176,0.016801785677671432,-0.18346797674894333,-0.018653949722647667,0.030519495718181133,-0.08813708228990436,-0.04122676304541528,0.047269171103835106,-0.10603757575154305,-0.026158560067415237,0.04190062079578638,-0.09768099617213011,0.0018997229635715485,0.029688136652112007,-0.08831333322450519,0.02769230306148529,0.049621363170444965,-0.07442949060350657,-0.04053076100535691,0.05963403172791004,-0.08436683658510447,-0.01658635400235653,0.05290381610393524,-0.07698839996010065,0.00711846724152565,0.04497035685926676,-0.06432537734508514,0.024476319551467896,0.05987308733165264,-0.05642714351415634,-0.030066451989114285,0.0680173970758915,-0.06873397901654243,-0.016115233302116394,0.06759064272046089,-0.06649135053157806,0.007127329707145691,0.05825496278703213,-0.05731748417019844,0.013995382934808731
0.0,0.0,0.0,-0.012795720249414444,-0.02702418714761734,-0.024131309241056442,-0.007705517113208771,-0.05018881103023887,-0.0430754404515028,0.003324836492538452,-0.07131932210177183,-0.07939106598496437,0.02504929807037115,-0.07562585920095444,-0.10127770155668259,0.02114892564713955,-0.0746539868414402,-0.06463963445276022,0.02552726399153471,-0.1015462726354599,-0.07430394273251295,0.033537961542606354,-0.12302214279770851,-0.0783824473619461,0.037155646830797195,-0.14193325862288475,-0.08691979013383389,0.037278966046869755,-0.06349353771656752,-0.06676263664849102,0.027136150747537613,-0.07355532236397266,-0.09557613730430603,0.0046835243701934814,-0.054857839830219746,-0.0882144495844841,0.013004977256059647,-0.0400326382368803,-0.06152086751535535,0.046408966183662415,-0.04372281767427921,-0.07148280087858438,0.021250196732580662,-0.04898545891046524,-0.09644772857427597,0.004314012825489044,-0.03613296523690224,-0.08040769398212433,0.008142579346895218,-0.02460227534174919,-0.05487553309649229,0.04129080194979906,-0.02696242183446884,-0.07064470858313143,0.024698661640286446,-0.034986283630132675,-0.08566807024180889,0.011746680364012718,-0.029453352093696594,-0.07909474801272154,0.01758234202861786,-0.02224063128232956,-0.0608033905737102
0.0,0.0,0.0,-0.012638885527849197,-0.026125740259885788,-0.0191388800740242,-0.009842339903116226,-0.050349606201052666,-0.039663778617978096,-0.0021808817982673645,-0.07057309988886118,-0.07449375372380018,0.01791200414299965,-0.0776959229260683,-0.099024698138237,0.020475860685110092,-0.07626047730445862,-0.05835428973659873,0.02460209932178259,-0.10191319137811661,-0.06878023780882359,0.029294519685208797,-0.12198144197463989,-0.072549051605165,0.03230172395706177,-0.1412152275443077,-0.08052585460245609,0.03481254796497524,-0.06492307735607028,-0.06154015916399658,0.02502019703388214,-0.0754963606595993,-0.08802727796137333,0.0017707161605358124,-0.0587953245267272,-0.07813654560595751,0.009679175913333893,-0.04299874138087034,-0.053779102861881256,0.043940394185483456,-0.04534563235938549,-0.06878653028979897,0.018870005384087563,-0.049419150687754154,-0.09029484912753105,0.004328755661845207,-0.038504328578710556,-0.07402652595192194,0.00789615511894226,-0.024050232023000717,-0.048503304831683636,0.03885489469394088,-0.02939658612012863,-0.06977656530216336,0.023005254566669464,-0.037829138338565826,-0.08306494168937206,0.012229278683662415,-0.033765627071261406,-0.07436583284288645,0.015040531754493713,-0.02542322501540184,-0.056560789700597525
0.0,0.0,0.0,-0.01406899094581604,-0.0279645174741745,-0.01888098567724228,-0.011947814375162125,-0.05283704865723848,-0.037723349407315254,-0.0065813250839710236,-0.07560148276388645,-0.0743354158475995,0.012612411752343178,-0.08211304433643818,-0.09759535267949104,0.01631398405879736,-0.08075930550694466,-0.05727550154551864,0.017929681576788425,-0.10580970346927643,-0.06796671263873577,0.024104822427034378,-0.12736156210303307,-0.0717598395422101,0.023279979825019836,-0.14581645652651787,-0.0850430428981781,0.032139034010469913,-0.06975798448547721,-0.06151879020035267,0.020344163291156292,-0.08174875378608704,-0.08688227832317352,0.0004941821098327637,-0.06322530936449766,-0.0774010680615902,0.008622052147984505,-0.04670787416398525,-0.05461466033011675,0.04186891112476587,-0.04961737245321274,-0.06873784214258194,0.01578074786812067,-0.05365679785609245,-0.08878415077924728,0.0029824376106262207,-0.039740363135933876,-0.07359137013554573,0.007150547578930855,-0.02716735005378723,-0.04792391322553158,0.03752770135179162,-0.03202703222632408,-0.0698088682256639,0.019442549906671047,-0.03991863131523132,-0.08180968090891838,0.009049788117408752,-0.03310035169124603,-0.07227646838873625,0.01542152464389801,-0.026420723646879196,-0.05579791124910116
0.0,0.0,0.0,-0.01556217297911644,-0.028199054300785065,-0.014474157243967056,-0.015584178268909454,-0.05203711986541748,-0.030664652585983276,-0.013095784932374954,-0.07641459628939629,-0.06561597343534231,0.0035510528832674026,-0.0846975352615118,-0.08915109001100063,0.009846389293670654,-0.08486898802220821,-0.04962599463760853,0.008762508630752563,-0.1114199161529541,-0.0607223657425493,0.012014416977763176,-0.13271575421094894,-0.06657946202903986,0.010183945298194885,-0.15262916684150696,-0.08614680916070938,0.026152447564527392,-0.07507529482245445,-0.05591723439283669,0.011726709082722664,-0.08840136416256428,-0.07905111089348793,-0.0062514543533325195,-0.06931781489402056,-0.06934030167758465,0.003928879275918007,-0.05070146918296814,-0.049762862734496593,0.03640165273100138,-0.056074075400829315,-0.06583884358406067,0.00795971043407917,-0.0584251144900918,-0.08071149699389935,-0.002984503284096718,-0.04324723780155182,-0.06836281344294548,0.005140434950590134,-0.028255529701709747,-0.04265551641583443,0.035295491106808186,-0.03600555658340454,-0.06712691113352776,0.013317504897713661,-0.04317794367671013,-0.07921066507697105,0.0031293928623199463,-0.035338144749403,-0.06999388709664345,0.010640964843332767,-0.0276680588722229,-0.05452248780056834
0.0,0.0,0.0,-0.015708528459072113,-0.027499645948410034,-0.010850314050912857,-0.016142163425683975,-0.05225219950079918,-0.02633546106517315,-0.015183527022600174,-0.07766873948276043,-0.060157110914587975,0.0019830968230962753,-0.08508331142365932,-0.08320082724094391,0.010047338902950287,-0.08598954044282436,-0.04030293319374323,0.006733279675245285,-0.11026669293642044,-0.052889046259224415,0.009004384279251099,-0.13256240636110306,-0.06055685319006443,0.005832398310303688,-0.15249313414096832,-0.08114181831479073,0.026513790246099234,-0.07621970120817423,-0.048270831583067775,0.01040455512702465,-0.0906339269131422,-0.06913213059306145,-0.006840575486421585,-0.07057868409901857,-0.05902412021532655,0.006378890946507454,-0.052153030410408974,-0.04010919667780399,0.03664176445454359,-0.058056123554706573,-0.059370861388742924,0.007734237238764763,-0.06157235335558653,-0.07219376042485237,-0.003169471397995949,-0.04537863843142986,-0.059977734461426735,0.005161238834261894,-0.029332607984542847,-0.03814614564180374,0.03368789004161954,-0.039075158536434174,-0.06350736878812313,0.011393174529075623,-0.046718522906303406,-0.0734214037656784,0.0015543699264526367,-0.03601504862308502,-0.06458970159292221,0.009512394666671753,-0.027454271912574768,-0.04794805566780269
0.0,0.0,0.0,-0.0156722329556942,-0.025076448917388916,-0.01160050556063652,-0.01597684994339943,-0.04646154306828976,-0.03253099322319031,-0.014193426817655563,-0.06551104877144098,-0.06664273096248507,0.0030045118182897568,-0.0773601233959198,-0.09229003824293613,0.013589875772595406,-0.07111028023064137,-0.0549229527823627,0.010477680712938309,-0.0953688696026802,-0.06852478627115488,0.010606402531266212,-0.1120249330997467,-0.07597237080335617,0.008038729429244995,-0.1269630417227745,-0.08541770838201046,0.02655499870888889,-0.06191206816583872,-0.060064796824008226,0.01616925746202469,-0.07197576016187668,-0.07653106842190027,-0.002321600914001465,-0.055585735477507114,-0.060218246071599424,0.006904730573296547,-0.03987175412476063,-0.04004705138504505,0.03603422548621893,-0.04403369966894388,-0.06869436660781503,0.01019926369190216,-0.046853166073560715,-0.08158533088862896,0.0013216547667980194,-0.03659534081816673,-0.06262646350660361,0.008110977709293365,-0.02060132473707199,-0.03834136761724949,0.030374955385923386,-0.02752482146024704,-0.06920365197584033,0.014016248285770416,-0.03417324461042881,-0.0810590349137783,0.003599470481276512,-0.02845808118581772,-0.07029431033879519,0.007320880889892578,-0.02013080194592476,-0.05416330508887768
0.0,0.0,0.0,-0.01559383049607277,-0.027065537869930267,-0.010972805321216583,-0.0165075846016407,-0.05174003168940544,-0.02407221496105194,-0.014861393719911575,-0.0754223819822073,-0.05866215657442808,0.0011645294725894928,-0.0853477418422699,-0.08103149570524693,0.010891435667872429,-0.08430544845759869,-0.039471850730478764,0.007454965263605118,-0.10831260308623314,-0.051719895156566054,0.00864068791270256,-0.13019150123000145,-0.05900186765938997,0.003921195864677429,-0.14854825288057327,-0.07912278361618519,0.02695276658050716,-0.07480883784592152,-0.04822892718948424,0.009758099913597107,-0.09000427648425102,-0.06508241966366768,-0.007145997136831284,-0.07107290998101234,-0.05181465623900294,0.0028152819722890854,-0.05324166547507048,-0.03458356484770775,0.036189617589116096,-0.05790330842137337,-0.05921747162938118,0.007119331508874893,-0.059900241903960705,-0.07038740627467632,-0.001789432018995285,-0.04523840919137001,-0.056495376862585545,0.005919314920902252,-0.029574505984783173,-0.034646790474653244,0.03260599821805954,-0.03889964893460274,-0.06344391591846943,0.012435117736458778,-0.04667146876454353,-0.07283406145870686,0.0032388269901275635,-0.03723101317882538,-0.06289388425648212,0.010332435369491577,-0.027312926948070526,-0.04725565784610808
0.0,0.0,0.0,-0.015206705778837204,-0.027203213423490524,-0.007771991193294525,-0.01557997614145279,-0.051597777754068375,-0.021665044128894806,-0.015068266540765762,-0.07369224727153778,-0.05849688779562712,-0.0033485814929008484,-0.09289167821407318,-0.08134601637721062,0.011396042071282864,-0.08760436996817589,-0.04136448912322521,0.006451675668358803,-0.11205179989337921,-0.053883317435975187,0.004223138093948364,-0.12966499105095863,-0.05951384687796235,-0.0012883469462394714,-0.14771948754787445,-0.07570414990186691,0.025084308115765452,-0.07681558839976788,-0.052055174484848976,0.006774934008717537,-0.09047649800777435,-0.06727661658078432,-0.014008350670337677,-0.0715721882879734,-0.0521550674457103,-0.004624400287866592,-0.05435897968709469,-0.031861938536167145,0.03457450307905674,-0.06160011328756809,-0.06463201064616442,0.005143286660313606,-0.06000941898673773,-0.07448514923453331,-0.005040371790528297,-0.04669368453323841,-0.056702577974647284,0.0049820709973573685,-0.028484255075454712,-0.03374065272510052,0.027829558588564396,-0.04091271385550499,-0.0686279209330678,0.00985344685614109,-0.0519737433642149,-0.07838518731296062,0.0024285856634378433,-0.044505029916763306,-0.06796007789671421,0.003138922154903412,-0.03177233040332794,-0.05131442588753998
0.0,0.0,0.0,-0.017239654436707497,-0.02628428116440773,-0.009530965238809586,-0.019074739888310432,-0.051722846925258636,-0.021437905728816986,-0.018685178831219673,-0.07365491986274719,-0.05902562476694584,-0.004804516211152077,-0.09382285363972187,-0.0808539092540741,0.007920503616333008,-0.08915848098695278,-0.04120543412864208,0.0020391829311847687,-0.1124449148774147,-0.05380154447630048,0.0005098767578601837,-0.1290438398718834,-0.05797852203249931,-0.007073933258652687,-0.1471712812781334,-0.07716616988182068,0.023431878071278334,-0.07801384665071964,-0.051595074706710875,0.005605602636933327,-0.09229174628853798,-0.06605687364935875,-0.01384563185274601,-0.07254471257328987,-0.05165973666589707,-0.005180884152650833,-0.05583498440682888,-0.03260411322116852,0.033218685537576675,-0.06468533258885145,-0.062350827269256115,0.00357760488986969,-0.06160146929323673,-0.07342469319701195,-0.007335124537348747,-0.0478048250079155,-0.056200620252639055,0.00404963456094265,-0.031468428671360016,-0.03182992711663246,0.027327577583491802,-0.04375558719038963,-0.06704526115208864,0.009230205789208412,-0.051957421004772186,-0.07713901065289974,0.0017876289784908295,-0.04378606751561165,-0.06600972637534142,0.004291621968150139,-0.031688228249549866,-0.04819549527019262
0.0,0.0,0.0,-0.023293405771255493,-0.02403317764401436,-0.008062593638896942,-0.029341261833906174,-0.049956027418375015,-0.024420464411377907,-0.03311539441347122,-0.07271484471857548,-0.05563820106908679,-0.020820431411266327,-0.08830548636615276,-0.07913169451057911,-0.01353529840707779,-0.08914126828312874,-0.038282900117337704,-0.022759361192584038,-0.11315654218196869,-0.04989443009253591,-0.026132088154554367,-0.13244203850626945,-0.05456756055355072,-0.032650724053382874,-0.15399916470050812,-0.07463325373828411,0.005070340586826205,-0.0825533326715231,-0.044880384812131524,-0.012451162561774254,-0.09489627182483673,-0.0680999904870987,-0.02810770273208618,-0.07092916313558817,-0.05995782930403948,-0.016402214765548706,-0.053718868643045425,-0.040825421921908855,0.019822594709694386,-0.06772657856345177,-0.05566190928220749,-0.006264837458729744,-0.06522967386990786,-0.07147875614464283,-0.017392311245203018,-0.04742868430912495,-0.060174197889864445,-0.006483672186732292,-0.03391198441386223,-0.03750063106417656,0.02205852046608925,-0.047533486038446426,-0.05960865318775177,0.0005707377567887306,-0.05153556540608406,-0.06999373063445091,-0.0059281643480062485,-0.037769533693790436,-0.062219059094786644,0.002826772630214691,-0.03117505833506584,-0.045577650191262364
0.0,0.0,0.0,-0.012941788882017136,-0.034778524190187454,-0.0017197132110595703,-0.0021206997334957123,-0.06481318920850754,0.0058115385472774506,0.020227644592523575,-0.0902228532359004,0.008115645498037338,0.041074411012232304,-0.09565222077071667,0.003971848636865616,0.0076562389731407166,-0.0984746515750885,-0.03498026868328452,0.016332892701029778,-0.1305738314986229,-0.033315110486000776,0.018622802570462227,-0.15812533348798752,-0.022197917103767395,0.01732635870575905,-0.18295549601316452,-0.016609450802206993,0.029965554364025593,-0.08813358005136251,-0.040093932999297976,0.0470693139359355,-0.1060742512345314,-0.0241067036986351,0.04045448638498783,-0.0976035576313734,0.003637131303548813,0.028508017770946026,-0.0871935784816742,0.029612623155117035,0.04959605261683464,-0.07464642263948917,-0.03875627613160759,0.05944689363241196,-0.08449892699718475,-0.01480918563902378,0.051782768219709396,-0.07653302745893598,0.008632294833660126,0.04334811493754387,-0.06362774409353733,0.02522609382867813,0.059852056205272675,-0.05701572448015213,-0.028296315111219883,0.06773564964532852,-0.06885293871164322,-0.014229072257876396,0.0660877451300621,-0.06587888672947884,0.00851350650191307,0.056619539856910706,-0.05683855898678303,0.014436546713113785
0.0,0.0,0.0,-0.026185981929302216,-0.024084944278001785,-0.008562691509723663,-0.032487284392118454,-0.05086278170347214,-0.024181896820664406,-0.036313269287347794,-0.07648295164108276,-0.05428138189017773,-0.022791532799601555,-0.09078096691519022,-0.0764685645699501,-0.018717050552368164,-0.09005251619964838,-0.03381234500557184,-0.02803858369588852,-0.11408255249261856,-0.04377428797306493,-0.033716969192028046,-0.13601256906986237,-0.049147597048431635,-0.04097024351358414,-0.15744514763355255,-0.06938241794705391,0.0019204954151064157,-0.0852081198245287,-0.04036490083672106,-0.0156541895121336,-0.09801175259053707,-0.06738770566880703,-0.029238246381282806,-0.07102167420089245,-0.06080433167517185,-0.01720495894551277,-0.053461482748389244,-0.041084514232352376,0.018652339465916157,-0.07065605837851763,-0.05180827993899584,-0.006878270767629147,-0.06861933507025242,-0.07067721150815487,-0.017540838569402695,-0.04851755313575268,-0.06136695854365826,-0.006402839906513691,-0.0330180823802948,-0.039874357637017965,0.02252396196126938,-0.04990701377391815,-0.05586027354001999,0.0006839986890554428,-0.05460544303059578,-0.06793133728206158,-0.004545459523797035,-0.03935914486646652,-0.06385334767401218,0.005120234563946724,-0.031042620539665222,-0.04675928736105561
0.0,0.0,0.0,-0.027376536279916763,-0.021380096673965454,-0.011089254170656204,-0.03710651025176048,-0.047266898676753044,-0.028214480727910995,-0.04311373457312584,-0.07473812066018581,-0.05872317682951689,-0.029076391831040382,-0.08833754062652588,-0.08280862122774124,-0.02783307433128357,-0.08655804581940174,-0.03938655275851488,-0.03998304530978203,-0.1113668754696846,-0.04724214450106956,-0.046201568096876144,-0.13281386345624924,-0.05265038460493088,-0.05401129648089409,-0.15303725749254227,-0.06923000514507294,-0.0059160233940929174,-0.08288206439465284,-0.044207748491317034,-0.023881370201706886,-0.09383256360888481,-0.07262255623936653,-0.033867767080664635,-0.067072419449687,-0.0665576197206974,-0.019920343533158302,-0.05169903486967087,-0.045426409458741546,0.011955033987760544,-0.06990091083571315,-0.053521784488111734,-0.012501560151576996,-0.06797345820814371,-0.07408076338469982,-0.020216012373566628,-0.04676727391779423,-0.06580797396600246,-0.006679793819785118,-0.03023439645767212,-0.045145816169679165,0.018350396305322647,-0.051676880568265915,-0.056425017304718494,-0.003001493401825428,-0.05442936718463898,-0.06936308182775974,-0.008568855002522469,-0.03770710900425911,-0.06599676981568336,0.0030229780822992325,-0.030203230679035187,-0.05020408984273672
0.0,0.0,0.0,-0.027118965983390808,-0.019244324415922165,-0.018878236413002014,-0.036430638283491135,-0.043204180896282196,-0.03556032106280327,-0.03921018913388252,-0.06982586160302162,-0.06942496914416552,-0.023634251207113266,-0.08414866589009762,-0.08982782438397408,-0.025421814993023872,-0.0790973324328661,-0.05306374514475465,-0.03621768206357956,-0.10295165702700615,-0.06257671630010009,-0.04075727239251137,-0.12236708402633667,-0.06769889499992132,-0.047633443027734756,-0.14315693080425262,-0.07800155878067017,-0.004622010048478842,-0.07518816459923983,-0.05534241232089698,-0.019622983410954475,-0.08705783262848854,-0.08350690826773643,-0.030368588864803314,-0.06039799377322197,-0.07536775805056095,-0.013842619955539703,-0.04743148013949394,-0.04843855369836092,0.01308307982981205,-0.06310219317674637,-0.06206141738221049,-0.009973126463592052,-0.06152176717296243,-0.08428958989679813,-0.017471687868237495,-0.0410509817302227,-0.0731881745159626,-0.0055923741310834885,-0.02598155289888382,-0.04755983501672745,0.01861276477575302,-0.045449428260326385,-0.0616736956872046,0.001152852550148964,-0.049281030893325806,-0.07587453909218311,-0.005594969727098942,-0.034639813005924225,-0.07192698307335377,0.004840780049562454,-0.027502544224262238,-0.05236170906573534
0.0,0.0,0.0,-0.028996003791689873,-0.016823694109916687,-0.024342749267816544,-0.03766856528818607,-0.040472688153386116,-0.04341144114732742,-0.03852766193449497,-0.06879021041095257,-0.07500389870256186,-0.018206048756837845,-0.08247820474207401,-0.09652945026755333,-0.028284423053264618,-0.07631256431341171,-0.06356555107049644,-0.04190472327172756,-0.09669074974954128,-0.07545128278434277,-0.04574962891638279,-0.11540381982922554,-0.08202364854514599,-0.05298660509288311,-0.13479986786842346,-0.09189203567802906,-0.006908131763339043,-0.07428888790309429,-0.06285797152668238,-0.02136068604886532,-0.08078400697559118,-0.09745335951447487,-0.029304150491952896,-0.05253949388861656,-0.09119771420955658,-0.013087444007396698,-0.045135024935007095,-0.06336817843839526,0.010872576385736465,-0.06363877141848207,-0.0673089949414134,-0.009204148780554533,-0.05936634633690119,-0.09537385031580925,-0.01665511727333069,-0.0365800354629755,-0.08523405529558659,-0.005290606990456581,-0.026462797075510025,-0.05845469934865832,0.017312316223978996,-0.04736526310443878,-0.06453080575738568,0.004376409575343132,-0.046697549521923065,-0.08294245786964893,-0.0025020763278007507,-0.03001810982823372,-0.08089530095458031,0.00901730079203844,-0.027402471750974655,-0.058348240330815315
0.0,0.0,0.0,-0.025882257148623466,-0.016665998846292496,-0.024207036942243576,-0.033269185572862625,-0.04046672210097313,-0.04186922311782837,-0.03413289040327072,-0.06600101944059134,-0.07348659727722406,-0.0166129432618618,-0.0829724408686161,-0.09300914406776428,-0.02667856216430664,-0.07480319403111935,-0.06065856764325872,-0.0422244630753994,-0.09412149153649807,-0.07347605843096972,-0.047674957662820816,-0.11257271841168404,-0.08153898641467094,-0.05376867949962616,-0.13125478476285934,-0.0907521340996027,-0.00639825314283371,-0.07309996336698532,-0.05997646087780595,-0.017830971628427505,-0.07808329351246357,-0.0919888187199831,-0.024980956688523293,-0.05155128426849842,-0.0873112678527832,-0.006642667111009359,-0.046186793595552444,-0.05971830536145717,0.012914229184389114,-0.06288936734199524,-0.06358452467247844,-0.005980135872960091,-0.05924478778615594,-0.0922897569835186,-0.012136554345488548,-0.03653189539909363,-0.08196288160979748,0.001233195886015892,-0.02845282107591629,-0.05629063816741109,0.019462332129478455,-0.04706667177379131,-0.06269292766228318,0.00943218357861042,-0.049158137291669846,-0.0809731725603342,0.002664695493876934,-0.03122314065694809,-0.08037908188998699,0.013232722878456116,-0.02782193198800087,-0.06012506748083979
0.0,0.0,0.0,-0.02754846215248108,-0.01222226396203041,-0.026199698448181152,-0.03504770249128342,-0.0339908953756094,-0.045656634494662285,-0.035434551537036896,-0.05753182712942362,-0.07769229635596275,-0.019082268700003624,-0.07517378032207489,-0.09776736423373222,-0.03220139630138874,-0.06858251802623272,-0.06468709059845423,-0.04867704585194588,-0.08534629829227924,-0.07940651383250952,-0.05474437400698662,-0.1028812788426876,-0.08788451738655567,-0.060981474816799164,-0.120136559009552,-0.09728946164250374,-0.011515913298353553,-0.06864892924204469,-0.0636832028394565,-0.022329121828079224,-0.06982376053929329,-0.09642275422811508,-0.02722022868692875,-0.04261596500873566,-0.09087144955992699,-0.011150299571454525,-0.03902071341872215,-0.06423968204762787,0.008213294669985771,-0.059796102810651064,-0.06625239877030253,-0.008674724726006389,-0.05222414806485176,-0.09549130499362946,-0.013908577151596546,-0.029764708131551743,-0.08479980751872063,-0.0013006236404180527,-0.023392125964164734,-0.05824050726369023,0.01563303731381893,-0.04419562220573425,-0.0641776030533947,0.0071046967059373856,-0.043705686926841736,-0.08284905552864075,6.748642772436142e-05,-0.02480071783065796,-0.08232085593044758,0.010352183133363724,-0.02216697856783867,-0.060048661194741726
0.0,0.0,0.0,-0.02840690314769745,-0.011465907096862793,-0.02556725963950157,-0.03624582476913929,-0.03215983510017395,-0.04580670781433582,-0.03973284736275673,-0.054857668466866016,-0.07656228356063366,-0.02633638773113489,-0.07280866708606482,-0.09714464843273163,-0.03562574088573456,-0.0673937276005745,-0.0640329013695009,-0.053457897156476974,-0.08309357799589634,-0.0774963665753603,-0.06230789050459862,-0.10179411247372627,-0.08619898930191994,-0.07206510007381439,-0.11939437314867973,-0.0967283807694912,-0.014959036838263273,-0.06810100702568889,-0.06367811956442893,-0.02616406697779894,-0.06830511521548033,-0.09716387465596199,-0.029536891728639603,-0.04097911901772022,-0.09196765720844269,-0.015984898898750544,-0.038151778280735016,-0.06570397282484919,0.005376890301704407,-0.06079261610284448,-0.06630010576918721,-0.010356590151786804,-0.05112650245428085,-0.09588095732033253,-0.015171241015195847,-0.029215678572654724,-0.08535921014845371,-0.004024955444037914,-0.02342778444290161,-0.059445750433951616,0.01435493677854538,-0.044749677181243896,-0.06450927711557597,0.0047752466052770615,-0.042962584644556046,-0.08338218554854393,-0.0013473248109221458,-0.025628842413425446,-0.08279981836676598,0.007379468530416489,-0.02248615026473999,-0.06039136042818427
0.0,0.0,0.0,-0.02520063892006874,-0.010234430432319641,-0.027247648686170578,-0.03275210224092007,-0.029305865988135338,-0.050403933972120285,-0.03747391514480114,-0.04911945201456547,-0.08015994168817997,-0.022989273071289062,-0.06698960810899734,-0.09989853203296661,-0.02889355458319187,-0.06051309825852513,-0.06974985962733626,-0.04787983186542988,-0.06116544734686613,-0.09254620037972927,-0.0528556015342474,-0.06172916479408741,-0.09237697906792164,-0.05791986547410488,-0.06666492018848658,-0.08121748920530081,-0.009738459251821041,-0.061774532310664654,-0.06712604203494266,-0.0184631934389472,-0.05687234504148364,-0.09890757128596306,-0.02439911477267742,-0.033290667459368706,-0.09514413587749004,-0.012592660263180733,-0.040056634694337845,-0.06607083138078451,0.008989395573735237,-0.056319556664675474,-0.06854929262772202,-0.0033420128747820854,-0.04239585902541876,-0.0945131741464138,-0.011011999100446701,-0.023143067955970764,-0.08738885633647442,-0.0014108866453170776,-0.025670453906059265,-0.06446056207641959,0.017251750454306602,-0.04048924334347248,-0.06577755557373166,0.009937308728694916,-0.03319808840751648,-0.08475475758314133,0.0027487287297844887,-0.01672201231122017,-0.08511402271687984,0.008989452384412289,-0.019981548190116882,-0.06893641944043338
0.0,0.0,0.0,-0.02559332177042961,-0.012523788958787918,-0.027192171663045883,-0.03138607181608677,-0.03311609849333763,-0.05242931842803955,-0.033777499571442604,-0.05258774943649769,-0.08323567546904087,-0.01886521279811859,-0.07019231468439102,-0.10134461894631386,-0.02567465230822563,-0.0617423509247601,-0.07262864173389971,-0.045709164813160896,-0.07058951072394848,-0.09293328411877155,-0.05087940953671932,-0.07567152008414268,-0.0983145423233509,-0.05448920838534832,-0.08392499387264252,-0.09490733034908772,-0.006733046844601631,-0.06301819579675794,-0.06790144287515432,-0.014047256670892239,-0.0601644697599113,-0.10030419379472733,-0.021281039342284203,-0.03697675280272961,-0.09478181414306164,-0.008183633908629417,-0.0425996882840991,-0.06498044403269887,0.012980680912733078,-0.05508785927668214,-0.06813274411251768,-0.0009565874934196472,-0.04488309100270271,-0.09570403210818768,-0.00865937676280737,-0.025811713188886642,-0.08611794747412205,0.0011146822944283485,-0.027719855308532715,-0.06142598204314709,0.0185783039778471,-0.0398531649261713,-0.065959005150944,0.01206739991903305,-0.03446772322058678,-0.0841836016625166,0.004281735047698021,-0.017285075038671494,-0.08406585827469826,0.011608407832682133,-0.01964898407459259,-0.06604724773205817
0.0,0.0,0.0,-0.02406742423772812,-0.013743672519922256,-0.030673321336507797,-0.032128218561410904,-0.039136821404099464,-0.05089880898594856,-0.04485613852739334,-0.06519620586186647,-0.07555982936173677,-0.051288675516843796,-0.09670551493763924,-0.0907450933009386,-0.020829465240240097,-0.0637790858745575,-0.07466114335693419,-0.03588772937655449,-0.05781831219792366,-0.0984563697129488,-0.0345287099480629,-0.04986986517906189,-0.09165722317993641,-0.030332986265420914,-0.05089707113802433,-0.06770374719053507,-0.002237096894532442,-0.05944444704800844,-0.07125640544109046,-0.008500929921865463,-0.053314926102757454,-0.10616909340023994,-0.019424956291913986,-0.03055497817695141,-0.10286351479589939,-0.007064148783683777,-0.03618164174258709,-0.06874097511172295,0.015253782272338867,-0.050819901283830404,-0.07222179201198742,0.0057699051685631275,-0.037080228328704834,-0.10038354061543941,-0.004475300200283527,-0.020247943699359894,-0.09281481802463531,0.005808345973491669,-0.022062167525291443,-0.06861986685544252,0.022388562560081482,-0.033012326806783676,-0.07051241188310087,0.017849892377853394,-0.02568604052066803,-0.09022334218025208,0.0100443996489048,-0.007814276963472366,-0.09044838510453701,0.012739825993776321,-0.010291874408721924,-0.07678133551962674
0.0,0.0,0.0,-0.01615038514137268,-0.034316353499889374,-0.008966054767370224,-0.006458289921283722,-0.06779880076646805,-0.006617631763219833,0.01172967255115509,-0.09763605706393719,-0.011786509305238724,0.030690203420817852,-0.10478696599602699,-0.015368461608886719,0.006598634645342827,-0.09323711320757866,-0.05131717980839312,0.01121537759900093,-0.12393001839518547,-0.046833589556626976,0.01384497806429863,-0.15405751019716263,-0.035151634365320206,0.013900410383939743,-0.17720165103673935,-0.025565169751644135,0.029831811785697937,-0.08265949506312609,-0.051459874492138624,0.04185496736317873,-0.10658455826342106,-0.03285788279026747,0.031755534932017326,-0.09990378096699715,-0.0011585131287574768,0.022357366047799587,-0.08897977881133556,0.025537408888339996,0.0514044389128685,-0.0679486719891429,-0.0452480623498559,0.053569164127111435,-0.0841168537735939,-0.02199460379779339,0.04632994532585144,-0.0765588078647852,0.004118151962757111,0.03723666025325656,-0.0646289773285389,0.0189557746052742,0.05921968072652817,-0.05093378759920597,-0.030312133952975273,0.06473342701792717,-0.06690334994345903,-0.015218794345855713,0.06021982058882713,-0.0672463420778513,0.006214652210474014,0.05220973677933216,-0.05791814625263214,0.010295160114765167
0.0,0.0,0.0,-0.01247091218829155,-0.034744687378406525,-0.0015664547681808472,-0.001579083502292633,-0.06472847983241081,0.0075848884880542755,0.020872053690254688,-0.09112593717873096,0.01193767786026001,0.04126524506136775,-0.09746341314166784,0.00920688733458519,0.009285418316721916,-0.09984313324093819,-0.03261671983636916,0.01769237406551838,-0.13142985105514526,-0.03140384377911687,0.019758732989430428,-0.15906855463981628,-0.020511098206043243,0.01830078288912773,-0.1842588484287262,-0.015631331130862236,0.031588691053912044,-0.08873380580917001,-0.038195523200556636,0.048529536463320255,-0.10657697916030884,-0.022167921997606754,0.0419784770347178,-0.09757644403725863,0.005627952516078949,0.029851448256522417,-0.08688733354210854,0.032113488763570786,0.05098200775682926,-0.07476316392421722,-0.037381824222393334,0.060767628252506256,-0.08484918717294931,-0.012874150648713112,0.05286785215139389,-0.07686810987070203,0.010092612355947495,0.044706759974360466,-0.0635836273431778,0.02694021910429001,0.06121950224041939,-0.05629032477736473,-0.02711118571460247,0.06914565339684486,-0.06896646320819855,-0.012971451506018639,0.0680031031370163,-0.06671126186847687,0.009674526751041412,0.05794292688369751,-0.056881075724959373,0.01611856371164322
0.0,0.0,0.0,-0.023704877123236656,-0.01625785231590271,-0.030988488346338272,-0.029932057484984398,-0.039692144840955734,-0.05418591760098934,-0.03221401758491993,-0.06378480978310108,-0.0829832386225462,-0.01763981766998768,-0.08188442327082157,-0.101003497838974,-0.019298488274216652,-0.06881632655858994,-0.07069563516415656,-0.03631657175719738,-0.07034274097532034,-0.0957325380295515,-0.04031391628086567,-0.06710586324334145,-0.09501145221292973,-0.04002927429974079,-0.06993946991860867,-0.07641307078301907,0.00046189967542886734,-0.0667724534869194,-0.06458756583742797,-0.0037769488990306854,-0.06489719217643142,-0.10204276815056801,-0.0165494866669178,-0.04066064395010471,-0.09939359128475189,-0.005111092701554298,-0.04781674966216087,-0.06278873141855001,0.02004389651119709,-0.05695870844647288,-0.06560633599292487,0.010726871900260448,-0.0483236238360405,-0.0972735546529293,-0.00045500416308641434,-0.02965259552001953,-0.09210439771413803,0.008750088512897491,-0.030272772535681725,-0.06579054577741772,0.027757221832871437,-0.03833162784576416,-0.06439363164827228,0.0231796782463789,-0.035787975415587425,-0.08616803400218487,0.014215253293514252,-0.016599878668785095,-0.08983075059950352,0.019145055674016476,-0.01738877221941948,-0.07593130134046078
0.0,0.0,0.0,-0.02802225574851036,-0.012278713285923004,-0.02845197543501854,-0.03300778195261955,-0.034293416887521744,-0.05497879907488823,-0.031059246510267258,-0.05696397367864847,-0.08406096883118153,-0.012495358474552631,-0.07581229135394096,-0.10493200272321701,-0.02839287370443344,-0.06811478128656745,-0.06934044603258371,-0.04646557569503784,-0.07838300429284573,-0.08996257930994034,-0.05386011302471161,-0.08544767089188099,-0.09697452560067177,-0.059837017208337784,-0.09446115046739578,-0.09325212240219116,-0.0072463154792785645,-0.0696414690464735,-0.06274212128482759,-0.01233995147049427,-0.06866700202226639,-0.09842546656727791,-0.018673043698072433,-0.04211519844830036,-0.09380101971328259,-0.009471305646002293,-0.048124782741069794,-0.05903605278581381,0.014324784278869629,-0.06066013919189572,-0.06322257698047906,0.006222494877874851,-0.0511179119348526,-0.09519875608384609,-0.0018685413524508476,-0.029307711869478226,-0.08827383443713188,0.007555755786597729,-0.02989891543984413,-0.058296367060393095,0.02375372126698494,-0.043113451451063156,-0.0612925470340997,0.02040873095393181,-0.040314506739377975,-0.0831247866153717,0.013499483466148376,-0.017688564956188202,-0.08592887222766876,0.020756643265485764,-0.019081104546785355,-0.06496090823202394
0.0,0.0,0.0,-0.027771448716521263,-0.01537821814417839,-0.030632685869932175,-0.03261132724583149,-0.03891840763390064,-0.0542464479804039,-0.028096230700612068,-0.061023592948913574,-0.08405240811407566,-0.007149120327085257,-0.07848329469561577,-0.10442964360117912,-0.029209405183792114,-0.07443179422989488,-0.06633837427943945,-0.04700840823352337,-0.09155507571995258,-0.08159980364143848,-0.05485221929848194,-0.10539846494793892,-0.0941651314496994,-0.062218429520726204,-0.12037995457649231,-0.10206848755478859,-0.006654669996351004,-0.07533438969403505,-0.06004600087180734,-0.01059791911393404,-0.07892494089901447,-0.09637224674224854,-0.016872210428118706,-0.050832005217671394,-0.09635840356349945,-0.005758221261203289,-0.04835739731788635,-0.06236704619368538,0.016953248530626297,-0.06553102796897292,-0.06158952321857214,0.007895678281784058,-0.062123448587954044,-0.09414107352495193,-0.0001081954687833786,-0.03840335085988045,-0.09000451862812042,0.008854353800415993,-0.03297848999500275,-0.06189246365102008,0.025436362251639366,-0.04815374128520489,-0.060504390159621835,0.02370998077094555,-0.05052623525261879,-0.08464725501835346,0.01627638190984726,-0.032800398766994476,-0.08911537006497383,0.023148370906710625,-0.02880878746509552,-0.06952406791970134
0.0,0.0,0.0,-0.02264527790248394,-0.0129004567861557,-0.030706243589520454,-0.028954841196537018,-0.03651176579296589,-0.05175430979579687,-0.03132515773177147,-0.05959956720471382,-0.07794179953634739,-0.020354457199573517,-0.07868512906134129,-0.09174895100295544,-0.01834363304078579,-0.06616801535710692,-0.0648233094252646,-0.030746396631002426,-0.06534426286816597,-0.09002205356955528,-0.03536364436149597,-0.059919385239481926,-0.08884703740477562,-0.03630572184920311,-0.06365227978676558,-0.06909286044538021,0.0012563560158014297,-0.06429064041003585,-0.059080800507217646,0.00025189248844981194,-0.06387262186035514,-0.09677840024232864,-0.01224815845489502,-0.03835086524486542,-0.09537890553474426,-0.0059085628017783165,-0.04440299607813358,-0.06076987931737676,0.02094350289553404,-0.05737791210412979,-0.05946735944598913,0.016102089546620846,-0.04859498981386423,-0.09162372350692749,0.004737864248454571,-0.028229210525751114,-0.0875826496630907,0.01152772270143032,-0.028441578149795532,-0.06090805627172813,0.03168066591024399,-0.03937534615397453,-0.06023782410193235,0.027886267751455307,-0.03647518530488014,-0.08247997239232063,0.019450281746685505,-0.01597079262137413,-0.08528628386557102,0.02210107445716858,-0.015184249728918076,-0.06880906596779823
0.0,0.0,0.0,-0.023928191512823105,-0.009812362492084503,-0.03016357123851776,-0.0316243264824152,-0.02967294119298458,-0.055050826631486416,-0.037172986194491386,-0.05098265316337347,-0.08395909890532494,-0.028379390016198158,-0.069317277520895,-0.1010880209505558,-0.026371611282229424,-0.05618397332727909,-0.07134972652420402,-0.04015403427183628,-0.05422251019626856,-0.09559547156095505,-0.0414846446365118,-0.04967336356639862,-0.09411908313632011,-0.04110818915069103,-0.05304581392556429,-0.0775565542280674,-0.008226173929870129,-0.055945375468581915,-0.06439995765686035,-0.011403643526136875,-0.05091747152619064,-0.10084671154618263,-0.020053809508681297,-0.02716781198978424,-0.09661482088267803,-0.010701444000005722,-0.035910953767597675,-0.0638508633710444,0.011673610657453537,-0.05042921984568238,-0.06454899092204869,0.00449335714802146,-0.03632934484630823,-0.09501640498638153,-0.003760303370654583,-0.01750606670975685,-0.08777329884469509,0.005274467170238495,-0.01979576051235199,-0.061229133047163486,0.021642548963427544,-0.03481931611895561,-0.0631190612912178,0.0165525134652853,-0.02751358225941658,-0.08337793126702309,0.008854282088577747,-0.007141560316085815,-0.0838265810161829,0.013353502377867699,-0.00915447250008583,-0.06595346773974597
0.0,0.0,0.0,-0.023050667718052864,-0.017882615327835083,-0.028988264501094818,-0.030231421813368797,-0.04826632793992758,-0.045871056616306305,-0.040737783536314964,-0.08150168880820274,-0.06342185780522414,-0.04744437895715237,-0.11617066711187363,-0.07022036984562874,-0.014923786744475365,-0.07509110122919083,-0.06559017952531576,-0.025178169831633568,-0.0710928151383996,-0.09051232226192951,-0.025011925026774406,-0.06099386140704155,-0.08740700967609882,-0.02275487594306469,-0.057271226309239864,-0.06439925287850201,0.004848324693739414,-0.07070313161239028,-0.059794449247419834,0.0018002702854573727,-0.06433781888335943,-0.09917129948735237,-0.011767899617552757,-0.03890501707792282,-0.0981265977025032,-0.0021415352821350098,-0.04315664991736412,-0.0654400591738522,0.025085950270295143,-0.05876420484855771,-0.0613515815930441,0.01591889327391982,-0.04741067625582218,-0.09413292072713375,0.004102904349565506,-0.027250032871961594,-0.08925146609544754,0.011199180036783218,-0.026401523500680923,-0.06259460430010222,0.03282037004828453,-0.04067966714501381,-0.06107494654133916,0.029049362987279892,-0.03627262823283672,-0.08559257350862026,0.017376381903886795,-0.013261225074529648,-0.09020636230707169,0.018781159073114395,-0.015952490270137787,-0.07445601560175419
0.0,0.0,0.0,-0.024208365008234978,-0.01368642970919609,-0.03040645271539688,-0.029116734862327576,-0.036583734676241875,-0.05393010750412941,-0.028877325356006622,-0.05983541067689657,-0.08236469887197018,-0.009939160197973251,-0.07634890731424093,-0.10239329934120178,-0.020008167251944542,-0.06914327712729573,-0.06925475993193686,-0.03597520291805267,-0.07018705550581217,-0.09412450902163982,-0.04116591066122055,-0.06833367422223091,-0.09413590468466282,-0.04322505742311478,-0.07099412940442562,-0.07581317517906427,0.0005771871656179428,-0.06858470989391208,-0.06287484569475055,-0.005142997018992901,-0.06442169635556638,-0.09965907782316208,-0.016831791028380394,-0.03970165178179741,-0.09599537029862404,-0.004109012894332409,-0.04747078847140074,-0.058500129263848066,0.021453652530908585,-0.0589806935749948,-0.06378047179896384,0.010762204881757498,-0.04724778700619936,-0.09550577588379383,0.0006589163094758987,-0.02587411180138588,-0.08797563798725605,0.010352243669331074,-0.02776375040411949,-0.06031048344448209,0.029447298496961594,-0.04111680015921593,-0.06263236957602203,0.025010686367750168,-0.036790069192647934,-0.08368935436010361,0.016268234699964523,-0.014780785888433456,-0.08510987088084221,0.021425778046250343,-0.016388896852731705,-0.06734962994232774
0.0,0.0,0.0,-0.026006300002336502,-0.010981742292642593,-0.03157995641231537,-0.03132248297333717,-0.03364292532205582,-0.05758283194154501,-0.033286452293395996,-0.059067350812256336,-0.08868683502078056,-0.019604124128818512,-0.079472117125988,-0.10394065827131271,-0.02521483600139618,-0.06125859636813402,-0.07509377878159285,-0.03882709890604019,-0.06547214463353157,-0.10031520575284958,-0.04332814738154411,-0.0647430932149291,-0.100282933562994,-0.04690537974238396,-0.0705728530883789,-0.08786890096962452,-0.004867821000516415,-0.06000121496617794,-0.06594518385827541,-0.006965969689190388,-0.057234009727835655,-0.10493333637714386,-0.019297845661640167,-0.03382393345236778,-0.09992989152669907,-0.00803459994494915,-0.04352209344506264,-0.0652352839242667,0.016570869833230972,-0.05071223387494683,-0.06554525764659047,0.008380535058677197,-0.039259325712919235,-0.0986555963754654,-0.002848532050848007,-0.01901433616876602,-0.0896111186593771,0.00615893118083477,-0.021303262561559677,-0.05859910510480404,0.02457367070019245,-0.03450673446059227,-0.06279436498880386,0.019999727606773376,-0.028134439140558243,-0.08298911806195974,0.00933820940554142,-0.0050570666790008545,-0.08473694883286953,0.015541335567831993,-0.008097060024738312,-0.06354345381259918
0.0,0.0,0.0,-0.028043052181601524,-0.009963110089302063,-0.030526820570230484,-0.031138742342591286,-0.031520698219537735,-0.0584872467443347,-0.026860374957323074,-0.05144017469137907,-0.09266554564237595,-0.003834316274151206,-0.06571508292108774,-0.11307705566287041,-0.02576526068150997,-0.06483766064047813,-0.07669357117265463,-0.03936654515564442,-0.08473785780370235,-0.09162290394306183,-0.04169094003736973,-0.10403022542595863,-0.09967692382633686,-0.0451869610697031,-0.12253621220588684,-0.11184567213058472,-0.005487356102094054,-0.06526487553492188,-0.0693307553883642,-0.011662159115076065,-0.06428839266300201,-0.109432902187109,-0.01883278414607048,-0.03761119581758976,-0.10430486127734184,-0.008245768491178751,-0.03996088728308678,-0.07002414378803223,0.014733895659446716,-0.053529863711446524,-0.06950331246480346,0.00447520986199379,-0.04477225337177515,-0.10461102426052094,-0.005048522725701332,-0.021779093891382217,-0.09550910256803036,0.0027627814561128616,-0.020039930939674377,-0.0607347683981061,0.01988903619349003,-0.03813431039452553,-0.06632454041391611,0.015223078429698944,-0.03289366140961647,-0.08849051035940647,0.006703974679112434,-0.008552871644496918,-0.08897563628852367,0.014879755675792694,-0.008815176784992218,-0.06136822979897261
0.0,0.0,0.0,-0.02648518793284893,-0.016766980290412903,-0.02855497971177101,-0.029028093442320824,-0.04037826880812645,-0.05165924970060587,-0.02360801212489605,-0.06509857531636953,-0.08423944935202599,0.002605327172204852,-0.07353093102574348,-0.10537638142704964,-0.01989504136145115,-0.07355643063783646,-0.06841862574219704,-0.030226172879338264,-0.0950895193964243,-0.0827203020453453,-0.03126356936991215,-0.11545661464333534,-0.09054729901254177,-0.03305070661008358,-0.13453805446624756,-0.0986822322010994,0.0035387473180890083,-0.07117515709251165,-0.06246318994089961,-0.005500081926584244,-0.07515625189989805,-0.10218280553817749,-0.01642068848013878,-0.04832517169415951,-0.09724748134613037,0.001656852662563324,-0.0436150748282671,-0.061670969473198056,0.024320358410477638,-0.05826807068660855,-0.06467174360295758,0.006811650935560465,-0.056318238377571106,-0.09884293749928474,-0.003936910070478916,-0.031978003680706024,-0.08949841186404228,0.007175961509346962,-0.024408668279647827,-0.058034478686749935,0.026741713285446167,-0.044980183243751526,-0.06272110296413302,0.02068634331226349,-0.045438649132847786,-0.08530214428901672,0.00936991348862648,-0.02299995720386505,-0.0863582193851471,0.020007535815238953,-0.019092515110969543,-0.06111020874232054
0.0,0.0,0.0,-0.013077359646558762,-0.03496545925736427,-0.0009163208305835724,-0.002212703227996826,-0.06514428928494453,0.0076250359416007996,0.019631794653832912,-0.0912061296403408,0.011654503643512726,0.04013196751475334,-0.09734877943992615,0.008267268538475037,0.008511761203408241,-0.09985522367060184,-0.03239208669401705,0.01645708456635475,-0.13154663890600204,-0.030604105908423662,0.01869409717619419,-0.15910372138023376,-0.020080010406672955,0.01716398075222969,-0.1845945119857788,-0.014972709119319916,0.03083344013430178,-0.08876698929816484,-0.03768535191193223,0.04726285394281149,-0.10669288784265518,-0.020986330695450306,0.040066524874418974,-0.0978580517694354,0.006605647504329681,0.028775325510650873,-0.0876959734596312,0.03312547877430916,0.0505490954965353,-0.0747502502053976,-0.03677963011432439,0.059291571378707886,-0.0849305335432291,-0.012080160900950432,0.05149679630994797,-0.07671411521732807,0.011418037116527557,0.04364672861993313,-0.06385495886206627,0.028064634650945663,0.06049908511340618,-0.0563790462911129,-0.026605624705553055,0.06787770241498947,-0.06901728082448244,-0.011771250516176224,0.06641746312379837,-0.06684191524982452,0.01102917268872261,0.05659474804997444,-0.057330766692757607,0.017136510461568832
0.0,0.0,0.0,-0.024997316300868988,-0.017210569232702255,-0.029238488525152206,-0.02660718932747841,-0.040870632976293564,-0.052157992497086525,-0.019169658422470093,-0.06630724668502808,-0.08227925188839436,0.009818974882364273,-0.07387248612940311,-0.10113890841603279,-0.016013137996196747,-0.07299596164375544,-0.06805178849026561,-0.02534029260277748,-0.09311038255691528,-0.08484288118779659,-0.02611842006444931,-0.11171026900410652,-0.09533354453742504,-0.02721507102251053,-0.12816749513149261,-0.10523232072591782,0.0069912876933813095,-0.07115574926137924,-0.061785944271832705,-0.0016523059457540512,-0.0730124032124877,-0.10214626044034958,-0.012372726574540138,-0.047714125365018845,-0.09994560852646828,0.005032477434724569,-0.045186229050159454,-0.06519467674661428,0.026340100914239883,-0.05792261241003871,-0.06381523894378915,0.008987254463136196,-0.05455491691827774,-0.09913726896047592,-0.002545485273003578,-0.03154432773590088,-0.09109081327915192,0.008572794497013092,-0.02611880749464035,-0.05842672614380717,0.028112370520830154,-0.04442078806459904,-0.061446092557162046,0.02207239903509617,-0.042931102216243744,-0.08379805460572243,0.009199857711791992,-0.02074437215924263,-0.08722851052880287,0.0211704820394516,-0.01887127384543419,-0.06116200261749327
0.0,0.0,0.0,-0.024412810802459717,-0.02009018510580063,-0.030119378119707108,-0.02493159845471382,-0.045387955382466316,-0.050145791843533516,-0.017638567835092545,-0.07248785067349672,-0.08045670948922634,0.011891362722963095,-0.0769634423777461,-0.1001797616481781,-0.01216188445687294,-0.07725847698748112,-0.06646691262722015,-0.018928848206996918,-0.09990226477384567,-0.080085389316082,-0.017460640519857407,-0.12078524380922318,-0.09061336703598499,-0.0181850865483284,-0.1393945813179016,-0.09969742968678474,0.011474428698420525,-0.07292571244761348,-0.06091028987430036,0.001997501589357853,-0.07900770287960768,-0.10251312330365181,-0.011383119970560074,-0.05327414255589247,-0.10112946853041649,0.00586958322674036,-0.04894517362117767,-0.06592748872935772,0.03025185503065586,-0.05794248357415199,-0.06372611518600024,0.011564267915673554,-0.060918872244656086,-0.10035055875778198,-0.001362842507660389,-0.036680907011032104,-0.09249689802527428,0.0086197629570961,-0.027574576437473297,-0.060917696449905634,0.031183864921331406,-0.04486931674182415,-0.06177985458634794,0.026049100793898106,-0.04775119386613369,-0.08560863882303238,0.012304950505495071,-0.026845209300518036,-0.09079732187092304,0.022082721814513206,-0.02179775759577751,-0.0649133485276252
0.0,0.0,0.0,-0.025418134406208992,-0.02125631272792816,-0.029023703187704086,-0.02436874620616436,-0.04725603759288788,-0.05003997590392828,-0.016461215913295746,-0.07283072359859943,-0.07857310771942139,0.011800470761954784,-0.079440888017416,-0.09683014079928398,-0.011614305898547173,-0.07969613559544086,-0.06486585177481174,-0.017263995483517647,-0.10721724852919579,-0.07241861615329981,-0.01555558480322361,-0.13035725057125092,-0.07985930889844894,-0.01699303276836872,-0.15189500153064728,-0.08988653868436813,0.0118301622569561,-0.0743434801697731,-0.05916924518533051,0.0019881054759025574,-0.08452766388654709,-0.1010633185505867,-0.010827599093317986,-0.05830403417348862,-0.10145707055926323,0.0044172462075948715,-0.05113748274743557,-0.0644872768316418,0.03032517619431019,-0.058600859716534615,-0.0609595236601308,0.015516638522967696,-0.06380962464027107,-0.09947451204061508,-0.0003084838390350342,-0.04021063819527626,-0.09389466792345047,0.0061536915600299835,-0.029072701930999756,-0.05883705080486834,0.033103179186582565,-0.04345112666487694,-0.058536995900794864,0.027986902743577957,-0.04858288913965225,-0.08296741731464863,0.013681694865226746,-0.02897357940673828,-0.08997771516442299,0.022768961265683174,-0.02273968607187271,-0.0632593035697937
0.0,0.0,0.0,-0.026317816227674484,-0.02031223103404045,-0.02869591861963272,-0.025401532649993896,-0.04625505395233631,-0.05206173285841942,-0.019995365291833878,-0.07054484635591507,-0.08132471889257431,0.004460053984075785,-0.07865306735038757,-0.09900091961026192,-0.014458946883678436,-0.08113625273108482,-0.06939349370077252,-0.020033814013004303,-0.10897049307823181,-0.07548797409981489,-0.01716671884059906,-0.1320270374417305,-0.08115028496831656,-0.017733853310346603,-0.1558469533920288,-0.09095059148967266,0.008093540091067553,-0.07556679286062717,-0.0631392695941031,-0.00276398379355669,-0.0843355804681778,-0.10590047389268875,-0.01568429544568062,-0.05697467364370823,-0.10448339581489563,-0.0014303568750619888,-0.04967787675559521,-0.06685251218732446,0.026961596682667732,-0.05967660527676344,-0.0642416481859982,0.012458916520699859,-0.06119604269042611,-0.10355765372514725,-0.0038747284561395645,-0.03749413974583149,-0.09701495990157127,0.00257011316716671,-0.027667708694934845,-0.05876608192920685,0.0301666297018528,-0.04299122467637062,-0.0612858128733933,0.02415198367089033,-0.04578162357211113,-0.08549129217863083,0.009709024801850319,-0.026076987385749817,-0.09233066067099571,0.0191032737493515,-0.021633032709360123,-0.06299504241906106
0.0,0.0,0.0,-0.028285816311836243,-0.018333975225687027,-0.027027122676372528,-0.03070078417658806,-0.042083740234375,-0.05564191937446594,-0.027153871953487396,-0.0644324878230691,-0.08806933276355267,-0.0038329181261360645,-0.07410901272669435,-0.11154517903923988,-0.024747394025325775,-0.08166111260652542,-0.07002727128565311,-0.029505249112844467,-0.10980537161231041,-0.07796466629952192,-0.026014795526862144,-0.13230832666158676,-0.08178881462663412,-0.02905138209462166,-0.15619772672653198,-0.09579126536846161,-0.001651138998568058,-0.07730534533038735,-0.06458518654108047,-0.01235939934849739,-0.08167532924562693,-0.10711067914962769,-0.022419529035687447,-0.05462703574448824,-0.10635359212756157,-0.01206902600824833,-0.04958144761621952,-0.07370229437947273,0.019035078585147858,-0.0622476595453918,-0.0667697642929852,0.0057591223157942295,-0.05860290490090847,-0.10298877581954002,-0.008653194643557072,-0.033840812742710114,-0.0963683407753706,-0.0012518260627985,-0.027205169200897217,-0.06009361753240228,0.025476016104221344,-0.04419018514454365,-0.06550066568888724,0.01559632271528244,-0.04134448431432247,-0.08644759096205235,0.003966143354773521,-0.019761204719543457,-0.08858309872448444,0.014058297500014305,-0.018470995128154755,-0.05852091126143932
0.0,0.0,0.0,-0.028073202818632126,-0.01989693194627762,-0.026167020201683044,-0.02787826955318451,-0.045348020270466805,-0.054159742780029774,-0.023064542561769485,-0.06675175670534372,-0.08527309074997902,0.0003885221667587757,-0.07664779666811228,-0.10903570055961609,-0.01878228783607483,-0.08441330678761005,-0.0677779404213652,-0.024122843518853188,-0.11182001233100891,-0.07603918015956879,-0.020520176738500595,-0.13436800986528397,-0.07891403138637543,-0.02157510444521904,-0.1595778986811638,-0.09078368358314037,0.004159252857789397,-0.07879151217639446,-0.06325581297278404,-0.008374655619263649,-0.08277011755853891,-0.10514026507735252,-0.020334376022219658,-0.05574957374483347,-0.10274819284677505,-0.007795616053044796,-0.0501642394810915,-0.07017381675541401,0.021745442412793636,-0.06290411530062556,-0.0648734139977023,0.007462325505912304,-0.05889137461781502,-0.10257923230528831,-0.008482839912176132,-0.03517888858914375,-0.096653301268816,0.0012918878346681595,-0.02762029320001602,-0.057640708051621914,0.02563224360346794,-0.04463323578238487,-0.06369704310782254,0.017004147171974182,-0.04239920526742935,-0.0857163816690445,0.004581209272146225,-0.02178299054503441,-0.08859522826969624,0.01560252346098423,-0.019487038254737854,-0.0595393031835556
0.0,0.0,0.0,-0.02174726128578186,-0.021168023347854614,-0.02804211527109146,-0.020478837192058563,-0.04494849964976311,-0.05107721872627735,-0.008670799434185028,-0.06610376294702291,-0.08221051841974258,0.018998130224645138,-0.06693193409591913,-0.10299854353070259,-0.001689806580543518,-0.07556369341909885,-0.06733784079551697,-0.0062018949538469315,-0.098052266985178,-0.08151568472385406,-0.0022990889847278595,-0.11650442704558372,-0.09158078022301197,8.143484592437744e-06,-0.1356121003627777,-0.09949252754449844,0.02161704981699586,-0.067995919380337,-0.06230457779020071,0.014493575319647789,-0.07235036324709654,-0.09956903383135796,-0.0022735334932804108,-0.048734504729509354,-0.0959475003182888,0.009899559430778027,-0.041960082948207855,-0.06377502670511603,0.03867490962147713,-0.051272797398269176,-0.06439302810213121,0.020329661667346954,-0.0504442322999239,-0.09696689248085022,0.003959793597459793,-0.030866477638483047,-0.08680834993720055,0.012779098004102707,-0.024066470563411713,-0.05552141461521387,0.03915654681622982,-0.036066293716430664,-0.061524426797404885,0.03326575458049774,-0.03622573800384998,-0.08324598334729671,0.016598843038082123,-0.019384849816560745,-0.08517549932003021,0.025489529594779015,-0.015133984386920929,-0.06038625165820122
0.0,0.0,0.0,-0.02380209043622017,-0.02079792693257332,-0.02678925171494484,-0.022572513669729233,-0.04262802191078663,-0.05052603781223297,-0.01689556986093521,-0.0681933918967843,-0.07658823765814304,0.01196183543652296,-0.0745914289727807,-0.09597199410200119,-0.008523359894752502,-0.07618560455739498,-0.06001947319600731,-0.02090415358543396,-0.08540203049778938,-0.08311853557825089,-0.02576758712530136,-0.09245258383452892,-0.08842463791370392,-0.0293579138815403,-0.10028984397649765,-0.08065800741314888,0.015262088039889932,-0.07092687720432878,-0.05525787430815399,0.006796803325414658,-0.07221243344247341,-0.09342243522405624,-0.0068129803985357285,-0.049293240532279015,-0.09046271815896034,0.010949351824820042,-0.049255204387009144,-0.05873064961633645,0.03527933172881603,-0.05590658960863948,-0.05892301208223216,0.017875826451927423,-0.0529759656637907,-0.09187715128064156,0.004295744001865387,-0.03200176730751991,-0.08428862690925598,0.014627236872911453,-0.027916207909584045,-0.05457145208492875,0.037241457030177116,-0.03876025974750519,-0.05817518581170589,0.031248118728399277,-0.03937136195600033,-0.07894103415310383,0.01730051077902317,-0.02190408855676651,-0.08383304812014103,0.026207132264971733,-0.020026221871376038,-0.060616960283368826
0.0,0.0,0.0,-0.0258070956915617,-0.017311114817857742,-0.02732653170824051,-0.028138933703303337,-0.039508746936917305,-0.05068308673799038,-0.022798778489232063,-0.0646611861884594,-0.08245246671140194,0.0037350179627537727,-0.07265294436365366,-0.10156575590372086,-0.019082533195614815,-0.07434163987636566,-0.06660023890435696,-0.02839346043765545,-0.0960787832736969,-0.07911441009491682,-0.03012111969292164,-0.11824408546090126,-0.08858304098248482,-0.033766379579901695,-0.13646288216114044,-0.09741683304309845,0.004782096249982715,-0.07215376570820808,-0.06211378495208919,-0.004468239843845367,-0.07543287519365549,-0.10242143273353577,-0.014506112784147263,-0.04872489906847477,-0.09873497113585472,0.0013794628903269768,-0.04614672437310219,-0.06352403160417452,0.024971136823296547,-0.057959213852882385,-0.0641150361916516,0.008458192460238934,-0.055987716652452946,-0.09883208945393562,-0.0019610626623034477,-0.03173312544822693,-0.09000773541629314,0.008006246760487556,-0.02534625679254532,-0.05781200993806124,0.02832714654505253,-0.043202757835388184,-0.06290670286398381,0.022142238914966583,-0.04284885339438915,-0.08382953703403473,0.010200457647442818,-0.021205898374319077,-0.08647224679589272,0.021286452189087868,-0.019007086753845215,-0.06036165123805404
0.0,0.0,0.0,-0.026004241779446602,-0.01815463975071907,-0.029075752943754196,-0.02751055359840393,-0.04265354946255684,-0.0510184308513999,-0.022394835948944092,-0.06667779106646776,-0.08179342187941074,0.002956913784146309,-0.07773080747574568,-0.09839402139186859,-0.021768711507320404,-0.0766368955373764,-0.06379223382100463,-0.033098071813583374,-0.10067484900355339,-0.07331575732678175,-0.03603299707174301,-0.12310361117124557,-0.08417427353560925,-0.041959356516599655,-0.14085526764392853,-0.09616108611226082,0.001411018194630742,-0.07589002791792154,-0.0565401972271502,-0.006530379876494408,-0.08000846020877361,-0.09861069545149803,-0.01564335823059082,-0.05189192108809948,-0.09858397394418716,4.105130210518837e-05,-0.048634324222803116,-0.062374538043513894,0.022862251847982407,-0.06178677501156926,-0.0578229344682768,0.008800626732409,-0.05954677890986204,-0.09562144801020622,-0.0016437452286481857,-0.033640727400779724,-0.08944908902049065,0.007090667262673378,-0.02724231407046318,-0.055632616858929396,0.02720518410205841,-0.046208592131733894,-0.057276029139757156,0.0215061716735363,-0.04629772901535034,-0.0813980270177126,0.010880064219236374,-0.023710347712039948,-0.08666716329753399,0.022679070010781288,-0.021796144545078278,-0.05857841204851866
0.0,0.0,0.0,-0.013150569051504135,-0.034504473209381104,-0.0017367079854011536,-0.001903589814901352,-0.0647481307387352,0.007054541260004044,0.020855095237493515,-0.09106089686974883,0.011236391961574554,0.040811290964484215,-0.09811216220259666,0.007291115820407867,0.008827321231365204,-0.10012044943869114,-0.034134704153984785,0.01694951206445694,-0.13141551613807678,-0.032609900925308466,0.01934099942445755,-0.15916204452514648,-0.021590838208794594,0.017636653035879135,-0.18492140620946884,-0.016598938032984734,0.031187365762889385,-0.0887588644400239,-0.039519908372312784,0.04755811672657728,-0.10677161253988743,-0.02290495950728655,0.04076880356296897,-0.0976069588214159,0.005331702530384064,0.029136578552424908,-0.08728865534067154,0.03186095878481865,0.050666128285229206,-0.07484292425215244,-0.03847320633940399,0.060015950351953506,-0.08473115414381027,-0.013640889897942543,0.05232011340558529,-0.07671194709837437,0.010051656514406204,0.04433756694197655,-0.06360205262899399,0.02681485190987587,0.060770753771066666,-0.056318413466215134,-0.027899054810404778,0.0686684362590313,-0.06903176382184029,-0.01342780888080597,0.0675743892788887,-0.06702826172113419,0.00930875912308693,0.0574474111199379,-0.05714760720729828,0.015617802739143372
0.0,0.0,0.0,-0.027777748182415962,-0.017614953219890594,-0.029772693291306496,-0.031174447387456894,-0.04473843052983284,-0.05077965836971998,-0.028851814568042755,-0.0690774591639638,-0.07961753755807877,-0.0044173672795295715,-0.08210555836558342,-0.09831874072551727,-0.02573072910308838,-0.07838975125923753,-0.06197173870168626,-0.03783551976084709,-0.10371564328670502,-0.0707758404314518,-0.04206157103180885,-0.12529431283473969,-0.07936240546405315,-0.04886574670672417,-0.14542166143655777,-0.09083192050457001,-0.002743000630289316,-0.07721609249711037,-0.05525094806216657,-0.012173214927315712,-0.08432806935161352,-0.09889784455299377,-0.022114988416433334,-0.05488727428019047,-0.10083088651299477,-0.00480439979583025,-0.051907528191804886,-0.06319725094363093,0.018431399017572403,-0.06447303155437112,-0.05601600604131818,0.00410498958081007,-0.06369786523282528,-0.09651879221200943,-0.006965432316064835,-0.036053355783224106,-0.09190342575311661,0.003315132111310959,-0.02861012890934944,-0.05525568011216819,0.02400992624461651,-0.04974513500928879,-0.05559287988580763,0.017001356929540634,-0.05022716522216797,-0.08161033317446709,0.006400063633918762,-0.02768763154745102,-0.08738502860069275,0.017924858257174492,-0.02424478903412819,-0.05901872250251472
0.0,0.0,0.0,-0.03132213279604912,-0.01826755702495575,-0.025506218895316124,-0.036252159625291824,-0.04525694623589516,-0.04786148853600025,-0.03502797707915306,-0.07118355203419924,-0.07677256874740124,-0.013010645285248756,-0.0859651593491435,-0.1001015305519104,-0.030288763344287872,-0.08399183209985495,-0.054771452909335494,-0.04009488224983215,-0.10859907045960426,-0.06423051748424768,-0.04556798189878464,-0.13258739560842514,-0.07157019712030888,-0.053711604326963425,-0.15408285707235336,-0.08493568934500217,-0.005778771825134754,-0.0827951212413609,-0.0523278689943254,-0.018470633774995804,-0.09088191390037537,-0.09520461410284042,-0.02878287062048912,-0.0613859323784709,-0.09730677679181099,-0.01201810222119093,-0.054439473897218704,-0.06374789122492075,0.0145674217492342,-0.07024377211928368,-0.057371433707885444,-0.0022893454879522324,-0.06861802702769637,-0.09520243853330612,-0.013002283871173859,-0.041300252079963684,-0.09276950731873512,-0.0021683387458324432,-0.029349956661462784,-0.057053393160458654,0.023937150835990906,-0.05223762430250645,-0.05796942440792918,0.011434799060225487,-0.05204041302204132,-0.0834696777164936,0.0008205175399780273,-0.032340943813323975,-0.08834879472851753,0.01388501189649105,-0.025949493050575256,-0.06056927936151624
0.0,0.0,0.0,-0.024241622537374496,-0.023000840097665787,-0.0248262919485569,-0.02480926737189293,-0.051201943308115005,-0.04094293899834156,-0.019297871738672256,-0.07824210915714502,-0.06863483414053917,0.008277141489088535,-0.08556978031992912,-0.08946961164474487,-0.012169700115919113,-0.08178659155964851,-0.05255188123555854,-0.02274002507328987,-0.1034410297870636,-0.06500808335840702,-0.02385273203253746,-0.1251106597483158,-0.0766306184232235,-0.027803726494312286,-0.1437365561723709,-0.08741220831871033,0.011957365553826094,-0.07658614730462432,-0.04859271994791925,-0.00010682269930839539,-0.08560875430703163,-0.08756662160158157,-0.014646146446466446,-0.06036254670470953,-0.08786920458078384,0.006131497211754322,-0.05119825340807438,-0.05594704393297434,0.03147101774811745,-0.06157233752310276,-0.052833622437901795,0.009275341872125864,-0.06472360156476498,-0.08746630698442459,-0.003740958869457245,-0.041302215307950974,-0.08094613999128342,0.007402809336781502,-0.029250528663396835,-0.05413359776139259,0.03242521546781063,-0.046910613775253296,-0.053583800443448126,0.02377135492861271,-0.0515279620885849,-0.07500619255006313,0.010439423844218254,-0.03285229951143265,-0.08049744553864002,0.023272700607776642,-0.024812959134578705,-0.05913106491789222
0.0,0.0,0.0,-0.026153888553380966,-0.024122346192598343,-0.020177658647298813,-0.02901993691921234,-0.05167374014854431,-0.04148303344845772,-0.02659967914223671,-0.07870156224817038,-0.07020005770027637,-0.004544085822999477,-0.08843054343014956,-0.09487001597881317,-0.01794404163956642,-0.08908085897564888,-0.04979730932973325,-0.026481080800294876,-0.11545427516102791,-0.05851972242817283,-0.02899348735809326,-0.1373194083571434,-0.06464877910912037,-0.035989295691251755,-0.1625300645828247,-0.08001049980521202,0.004259465029463172,-0.08406883710995317,-0.049434252781793475,-0.010615888983011246,-0.09506642073392868,-0.08733465895056725,-0.024236274883151054,-0.0684884088113904,-0.08820376545190811,-0.006207451224327087,-0.058107851073145866,-0.057521122973412275,0.022003136575222015,-0.06942222267389297,-0.05521386326290667,0.0021739834919571877,-0.0702518024481833,-0.08698218688368797,-0.011933386325836182,-0.04674610495567322,-0.08266096375882626,0.000783093273639679,-0.03412456065416336,-0.0524989547993755,0.02702932059764862,-0.05205439031124115,-0.05598562164232135,0.010960814543068409,-0.05120160058140755,-0.07881350629031658,0.00044307857751846313,-0.03421061486005783,-0.08048299141228199,0.013915378600358963,-0.02909037470817566,-0.05689548933878541
0.0,0.0,0.0,-0.024508338421583176,-0.0254862979054451,-0.018017150461673737,-0.028154879808425903,-0.051563140004873276,-0.037171436473727226,-0.025721147656440735,-0.07911084778606892,-0.06641570385545492,-0.00685996375977993,-0.08895612601190805,-0.09129658341407776,-0.013381816446781158,-0.08973855711519718,-0.048602146096527576,-0.020428942516446114,-0.11565709859132767,-0.05796752264723182,-0.021875422447919846,-0.13741251081228256,-0.06300132442265749,-0.027337290346622467,-0.16151916235685349,-0.08013376779854298,0.007353699533268809,-0.0819959556683898,-0.05042753159068525,-0.008233904838562012,-0.0962715744972229,-0.08477612026035786,-0.026090849190950394,-0.07241333276033401,-0.08287235163152218,-0.012079738080501556,-0.055483393371105194,-0.058355721179395914,0.022610358893871307,-0.06645064242184162,-0.05817936500534415,-0.0008070925250649452,-0.06923793163150549,-0.08500687964260578,-0.015011122450232506,-0.048574939370155334,-0.0794551707804203,-0.0027413927018642426,-0.031156864017248154,-0.051893789670430124,0.02595626190304756,-0.04759772680699825,-0.06000361265614629,0.00812423974275589,-0.051409654319286346,-0.07756758108735085,-0.0037065809592604637,-0.03624260425567627,-0.07708320766687393,0.007115505635738373,-0.026854857802391052,-0.05808053398504853
0.0,0.0,0.0,-0.01883120834827423,-0.02633819729089737,-0.01681702211499214,-0.019171535968780518,-0.05145510099828243,-0.030903935432434082,-0.014059480279684067,-0.07860572449862957,-0.06500189378857613,0.0040269698947668076,-0.08693677932024002,-0.08606676012277603,0.0033491775393486023,-0.08482663705945015,-0.04440676048398018,-0.0012578368186950684,-0.1096392497420311,-0.053789371275343,-0.00016560032963752747,-0.13210151344537735,-0.05905970558524132,-0.004310233518481255,-0.151663139462471,-0.07029243931174278,0.022188024129718542,-0.07574339164420962,-0.05004801647737622,0.007695586420595646,-0.09000296145677567,-0.0773813296109438,-0.010188218206167221,-0.06621350720524788,-0.07193815894424915,0.0021852701902389526,-0.04933473281562328,-0.04811492096632719,0.03563594166189432,-0.0583022516220808,-0.05841471068561077,0.00875362940132618,-0.06335550267249346,-0.08057587966322899,-0.004318594932556152,-0.044600510969758034,-0.0693751722574234,0.0021829307079315186,-0.030328266322612762,-0.048228873405605555,0.0351393511518836,-0.04077741131186485,-0.061915154568850994,0.0162202725186944,-0.04932896047830582,-0.0746380090713501,0.005407992750406265,-0.03832022845745087,-0.07234227657318115,0.012541871517896652,-0.029357369989156723,-0.058593110647052526
0.0,0.0,0.0,-0.02004212699830532,-0.025361593812704086,-0.012071862816810608,-0.02319062314927578,-0.0500219352543354,-0.028387416154146194,-0.024029621854424477,-0.07445712201297283,-0.06290825502946973,-0.01007363386452198,-0.08587629720568657,-0.08570418134331703,0.0005800779908895493,-0.08570683188736439,-0.04644561465829611,-0.005113773047924042,-0.1112671010196209,-0.05711502052145079,-0.006103662773966789,-0.13442277163267136,-0.06330487644299865,-0.011394700035452843,-0.1530809924006462,-0.08054900914430618,0.017739342991262674,-0.07851133774966002,-0.05360529315657914,0.0008024219423532486,-0.09058314003050327,-0.07591851614415646,-0.014071701094508171,-0.06909352540969849,-0.06531308405101299,-0.003745032474398613,-0.05209582485258579,-0.04462766274809837,0.029205731116235256,-0.060726098716259,-0.06409272411838174,0.002774781547486782,-0.06137750297784805,-0.07970987260341644,-0.008304426446557045,-0.04438385181128979,-0.06551298219710588,-0.0011177733540534973,-0.03233584016561508,-0.0440806970000267,0.028318646363914013,-0.04154104180634022,-0.06699967477470636,0.008085865527391434,-0.04665732383728027,-0.07898278906941414,-0.00017468445003032684,-0.03562454879283905,-0.06984715070575476,0.006849000230431557,-0.02942267432808876,-0.05308940284885466
0.0,0.0,0.0,-0.019042180851101875,-0.025801997631788254,-0.01325879618525505,-0.02198064513504505,-0.04872523620724678,-0.027946118265390396,-0.026501750573515892,-0.07051078230142593,-0.06276011932641268,-0.014305459335446358,-0.08456192910671234,-0.08511078357696533,0.003669590689241886,-0.08358933962881565,-0.04838376585394144,-0.002144990488886833,-0.1085839569568634,-0.0593960916303331,-0.003687456250190735,-0.13190056383609772,-0.06572847394272685,-0.01081591285765171,-0.1495766043663025,-0.08524012565612793,0.01862093643285334,-0.07623579259961843,-0.05709076556377113,0.0023111850023269653,-0.08866376802325249,-0.07264842558652163,-0.011469649150967598,-0.06931793969124556,-0.06115598080214113,-0.0007784981280565262,-0.05278262309730053,-0.0429794043302536,0.02781631611287594,-0.05905704200267792,-0.06710020080208778,0.0027907639741897583,-0.05850323848426342,-0.07888267748057842,-0.006481155753135681,-0.04437851905822754,-0.06399593129754066,0.0009541530162096024,-0.03180812671780586,-0.038955897092819214,0.025544241070747375,-0.03922075219452381,-0.0692739775404334,0.00591534748673439,-0.04545682668685913,-0.08053615130484104,-0.0007041674107313156,-0.036548152565956116,-0.07074686791747808,0.0052040573209524155,-0.029963567852973938,-0.05538027221336961
0.0,0.0,0.0,-0.01969308964908123,-0.026627380400896072,-0.012596473097801208,-0.02329540066421032,-0.050434062257409096,-0.027247047051787376,-0.030233127996325493,-0.07050003297626972,-0.06072223954834044,-0.01845533587038517,-0.0860527940094471,-0.08268258348107338,0.0035214535892009735,-0.0855071609839797,-0.04688084498047829,-0.002743879333138466,-0.1087363213300705,-0.059193850902374834,-0.00637437216937542,-0.1320568099617958,-0.06672924757003784,-0.014179298654198647,-0.14801350980997086,-0.08852200210094452,0.017996904207393527,-0.07793686259537935,-0.055756109999492764,0.000931963324546814,-0.09030051343142986,-0.07158265076577663,-0.013955758884549141,-0.07220307644456625,-0.060584283666685224,0.002111661247909069,-0.05646876897662878,-0.04055948741734028,0.026531455107033253,-0.05945098865777254,-0.0658745844848454,-0.0014070738106966019,-0.059895364567637444,-0.0759802795946598,-0.010266091674566269,-0.0445171482861042,-0.06126925582066178,0.0007405895739793777,-0.03248288482427597,-0.03782929480075836,0.023601011373102665,-0.03934494033455849,-0.06737560592591763,0.000991538166999817,-0.044912753626704216,-0.0779446791857481,-0.003947155550122261,-0.03420927748084068,-0.06590686924755573,0.0044569335877895355,-0.02552071213722229,-0.049096894450485706
0.0,0.0,0.0,-0.022120298817753792,-0.02738359570503235,-0.014681641012430191,-0.02759280614554882,-0.04970226064324379,-0.02922564372420311,-0.036409614607691765,-0.06959733739495277,-0.06581974867731333,-0.02343658171594143,-0.08507905807346106,-0.0883026272058487,-0.0024986909702420235,-0.08716834709048271,-0.04938575439155102,-0.00809580646455288,-0.11029698699712753,-0.06266471580602229,-0.011005496606230736,-0.13245264440774918,-0.07257629837840796,-0.02150568924844265,-0.14689739793539047,-0.09407340735197067,0.013316156342625618,-0.07813492696732283,-0.06044117035344243,-0.003370668739080429,-0.08823308907449245,-0.07569297775626183,-0.018720006570219994,-0.06840798538178205,-0.06688286690041423,-0.002168143168091774,-0.05734327156096697,-0.04679515305906534,0.022603346966207027,-0.061325990594923496,-0.06958526279777288,-0.006130479276180267,-0.05722220707684755,-0.08069353923201561,-0.015148116275668144,-0.04043854959309101,-0.06427519232966006,-0.0014868127182126045,-0.03172343969345093,-0.04059900343418121,0.017960538156330585,-0.039222341030836105,-0.07288691494613886,-0.003526069223880768,-0.04194661229848862,-0.08343181200325489,-0.00739571638405323,-0.03212900087237358,-0.07170251104980707,0.0020024310797452927,-0.024867378175258636,-0.051273501478135586
0.0,0.0,0.0,-0.0129985511302948,-0.034551799297332764,-0.0017925389111042023,-0.0019737854599952698,-0.06454280391335487,0.006746463477611542,0.020725248381495476,-0.09042229317128658,0.01018749549984932,0.041128222830593586,-0.09683851338922977,0.007207419723272324,0.00825977697968483,-0.0993370320647955,-0.03408475802280009,0.01678195595741272,-0.13123800605535507,-0.03233692608773708,0.01942567527294159,-0.15917490422725677,-0.021289313212037086,0.01805039495229721,-0.18463017046451569,-0.016705632209777832,0.03096586000174284,-0.08848235057666898,-0.03945851302705705,0.04734969884157181,-0.10626612976193428,-0.02265945915132761,0.0403180867433548,-0.09740357473492622,0.005252964794635773,0.028275071177631617,-0.08694895007647574,0.030731026083230972,0.05093755945563316,-0.07460455130785704,-0.03817354352213442,0.06041776016354561,-0.08432593941688538,-0.013969872146844864,0.05230286158621311,-0.07637002598494291,0.009607955813407898,0.043998606503009796,-0.06350069865584373,0.025388162583112717,0.060884345322847366,-0.05670013278722763,-0.02793671190738678,0.06879714876413345,-0.06892416160553694,-0.013606265187263489,0.06727742031216621,-0.06620685197412968,0.008553899824619293,0.05743931606411934,-0.05671343021094799,0.014041416347026825
0.0,0.0,0.0,-0.020567113533616066,-0.02335938811302185,-0.018348276615142822,-0.02793717570602894,-0.044819608330726624,-0.03516865149140358,-0.03585171140730381,-0.06518867053091526,-0.07017536368221045,-0.022665342316031456,-0.08134767599403858,-0.09107569605112076,-0.0034247897565364838,-0.08108183275908232,-0.05498998984694481,-0.009253526106476784,-0.1012347899377346,-0.06952829519286752,-0.013359768316149712,-0.1234559454023838,-0.0788878034800291,-0.023838697001338005,-0.13761946558952332,-0.09881843253970146,0.012607262469828129,-0.07402088306844234,-0.06294244632590562,-0.003578605130314827,-0.08535533398389816,-0.08069108426570892,-0.017138255760073662,-0.06465448904782534,-0.07116155186668038,0.00016961805522441864,-0.0512109100818634,-0.048013390973210335,0.023254312574863434,-0.056962656788527966,-0.07156420079991221,-0.004875870421528816,-0.05430484190583229,-0.08452714420855045,-0.01200283132493496,-0.0361070167273283,-0.06811089115217328,-0.00036360230296850204,-0.024220947176218033,-0.042694173753261566,0.021115818060934544,-0.0359499566257,-0.07228495040908456,-0.0006768908351659775,-0.04077979922294617,-0.0837239921092987,-0.005108170211315155,-0.03008187562227249,-0.07310270052403212,0.003786187618970871,-0.02072799950838089,-0.052959637716412544
0.0,0.0,0.0,-0.019755585119128227,-0.023831907659769058,-0.018175575882196426,-0.026437727734446526,-0.04598848149180412,-0.036799538880586624,-0.03208155743777752,-0.06444799713790417,-0.0709836883470416,-0.01857711188495159,-0.08192986436188221,-0.09427183493971825,0.00013730023056268692,-0.08125091902911663,-0.05815445818006992,-0.006900910288095474,-0.1000080555677414,-0.072172861546278,-0.011168250814080238,-0.12017569690942764,-0.08317207172513008,-0.021424831822514534,-0.13364621251821518,-0.1048271544277668,0.015090314205735922,-0.07356554642319679,-0.06503199273720384,-0.002286391332745552,-0.08249255642294884,-0.08270936831831932,-0.016029300168156624,-0.06408266723155975,-0.07367829233407974,-0.001500595360994339,-0.05049299728125334,-0.05521019548177719,0.025894698686897755,-0.05692316498607397,-0.07334421435371041,-0.0029824264347553253,-0.052768709138035774,-0.08632363192737103,-0.009527737274765968,-0.036461034789681435,-0.0705121501814574,0.002037299796938896,-0.021842002868652344,-0.04731996916234493,0.022195099852979183,-0.03614802658557892,-0.07262175716459751,0.0029430286958813667,-0.03918343409895897,-0.08580913580954075,-0.0019181091338396072,-0.029087018221616745,-0.07642547134310007,0.005162078887224197,-0.01789725571870804,-0.05949163809418678
0.0,0.0,0.0,-0.02155529335141182,-0.021425969898700714,-0.018388275057077408,-0.031086750328540802,-0.0417301869019866,-0.03764932602643967,-0.04110307991504669,-0.057567793875932693,-0.07167408330133185,-0.0293293297290802,-0.07618195563554764,-0.09529867582023144,-0.002009700983762741,-0.07158778235316277,-0.06606960436329246,-0.017141954973340034,-0.09051961079239845,-0.08012473024427891,-0.02220245823264122,-0.10687490925192833,-0.0908961296081543,-0.032364241778850555,-0.11826050281524658,-0.10367108881473541,0.008655888959765434,-0.06376882968470454,-0.0708338642725721,-0.0060390084981918335,-0.0682656280696392,-0.0833349209278822,-0.01888040080666542,-0.04756512679159641,-0.07100068381987512,-0.0007407320663332939,-0.03445267863571644,-0.04635200463235378,0.0204729326069355,-0.04771111439913511,-0.07860278710722923,-0.006794741377234459,-0.04222055710852146,-0.09012755937874317,-0.011890674009919167,-0.027039742097258568,-0.06952094845473766,-0.0011581098660826683,-0.01450580358505249,-0.04584844224154949,0.016216015443205833,-0.02641073614358902,-0.07573140622116625,-0.0019397502765059471,-0.027520425617694855,-0.08860814198851585,-0.005012494511902332,-0.0184924378991127,-0.07606516196392477,-0.0006908215582370758,-0.00783856213092804,-0.05818480346351862
0.0,0.0,0.0,-0.021988630294799805,-0.020067118108272552,-0.015741977840662003,-0.03240213356912136,-0.03880797140300274,-0.03548711538314819,-0.04254700057208538,-0.05493452586233616,-0.06861563998972997,-0.03466391749680042,-0.07287777122110128,-0.0916125625371933,-0.0069857873022556305,-0.07305884547531605,-0.06143850414082408,-0.021193185821175575,-0.0906965583562851,-0.07583962799981236,-0.02904387004673481,-0.10527392104268074,-0.08501996658742428,-0.04052017070353031,-0.11880255118012428,-0.09928070195019245,0.004577568033710122,-0.06518118781968951,-0.06773037405218929,-0.012819087132811546,-0.07168003916740417,-0.08177078422158957,-0.025103023275732994,-0.050068482756614685,-0.06940585168194957,-0.00799507275223732,-0.03708622232079506,-0.046321555972099304,0.016585806384682655,-0.050917796324938536,-0.07640448305755854,-0.012013128027319908,-0.04435912054032087,-0.08782759867608547,-0.0162136759608984,-0.028783494606614113,-0.06894502980867401,-0.004010315984487534,-0.015678133815526962,-0.04582555592060089,0.01319491770118475,-0.029191941022872925,-0.07399861654266715,-0.005943957716226578,-0.029090560972690582,-0.0843327771872282,-0.008045235648751259,-0.02264934405684471,-0.07300848653540015,-0.0026283320039510727,-0.010182693600654602,-0.05532230902463198
0.0,0.0,0.0,-0.024706099182367325,-0.01823483407497406,-0.01781655102968216,-0.03371433541178703,-0.03870111517608166,-0.03660505637526512,-0.042647141963243484,-0.05575568228960037,-0.07129744021221995,-0.03301437944173813,-0.07278422173112631,-0.09305806085467339,-0.013633056543767452,-0.07392817549407482,-0.05807612184435129,-0.02443927899003029,-0.09405029192566872,-0.07234375411644578,-0.03192427009344101,-0.1117216981947422,-0.08071429841220379,-0.04236149415373802,-0.1270897127687931,-0.0978827029466629,0.00018806569278240204,-0.06793674267828465,-0.06486616260372102,-0.01765677146613598,-0.07606973685324192,-0.08311892487108707,-0.031128939241170883,-0.053055270574986935,-0.07398336287587881,-0.014328325167298317,-0.03906744532287121,-0.054420906119048595,0.012062783353030682,-0.05472484603524208,-0.07275094743818045,-0.015377003699541092,-0.04657892882823944,-0.08786279521882534,-0.020899180322885513,-0.027728382498025894,-0.0715958122164011,-0.00857781246304512,-0.016154587268829346,-0.048471203073859215,0.012315078638494015,-0.03350573778152466,-0.0722000552341342,-0.007950743660330772,-0.03275379166007042,-0.08277633972465992,-0.010349167510867119,-0.020571958273649216,-0.07306266156956553,-0.001168927177786827,-0.010621782392263412,-0.054948956705629826
0.0,0.0,0.0,-0.025517897680401802,-0.019669778645038605,-0.017562683671712875,-0.03376212902367115,-0.04101305082440376,-0.03407151997089386,-0.04236842133104801,-0.06100204586982727,-0.06918716197833419,-0.030328141525387764,-0.07648930978029966,-0.08935427479445934,-0.015025008469820023,-0.07800929713994265,-0.053557331673800945,-0.025512443855404854,-0.09865957126021385,-0.0659249066375196,-0.03314054571092129,-0.11814569309353828,-0.0756287258118391,-0.04359540157020092,-0.13370003551244736,-0.09582938998937607,0.001177809201180935,-0.07248410861939192,-0.06061563268303871,-0.017274070531129837,-0.08278661966323853,-0.08119644224643707,-0.029165053740143776,-0.059877753257751465,-0.07656917534768581,-0.012411513365805149,-0.046912916004657745,-0.058853648602962494,0.013740140944719315,-0.058926132041960955,-0.06888576550409198,-0.013034072704613209,-0.052124347537755966,-0.0836401991546154,-0.01802006922662258,-0.03092401847243309,-0.06996509432792664,-0.0048211850225925446,-0.019018009305000305,-0.04859323985874653,0.015207052230834961,-0.03761935606598854,-0.06863587070256472,-0.005894562229514122,-0.03679439425468445,-0.08148933574557304,-0.008361655287444592,-0.024350762367248535,-0.07484220247715712,0.0027493834495544434,-0.014261554926633835,-0.0566053781658411
0.0,0.0,0.0,-0.027211293578147888,-0.019393302500247955,-0.015535835176706314,-0.03544328920543194,-0.040653858333826065,-0.032811714336276054,-0.04108518548309803,-0.05827314406633377,-0.0702453525736928,-0.03339376486837864,-0.07583750691264868,-0.09141203574836254,-0.019451091066002846,-0.07534178532660007,-0.05676848394796252,-0.03131869435310364,-0.09990153089165688,-0.06762085761874914,-0.03809606842696667,-0.11687469854950905,-0.07929470203816891,-0.04773691110312939,-0.13484038412570953,-0.09672247245907784,-0.004400370176881552,-0.07158241746947169,-0.06220604164991528,-0.02316255308687687,-0.08112096227705479,-0.08368470519781113,-0.03639180026948452,-0.05457923375070095,-0.07293575070798397,-0.018302109092473984,-0.04269674979150295,-0.05075259879231453,0.009853551164269447,-0.05783158913254738,-0.07024897448718548,-0.015874290838837624,-0.05094894673675299,-0.08672058768570423,-0.022369490936398506,-0.030939262360334396,-0.07099494291469455,-0.011142674833536148,-0.018970627337694168,-0.04805280640721321,0.011816548183560371,-0.03704409673810005,-0.06858297903090715,-0.00769142247736454,-0.03764812462031841,-0.0831888634711504,-0.011424543336033821,-0.02439769357442856,-0.07518681325018406,-0.0015437621623277664,-0.01669342815876007,-0.05460477154701948
0.0,0.0,0.0,-0.02568998374044895,-0.019999559968709946,-0.020550645887851715,-0.03528011776506901,-0.04046296328306198,-0.03851599246263504,-0.04270484857261181,-0.0548290628939867,-0.07440105825662613,-0.03368409536778927,-0.07391684129834175,-0.09409327059984207,-0.015284192748367786,-0.07090825773775578,-0.06721735559403896,-0.03259790129959583,-0.08972535654902458,-0.08269759826362133,-0.039050133898854256,-0.10428830236196518,-0.09746337123215199,-0.050290705636143684,-0.1173635981976986,-0.11987640708684921,-0.0017702644690871239,-0.06519659655168653,-0.07200800222926773,-0.0218955185264349,-0.07187074422836304,-0.0910623874515295,-0.03534816391766071,-0.046459916047751904,-0.08263273816555738,-0.017313290387392044,-0.03622303903102875,-0.05999325308948755,0.009830002672970295,-0.050972409546375275,-0.07820519665256143,-0.01727370172739029,-0.043778661638498306,-0.09475082159042358,-0.020761186257004738,-0.024889476597309113,-0.08050351217389107,-0.0071784574538469315,-0.01630343124270439,-0.058397152461111546,0.0106601407751441,-0.029910042881965637,-0.07409495045430958,-0.00783599354326725,-0.028292842209339142,-0.08952363394200802,-0.008736439980566502,-0.01669657975435257,-0.08127366844564676,0.0017094686627388,-0.010393977165222168,-0.06405996810644865
0.0,0.0,0.0,-0.026614408940076828,-0.018549591302871704,-0.020850270986557007,-0.03602460399270058,-0.03808554261922836,-0.03894437476992607,-0.04389962926506996,-0.05412200838327408,-0.07604066957719624,-0.03519335016608238,-0.07240687683224678,-0.09707605838775635,-0.016792776063084602,-0.07036298234015703,-0.06910699279978871,-0.03261561691761017,-0.08917292952537537,-0.08495210390537977,-0.038620658218860626,-0.10271340236067772,-0.09842083603143692,-0.04894973710179329,-0.1167430691421032,-0.12040805071592331,-0.003390297293663025,-0.0645549576729536,-0.07342353282729164,-0.021913185715675354,-0.06869754660874605,-0.09347871318459511,-0.033211059868335724,-0.04337013512849808,-0.08252932131290436,-0.014736860059201717,-0.030764013528823853,-0.059779418632388115,0.008655223995447159,-0.05062320362776518,-0.07974308496341109,-0.017382990568876266,-0.04148886725306511,-0.09524696879088879,-0.02165094017982483,-0.024715963751077652,-0.08056357130408287,-0.007720602676272392,-0.013909384608268738,-0.056615035980939865,0.009795301593840122,-0.02966376394033432,-0.07493353984318674,-0.007796216756105423,-0.027852127328515053,-0.09013085998594761,-0.010363292880356312,-0.016534410417079926,-0.08158658165484667,-0.0014379452913999557,-0.009530529379844666,-0.06263908371329308
0.0,0.0,0.0,-0.0287312138825655,-0.020781949162483215,-0.016872700303792953,-0.03859228268265724,-0.041185732930898666,-0.03827581740915775,-0.047893866896629333,-0.0603623241186142,-0.07648140098899603,-0.03667387366294861,-0.07508301921188831,-0.09888911247253418,-0.02320059761404991,-0.07834411691874266,-0.0602781749330461,-0.03562496230006218,-0.10229329019784927,-0.0716904322616756,-0.04022851586341858,-0.12100743129849434,-0.08233606908470392,-0.05065812170505524,-0.14015614986419678,-0.10500415042042732,-0.004691641079261899,-0.07325191982090473,-0.06504958029836416,-0.02459830790758133,-0.077191062271595,-0.09180323779582977,-0.03613348305225372,-0.050595978274941444,-0.08236555103212595,-0.018381595611572266,-0.03903212584555149,-0.059709724970161915,0.010354220867156982,-0.058397985994815826,-0.07317367801442742,-0.015298239886760712,-0.04945971257984638,-0.09058156609535217,-0.0216709915548563,-0.02965649962425232,-0.07663271762430668,-0.009051404893398285,-0.018491588532924652,-0.053040435537695885,0.015511499717831612,-0.03603007271885872,-0.07053657085634768,-0.00585065595805645,-0.033480845391750336,-0.08620645478367805,-0.009653721004724503,-0.020417727530002594,-0.07907286752015352,0.0005202684551477432,-0.01658479869365692,-0.05662860535085201
0.0,0.0,0.0,-0.013590622693300247,-0.03395698592066765,-0.0026775486767292023,-0.002483692020177841,-0.06453392840921879,0.006425410509109497,0.01940114703029394,-0.0918565671890974,0.00932035967707634,0.039219312369823456,-0.09973128512501717,0.005740027874708176,0.008200805634260178,-0.10046232305467129,-0.0352803454734385,0.01658625155687332,-0.13148117810487747,-0.03474581032060087,0.018328126519918442,-0.15947887301445007,-0.023598806001245975,0.016910366714000702,-0.18515431135892868,-0.01960250549018383,0.030941192992031574,-0.0890764663927257,-0.041032394394278526,0.046913125552237034,-0.1070684902369976,-0.02515858504921198,0.04057669034227729,-0.09776300378143787,0.0035378672182559967,0.028236777987331152,-0.08714069798588753,0.02861722931265831,0.050594981759786606,-0.07460831385105848,-0.039933890802785754,0.06027741730213165,-0.08475201483815908,-0.0156365055590868,0.052229173481464386,-0.07688829302787781,0.007963094860315323,0.043532051146030426,-0.06369343772530556,0.02452472224831581,0.06118501536548138,-0.05613120272755623,-0.029340513981878757,0.0686783604323864,-0.06881455145776272,-0.015447067096829414,0.06740593165159225,-0.06648213416337967,0.006978567689657211,0.05767364241182804,-0.055797938257455826,0.012937035411596298
0.0,0.0,0.0,-0.031950293108820915,-0.02018061652779579,-0.015141595155000687,-0.04256843589246273,-0.040423162281513214,-0.037484172731637955,-0.05330079235136509,-0.059967752546072006,-0.07449972908943892,-0.04532664082944393,-0.07505368255078793,-0.09851257503032684,-0.02896478772163391,-0.0785962576046586,-0.05934233916923404,-0.041902029886841774,-0.10391465947031975,-0.0715833893045783,-0.0476320032030344,-0.12259472161531448,-0.08329637348651886,-0.05815578065812588,-0.14330584555864334,-0.10407241433858871,-0.009573896415531635,-0.07350406982004642,-0.06483401032164693,-0.030403662472963333,-0.07861070707440376,-0.0925042387098074,-0.042168525978922844,-0.05185017175972462,-0.08064083755016327,-0.025274785235524178,-0.04158141277730465,-0.056631012819707394,0.006549416109919548,-0.058656510431319475,-0.07259979704394937,-0.018804321996867657,-0.050310201942920685,-0.08965297974646091,-0.02663746289908886,-0.03192029520869255,-0.07604031078517437,-0.012677514925599098,-0.020522747188806534,-0.04914223961532116,0.013172674924135208,-0.03578828275203705,-0.06901490921154618,-0.009045376442372799,-0.0328480564057827,-0.08391815237700939,-0.014387852512300014,-0.020184874534606934,-0.07734318729490042,-0.0025630295276641846,-0.01613854616880417,-0.05229810066521168
0.0,0.0,0.0,-0.01658172532916069,-0.03273646533489227,0.00020902231335639954,-0.007392112165689468,-0.06540178135037422,0.011250779032707214,0.016603147611021996,-0.09444346558302641,0.012694120407104492,0.04252275079488754,-0.09820303739979863,0.007434621453285217,-0.005386780947446823,-0.10575392469763756,-0.03284632693976164,0.008787039667367935,-0.13795724883675575,-0.031727146822959185,0.017088893800973892,-0.16229890286922455,-0.01673807203769684,0.023107990622520447,-0.181791752576828,-0.007497431710362434,0.01999997766688466,-0.09752705320715904,-0.03830853127874434,0.04582519829273224,-0.12137004919350147,-0.024250644259154797,0.042235396802425385,-0.1132279746234417,-0.0007262900471687317,0.03443991392850876,-0.09902759455144405,0.027153395116329193,0.044516198337078094,-0.08278281427919865,-0.03851204668171704,0.06461238488554955,-0.0970101784914732,-0.017988502979278564,0.06070728600025177,-0.083900879137218,0.006300579756498337,0.05003795400261879,-0.07034939341247082,0.023725401610136032,0.05874863639473915,-0.06428730487823486,-0.029829485341906548,0.07293444499373436,-0.07479143142700195,-0.014359824359416962,0.07027916982769966,-0.0672452375292778,0.008347589522600174,0.06265242025256157,-0.055662158876657486,0.015252016484737396
0.0,0.0,0.0,-0.017650842666625977,-0.03322462737560272,0.0004329271614551544,-0.009284578263759613,-0.06612753495573997,0.010074526071548462,0.015486892312765121,-0.09762800857424736,0.01160784438252449,0.04172339476644993,-0.10178869031369686,0.006569046527147293,-0.005940161645412445,-0.1084359185770154,-0.03176631475798786,0.006662435829639435,-0.14226434379816055,-0.030396897345781326,0.012992730364203453,-0.1664317175745964,-0.016057219356298447,0.017333975061774254,-0.1892133504152298,-0.0071962084621191025,0.020992015954107046,-0.10051304381340742,-0.03686425555497408,0.04698958247900009,-0.12481880187988281,-0.02190699614584446,0.04204124957323074,-0.11577858403325081,0.0014677606523036957,0.03304577851668,-0.10154371988028288,0.0279499813914299,0.0466007087379694,-0.08606145484372973,-0.036489077378064394,0.06477674096822739,-0.10040066204965115,-0.014986885711550713,0.060396045446395874,-0.08695346908643842,0.008843787014484406,0.050573140382766724,-0.07320387475192547,0.025274131447076797,0.0614200122654438,-0.06701915338635445,-0.027157322969287634,0.07347927615046501,-0.07792516425251961,-0.011008130386471748,0.07038211449980736,-0.06982395239174366,0.01232832670211792,0.06230296939611435,-0.05835368484258652,0.018640805035829544
0.0,0.0,0.0,-0.018831215798854828,-0.033404476940631866,-0.0006097853183746338,-0.011003196239471436,-0.06510515511035919,0.008872024714946747,0.012450131587684155,-0.09606492356397212,0.011254929006099701,0.03851047344505787,-0.09990276955068111,0.00857243686914444,-0.007127121090888977,-0.1070009907707572,-0.030891161237377673,0.0042776670306921005,-0.14176131039857864,-0.02853767410852015,0.009334687143564224,-0.16607429087162018,-0.013598505407571793,0.012552358210086823,-0.18969379365444183,-0.0055269040167331696,0.02050769329071045,-0.0996658275835216,-0.03466918505728245,0.04391363263130188,-0.12480708211660385,-0.0173067394644022,0.03851376008242369,-0.11586957238614559,0.00727052241563797,0.02887781080789864,-0.10198338236659765,0.03328020125627518,0.046266816556453705,-0.08615602925419807,-0.032597396057099104,0.06237110495567322,-0.10128853656351566,-0.008412700146436691,0.05747741088271141,-0.08865211345255375,0.015120457857847214,0.04799855686724186,-0.0745500922203064,0.03152924031019211,0.06179645285010338,-0.06758449040353298,-0.022360782139003277,0.07151094824075699,-0.07833395339548588,-0.004355285316705704,0.06758693605661392,-0.07036561518907547,0.01870080828666687,0.060084663331508636,-0.057980019599199295,0.02376313880085945
0.0,0.0,0.0,-0.019359545782208443,-0.03290288895368576,0.0011606737971305847,-0.010358275845646858,-0.06485562771558762,0.009657841175794601,0.01375722698867321,-0.09510880382731557,0.012857023626565933,0.039856002666056156,-0.09781785169616342,0.009224053472280502,-0.0068688709288835526,-0.10632420051842928,-0.03012769517954439,0.004676716402173042,-0.14092019572854042,-0.02734567364677787,0.010400453582406044,-0.1651059091091156,-0.012596158310770988,0.013441652059555054,-0.188115693628788,-0.004898997023701668,0.021190487314015627,-0.09804407972842455,-0.03420830238610506,0.045121535658836365,-0.12153141014277935,-0.017138171009719372,0.03953230939805508,-0.11287348344922066,0.008002765476703644,0.029026975156739354,-0.09930899506434798,0.033202387392520905,0.047089291736483574,-0.08363235462456942,-0.032363095437176526,0.06332333944737911,-0.09814876783639193,-0.008321095257997513,0.05786755122244358,-0.08550474280491471,0.015518799424171448,0.048287104815244675,-0.07205917686223984,0.03209482133388519,0.062403807416558266,-0.06487889960408211,-0.021997815929353237,0.07234628312289715,-0.07534781284630299,-0.00365326926112175,0.06821550242602825,-0.06626454368233681,0.019295133650302887,0.06019184924662113,-0.0552288219332695,0.024369128048419952
0.0,0.0,0.0,-0.019308988004922867,-0.033010825514793396,0.001331893727183342,-0.0102853924036026,-0.06502202339470387,0.009816417470574379,0.013757255859673023,-0.09520668629556894,0.012987865135073662,0.03973986394703388,-0.09793882165104151,0.009399378672242165,-0.00666886568069458,-0.10649003367871046,-0.029920384055003524,0.004732023924589157,-0.14104042947292328,-0.0270679728128016,0.010467292740941048,-0.16522787511348724,-0.012232346460223198,0.013482540845870972,-0.18839047104120255,-0.004436822608113289,0.021298132836818695,-0.09811492450535297,-0.03403002582490444,0.04514567367732525,-0.12169586308300495,-0.016674255952239037,0.03945134952664375,-0.11308214627206326,0.008496979251503944,0.02918447321280837,-0.09945168578997254,0.03391663171350956,0.0471411794424057,-0.08372886851429939,-0.03210291906725615,0.06325856223702431,-0.09832203201949596,-0.007815686985850334,0.05774686671793461,-0.08569946000352502,0.0161080714315176,0.048281580209732056,-0.07228992506861687,0.03259933926165104,0.062368106096982956,-0.06495801545679569,-0.02171726617962122,0.07231021299958229,-0.07553818635642529,-0.0031702835112810135,0.0681944265961647,-0.06663350760936737,0.019824234768748283,0.06005001440644264,-0.05544966086745262,0.024686457589268684
0.0,0.0,0.0,-0.0196122694760561,-0.03372936695814133,0.002836950123310089,-0.011182690039277077,-0.0651632808148861,0.012150507420301437,0.0128640066832304,-0.09538788814097643,0.018352366983890533,0.03967617638409138,-0.09734827373176813,0.01721661165356636,-0.006307216361165047,-0.10706823971122503,-0.025816407811362296,0.004501083865761757,-0.14154524356126785,-0.021894380915910006,0.009945036843419075,-0.16534848511219025,-0.007478069514036179,0.011293085291981697,-0.18849413841962814,-0.0001629665493965149,0.021609962452203035,-0.09840825200080872,-0.029266304802149534,0.04548291675746441,-0.12217490561306477,-0.010999713093042374,0.03915395960211754,-0.11402503214776516,0.013922136276960373,0.0282089167740196,-0.10039264149963856,0.038235608488321304,0.04775203391909599,-0.08382300939410925,-0.027581829577684402,0.06308681331574917,-0.0981315616518259,-0.0024420563131570816,0.056985074654221535,-0.08619716484099627,0.020924817770719528,0.047441260889172554,-0.07219983264803886,0.037447240203619,0.06245666556060314,-0.0648934505879879,-0.017259269021451473,0.07274754904210567,-0.07530241087079048,0.00181669183075428,0.06812690757215023,-0.06651965342462063,0.024635538458824158,0.05947374738752842,-0.05587891489267349,0.02895023673772812
0.0,0.0,0.0,-0.01908905804157257,-0.033485569059848785,0.0035560186952352524,-0.010632365942001343,-0.06584282964468002,0.013967342674732208,0.014140801504254341,-0.09677712619304657,0.021768875420093536,0.04091586545109749,-0.09809378953650594,0.021590344607830048,-0.003560364246368408,-0.10825050063431263,-0.0233361252467148,0.0072684455662965775,-0.1416524238884449,-0.019535550381988287,0.012482356280088425,-0.16448290646076202,-0.005453314632177353,0.012839224189519882,-0.1877722218632698,0.0017233286052942276,0.02413572371006012,-0.09870747150853276,-0.026289578061550856,0.04928954690694809,-0.12240081652998924,-0.009221834130585194,0.04278727900236845,-0.11475559696555138,0.015506483614444733,0.030792366014793515,-0.10231601726263762,0.03895367681980133,0.04976680874824524,-0.08353712223470211,-0.02500799240078777,0.0657188929617405,-0.0954146133735776,4.2362138628959656e-05,0.05823189578950405,-0.08460077503696084,0.023570958524942398,0.048315759748220444,-0.0707172304391861,0.040373608469963074,0.06345506757497787,-0.06385554373264313,-0.014761396683752537,0.07476426661014557,-0.07371257804334164,0.004373578354716301,0.06964850798249245,-0.06472956389188766,0.02753778174519539,0.0602194219827652,-0.0552554726600647,0.03122241050004959
0.0,0.0,0.0,-0.018207740038633347,-0.03357495740056038,0.004142280668020248,-0.009154807776212692,-0.06600362434983253,0.014378845691680908,0.015891240909695625,-0.09676328347995877,0.02208029478788376,0.042699266225099564,-0.09806132363155484,0.020952370017766953,-0.0025336705148220062,-0.10896188952028751,-0.021213415660895407,0.008113015443086624,-0.142222598195076,-0.01817843783646822,0.012888720259070396,-0.1651884987950325,-0.004911454394459724,0.013585124164819717,-0.1878434643149376,0.0019234232604503632,0.02472668793052435,-0.09975019469857216,-0.024955678498372436,0.05052162706851959,-0.12235179543495178,-0.009306889027357101,0.04442550614476204,-0.11387746781110764,0.014609776437282562,0.033034415217116475,-0.1015345323830843,0.0381251759827137,0.05031829513609409,-0.08418535254895687,-0.024892367655411363,0.06625672802329063,-0.09509829431772232,-0.0009758975356817245,0.05898340977728367,-0.08341414667665958,0.022073421627283096,0.049221836030483246,-0.0696688499301672,0.03902795910835266,0.06417365372180939,-0.06427968665957451,-0.016076398082077503,0.07548050954937935,-0.07301021553575993,0.0027514584362506866,0.07092324644327164,-0.06318534165620804,0.025189418345689774,0.06122951582074165,-0.05388735979795456,0.028790876269340515
0.0,0.0,0.0,-0.019182026386260986,-0.03246697410941124,0.005166223272681236,-0.010766096413135529,-0.06394644267857075,0.016133029013872147,0.013192468322813511,-0.0947779593989253,0.02476615086197853,0.03998105973005295,-0.0975080756470561,0.023706547915935516,-0.006317075341939926,-0.10812133550643921,-0.018138984218239784,0.003242768347263336,-0.14217963069677353,-0.013982362113893032,0.007484786212444305,-0.16628901660442352,-2.691708505153656e-05,0.007637869566679001,-0.19010165333747864,0.006676483899354935,0.021685559768229723,-0.10028729774057865,-0.022161321248859167,0.04452768340706825,-0.123307591304183,-0.0036470219492912292,0.03855921048671007,-0.11395678296685219,0.02046836167573929,0.029475811636075377,-0.10022507328540087,0.04487195238471031,0.047074709087610245,-0.0863126190379262,-0.021845067269168794,0.062175482511520386,-0.09789647348225117,0.004147781059145927,0.05588139034807682,-0.08490566909313202,0.027513232082128525,0.04745432175695896,-0.07056433707475662,0.04373594745993614,0.06165649741888046,-0.06666562519967556,-0.0131641854532063,0.07198198512196541,-0.07530737109482288,0.006839923560619354,0.06754686683416367,-0.06615089066326618,0.0296199768781662,0.05922260880470276,-0.05487833172082901,0.03378406539559364
0.0,0.0,0.0,-0.013942461460828781,-0.03404376655817032,-0.003536958247423172,-0.0033441632986068726,-0.06485480442643166,0.0053556933999061584,0.019078077748417854,-0.09147572703659534,0.008030425757169724,0.039545124396681786,-0.09862485155463219,0.005185455083847046,0.00832851231098175,-0.09967679157853127,-0.036715313559398055,0.01641787588596344,-0.13109442591667175,-0.035645830910652876,0.017693450674414635,-0.1594635546207428,-0.024228820577263832,0.016486573964357376,-0.18492786586284637,-0.019600411877036095,0.03159696143120527,-0.0886377994902432,-0.04154901532456279,0.047076208516955376,-0.1068317610770464,-0.02549348771572113,0.03991203103214502,-0.09813859686255455,0.003281794488430023,0.027353019453585148,-0.08733092108741403,0.02821502462029457,0.051512230187654495,-0.07370651885867119,-0.04005771246738732,0.059986578300595284,-0.0842609852552414,-0.015348540619015694,0.05165627785027027,-0.0766508188098669,0.008316956460475922,0.04275596560910344,-0.06352101638913155,0.025004219263792038,0.061706339940428734,-0.055437806993722916,-0.028620648197829723,0.06838835030794144,-0.0679902732372284,-0.014723895117640495,0.06652017310261726,-0.06623786687850952,0.0075889937579631805,0.05689793452620506,-0.05574442446231842,0.013350319117307663
0.0,0.0,0.0,-0.01918095350265503,-0.032655924558639526,0.005382390692830086,-0.010797899216413498,-0.06407759711146355,0.016362609341740608,0.013076434843242168,-0.09497830807231367,0.024959860369563103,0.03974106069654226,-0.09767979104071856,0.024251097813248634,-0.006391692906618118,-0.10821092687547207,-0.01776464399881661,0.0032090507447719574,-0.1423078179359436,-0.013471859507262707,0.00742366723716259,-0.16631533205509186,0.00047884322702884674,0.007545743137598038,-0.19005630165338516,0.007236042991280556,0.021676110569387674,-0.10032724216580391,-0.021836614469066262,0.0444340780377388,-0.1234695240855217,-0.003166399896144867,0.038397639989852905,-0.11423103138804436,0.021122409030795097,0.029166180873289704,-0.1005249940790236,0.04533502645790577,0.04709981754422188,-0.08638402912765741,-0.021435189875774086,0.0621463805437088,-0.09811033681035042,0.0047592949122190475,0.055807892233133316,-0.0853043645620346,0.028102600947022438,0.047427788376808167,-0.0710223838686943,0.04414291866123676,0.061667632311582565,-0.06673338264226913,-0.012780128512531519,0.07194822281599045,-0.07552610896527767,0.007393801584839821,0.06744900718331337,-0.06627140007913113,0.030276311561465263,0.059159453958272934,-0.05502745509147644,0.03441297076642513
0.0,0.0,0.0,-0.01957143470644951,-0.03289519250392914,0.005665851756930351,-0.011739641427993774,-0.06624028831720352,0.01694595068693161,0.011495035141706467,-0.09740396193228662,0.02720596268773079,0.037155672907829285,-0.10103596840053797,0.027294594794511795,-0.0065045543015003204,-0.10981910396367311,-0.01962261996231973,0.002411220222711563,-0.14352096617221832,-0.01538803381845355,0.005620332434773445,-0.16723545640707016,-0.0005150362849235535,0.0053228046745061874,-0.19021140038967133,0.006674082949757576,0.020573188085108995,-0.1009018449112773,-0.02366273757070303,0.04309139400720596,-0.12449013069272041,-0.005759956315159798,0.03735794872045517,-0.11594478040933609,0.0199473537504673,0.027797319227829576,-0.10229303454980254,0.04545554891228676,0.04621327854692936,-0.08656802773475647,-0.023283055517822504,0.061330631375312805,-0.09952322393655777,0.002580912783741951,0.054751018062233925,-0.08761362032964826,0.026777256280183792,0.04618329927325249,-0.07271849364042282,0.044280607253313065,0.05989481881260872,-0.06714501790702343,-0.013958755880594254,0.07147034257650375,-0.07787608914077282,0.005909699946641922,0.06723606958985329,-0.06955753825604916,0.029084384441375732,0.058616846799850464,-0.0582587867975235,0.033539097756147385
0.0,0.0,0.0,-0.0200858972966671,-0.030973680317401886,0.002656858414411545,-0.011216484010219574,-0.0641435980796814,0.012753788381814957,0.012704049237072468,-0.09521361719816923,0.02090972289443016,0.0366605706512928,-0.100375403650105,0.018587034195661545,-0.009158235043287277,-0.10657347459346056,-0.028123311698436737,-0.00021639280021190643,-0.14046231284737587,-0.02416407410055399,0.0037479642778635025,-0.16592898964881897,-0.009700492024421692,0.002937737852334976,-0.1870395466685295,-0.002858031541109085,0.017030398827046156,-0.09856612328439951,-0.03204292501322925,0.03947426564991474,-0.12334361486136913,-0.0156840393319726,0.034273223020136356,-0.11392328888177872,0.01006770133972168,0.025694227078929543,-0.10029763774946332,0.03833235800266266,0.04323234781622887,-0.08634250704199076,-0.030827453243546188,0.06033353507518768,-0.09966433513909578,-0.007656564936041832,0.05483177676796913,-0.08751237485557795,0.01619827002286911,0.04469592496752739,-0.0719391517341137,0.03446035832166672,0.058050621300935745,-0.06742324307560921,-0.02056351024657488,0.07079359143972397,-0.07822786830365658,-0.0032091420143842697,0.06712893024086952,-0.07042554207146168,0.01798044890165329,0.05916185677051544,-0.0577007494866848,0.022977322340011597
0.0,0.0,0.0,-0.020649153739213943,-0.030198201537132263,0.0010141506791114807,-0.012504803016781807,-0.06403787061572075,0.010669287294149399,0.008839000947773457,-0.09525382798165083,0.01386268436908722,0.031759463250637054,-0.10126069281250238,0.008139107376337051,-0.01352459192276001,-0.10328366234898567,-0.03328755067195743,-0.006356481462717056,-0.1379346251487732,-0.031338737811893225,-0.0033810213208198547,-0.16428044438362122,-0.018443487584590912,-0.003769444301724434,-0.1859627068042755,-0.012058330699801445,0.012690914794802666,-0.09658783720806241,-0.03775531426072121,0.03299967013299465,-0.12139204330742359,-0.02302109356969595,0.029026427306234837,-0.11286127753555775,0.0035831667482852936,0.021601036889478564,-0.09731579525396228,0.033218104392290115,0.03780969977378845,-0.08464037487283349,-0.03678914613556117,0.05414538457989693,-0.100156937725842,-0.014577284455299377,0.04991965368390083,-0.08740605600178242,0.011172741651535034,0.039591606706380844,-0.07225409522652626,0.029673311859369278,0.05221451073884964,-0.06629762426018715,-0.026214081794023514,0.06518793851137161,-0.07889929227530956,-0.009912891313433647,0.062148287892341614,-0.07354953698813915,0.012040510773658752,0.05499671399593353,-0.06156903877854347,0.01993422582745552
0.0,0.0,0.0,-0.02180752344429493,-0.030434902757406235,0.0003585107624530792,-0.014930952340364456,-0.06354968436062336,0.007356524467468262,0.004767965525388718,-0.09405870083719492,0.007798369973897934,0.027938643470406532,-0.10005284193903208,0.0005230866372585297,-0.01576876826584339,-0.10219944082200527,-0.035688187344931066,-0.010775797069072723,-0.1362484060227871,-0.03405713592655957,-0.009478103369474411,-0.1626211553812027,-0.02186555787920952,-0.011012803763151169,-0.18511255830526352,-0.015529895201325417,0.010196081828325987,-0.09593594912439585,-0.03947910014539957,0.029804475605487823,-0.1204963717609644,-0.02469814196228981,0.026187888346612453,-0.11140482686460018,0.003359787166118622,0.017485872376710176,-0.09495541220530868,0.032531172037124634,0.03450377658009529,-0.0845784698612988,-0.038253091857768595,0.04985775984823704,-0.10006804298609495,-0.016441840678453445,0.04600009508430958,-0.08881720062345266,0.00871911272406578,0.03700769320130348,-0.07355747930705547,0.028702303767204285,0.04901622794568539,-0.06683403998613358,-0.027390307746827602,0.060618845745921135,-0.07852179370820522,-0.011751722544431686,0.057283176109194756,-0.07404923811554909,0.011009197682142258,0.05113590322434902,-0.06350314058363438,0.01824851706624031
0.0,0.0,0.0,-0.021834038197994232,-0.030473381280899048,0.0002802610397338867,-0.014982782304286957,-0.06351298093795776,0.007348053157329559,0.004761801101267338,-0.09408734366297722,0.007788754999637604,0.027988657355308533,-0.09995656367391348,0.000636909157037735,-0.015824798494577408,-0.10222042445093393,-0.03565121395513415,-0.010829376056790352,-0.1363578885793686,-0.033972217002883554,-0.009673146530985832,-0.16283563524484634,-0.021700997836887836,-0.011240677908062935,-0.18547088652849197,-0.015152156352996826,0.010207599494606256,-0.09609162248671055,-0.039434200152754784,0.02971815876662731,-0.12062879651784897,-0.02448184695094824,0.026078855618834496,-0.11154556646943092,0.003642421215772629,0.017292595468461514,-0.09505731333047152,0.03281499072909355,0.03453238867223263,-0.08480470441281796,-0.03809953108429909,0.04977763071656227,-0.10019995924085379,-0.016158096492290497,0.045931532979011536,-0.08890296332538128,0.009126637130975723,0.03694790415465832,-0.07367086969316006,0.02907005324959755,0.049071334302425385,-0.06706034205853939,-0.02719722781330347,0.060570575296878815,-0.07870059367269278,-0.011492736637592316,0.057138074189424515,-0.07413203455507755,0.011371955275535583,0.05103275552392006,-0.06361822225153446,0.0186598002910614
0.0,0.0,0.0,-0.020938102155923843,-0.030277129262685776,0.0011161193251609802,-0.01275181770324707,-0.06426494009792805,0.009305674582719803,0.00825025700032711,-0.09470504941418767,0.011259786784648895,0.03145568445324898,-0.10087124444544315,0.004750091582536697,-0.014035332947969437,-0.10324706509709358,-0.03471065405756235,-0.00866679847240448,-0.13676290959119797,-0.03279622970148921,-0.006868826225399971,-0.1626720353960991,-0.020497359335422516,-0.009125208482146263,-0.18522223085165024,-0.015866221860051155,0.011897842399775982,-0.09603705024346709,-0.03866390837356448,0.033012212254107,-0.11938397586345673,-0.02427834179252386,0.02969597466289997,-0.11053400672972202,0.0035156719386577606,0.021530771628022194,-0.09541281405836344,0.032050829380750656,0.03637625463306904,-0.08408667333424091,-0.03806478844489902,0.05393745005130768,-0.09870758466422558,-0.015648456290364265,0.049620117992162704,-0.08663925528526306,0.009088460355997086,0.04034828394651413,-0.07147344388067722,0.02808193489909172,0.05071289837360382,-0.06589681282639503,-0.027130041271448135,0.06422245129942894,-0.07734911516308784,-0.010922402143478394,0.060870423913002014,-0.0721509549766779,0.011130332946777344,0.05403050035238266,-0.060890283435583115,0.01904137060046196
0.0,0.0,0.0,-0.02014709636569023,-0.02985251694917679,0.0020508691668510437,-0.011649854481220245,-0.06423652172088623,0.009931515902280807,0.0092120710760355,-0.09471963765099645,0.01204008236527443,0.03187914937734604,-0.10172738041728735,0.00490521639585495,-0.012445798143744469,-0.10395818948745728,-0.03377819247543812,-0.007763173431158066,-0.13732512295246124,-0.03238026238977909,-0.005854517221450806,-0.16267124563455582,-0.020005961880087852,-0.008258294314146042,-0.18619170039892197,-0.015438763424754143,0.012656145263463259,-0.09664050675928593,-0.03814257797785103,0.03450120985507965,-0.11919859610497952,-0.024095374159514904,0.03137662913650274,-0.10974223911762238,0.003592878580093384,0.02323553990572691,-0.09480752516537905,0.03239458426833153,0.036926599219441414,-0.08456882229074836,-0.03801413252949715,0.05515432357788086,-0.09783301968127489,-0.01599785126745701,0.0508551262319088,-0.08521756483241916,0.00852973386645317,0.04130135104060173,-0.07048664428293705,0.028659876435995102,0.05120047181844711,-0.0659814216196537,-0.02764776349067688,0.06522753462195396,-0.0763247162103653,-0.01137782447040081,0.06247338280081749,-0.07055837661027908,0.011455856263637543,0.05499512702226639,-0.05984662286937237,0.019725661724805832
0.0,0.0,0.0,-0.019406858831644058,-0.02935691922903061,0.001518789678812027,-0.009262226521968842,-0.06313793361186981,0.010522779077291489,0.012695911806076765,-0.09246789664030075,0.013994455337524414,0.03566155210137367,-0.09815185517072678,0.006331745535135269,-0.011042296886444092,-0.10319557785987854,-0.03293833346106112,-0.006141696125268936,-0.13540217280387878,-0.031281519681215286,-0.003879653289914131,-0.16091761738061905,-0.019126512110233307,-0.006171451881527901,-0.18404104560613632,-0.014640716835856438,0.013712181709706783,-0.0959424115717411,-0.037816262571141124,0.03687388077378273,-0.11723193153738976,-0.024635453708469868,0.03433642815798521,-0.10761799663305283,0.0013507269322872162,0.02606713678687811,-0.09450986981391907,0.029814794659614563,0.03739570081233978,-0.0836525927297771,-0.03808510513044894,0.057287801057100296,-0.09529873635619879,-0.016545778140425682,0.05304207652807236,-0.0827816603705287,0.00670507550239563,0.04279216751456261,-0.06770147383213043,0.02662135660648346,0.051489751785993576,-0.06519605964422226,-0.027737935073673725,0.06660453230142593,-0.07416903786361217,-0.012202959507703781,0.06455792859196663,-0.06813284195959568,0.009465105831623077,0.05709502846002579,-0.05715923756361008,0.017085488885641098
0.0,0.0,0.0,-0.021648140624165535,-0.028486520051956177,0.0008347444236278534,-0.012182647362351418,-0.06292852945625782,0.008624870330095291,0.009459773544222116,-0.09263615403324366,0.011055968701839447,0.03235703520476818,-0.09693531505763531,0.0021598562598228455,-0.014726897701621056,-0.10100375209003687,-0.03588828747160733,-0.01107548363506794,-0.13366753607988358,-0.03431138163432479,-0.010036809369921684,-0.159726083278656,-0.022721311077475548,-0.01252058707177639,-0.18261487036943436,-0.01838182844221592,0.010833363514393568,-0.0937036843970418,-0.04013192793354392,0.031815389171242714,-0.1158592477440834,-0.028577709570527077,0.02962484024465084,-0.10687132738530636,-0.001545734703540802,0.020655996166169643,-0.09403968788683414,0.027467302978038788,0.03512248769402504,-0.08051340701058507,-0.03990940423682332,0.052994219586253166,-0.09509134851396084,-0.019292881712317467,0.049153128638863564,-0.08309852797538042,0.005588982254266739,0.03917015716433525,-0.06824157759547234,0.025759615004062653,0.04914206825196743,-0.06369766034185886,-0.029178754426538944,0.06327749602496624,-0.07489647902548313,-0.013750782236456871,0.06080829165875912,-0.06834158860147,0.008584961295127869,0.054010557010769844,-0.057636793702840805,0.017611611634492874
0.0,0.0,0.0,-0.01305614784359932,-0.03342130035161972,-0.004540812224149704,-0.0014029890298843384,-0.0635029710829258,0.004346441477537155,0.020914998836815357,-0.0894491309300065,0.0064636655151844025,0.03984794346615672,-0.09776107966899872,0.003487471491098404,0.009683530777692795,-0.09641178697347641,-0.03795890836045146,0.01821071095764637,-0.1275891214609146,-0.03666892717592418,0.019659757614135742,-0.15676846355199814,-0.025585114024579525,0.01922972872853279,-0.18243015557527542,-0.02210669033229351,0.031477587297558784,-0.08604072546586394,-0.0421646973118186,0.046502627432346344,-0.10358721762895584,-0.025915157049894333,0.03982720710337162,-0.09578994289040565,0.003374006599187851,0.02736069355159998,-0.08640120225027204,0.027412384748458862,0.050611142069101334,-0.07167731039226055,-0.03991498379036784,0.058655062690377235,-0.08145537227392197,-0.01582423411309719,0.05146537721157074,-0.07504459517076612,0.008032821118831635,0.04267054982483387,-0.06293317303061485,0.02428169548511505,0.06038378179073334,-0.054209329187870026,-0.028580262325704098,0.06737636402249336,-0.06755425967276096,-0.014696771278977394,0.06558379903435707,-0.06520694587379694,0.0067916736006736755,0.055689502507448196,-0.054353613406419754,0.011934619396924973
0.0,0.0,0.0,-0.02155885100364685,-0.02864813804626465,0.000513169914484024,-0.01197732612490654,-0.06287606433033943,0.00845753401517868,0.009635446593165398,-0.09246918419376016,0.011290352791547775,0.032646600157022476,-0.09666743595153093,0.002476826310157776,-0.014333747327327728,-0.1009280625730753,-0.03597523120697588,-0.010509394109249115,-0.13341477513313293,-0.034318433376029134,-0.009670890867710114,-0.15972159802913666,-0.022604175843298435,-0.012186264619231224,-0.18229394406080246,-0.018015200272202492,0.011126740835607052,-0.09379327483475208,-0.0400733114220202,0.0318229291588068,-0.1159010473638773,-0.028355935588479042,0.02970075886696577,-0.10687052831053734,-0.0014420486986637115,0.0208156225271523,-0.09432823210954666,0.02773032709956169,0.03535766154527664,-0.08056709449738264,-0.03972673031967133,0.05302875488996506,-0.0952153205871582,-0.019046621397137642,0.04924876242876053,-0.08320672623813152,0.005855996161699295,0.03911781311035156,-0.06823782250285149,0.025824863463640213,0.04933088272809982,-0.0636396836489439,-0.028862670063972473,0.06329087167978287,-0.07488036807626486,-0.013399172574281693,0.061037953943014145,-0.0684570875018835,0.008629564195871353,0.05422649160027504,-0.05764149874448776,0.017520084977149963
0.0,0.0,0.0,-0.019268199801445007,-0.029700867831707,-0.0004813559353351593,-0.010511506348848343,-0.06276200711727142,0.008161943405866623,0.010358673520386219,-0.0924594677053392,0.011450905352830887,0.033632272854447365,-0.09810122102499008,0.003323078155517578,-0.011939607560634613,-0.10135028138756752,-0.03657950507476926,-0.00692107155919075,-0.13340628892183304,-0.03555691638030112,-0.005868185311555862,-0.1594865471124649,-0.023786291480064392,-0.00844733789563179,-0.18131355941295624,-0.017995810136198997,0.012881399132311344,-0.0943794697523117,-0.04137326101772487,0.03539236634969711,-0.1165910605341196,-0.027757744304835796,0.03341003134846687,-0.1070679109543562,-0.00127323716878891,0.025727960281074047,-0.09398955386132002,0.029469553381204605,0.0368596687912941,-0.08216325333341956,-0.041077008936554193,0.05556203052401543,-0.09563836641609669,-0.01945381984114647,0.052248165011405945,-0.08302273694425821,0.00524512305855751,0.042070984840393066,-0.0671191606670618,0.02555631473660469,0.051486723124980927,-0.06403698399662971,-0.029648564755916595,0.0658537782728672,-0.07443581335246563,-0.014574620872735977,0.06322108581662178,-0.06947612948715687,0.007100146263837814,0.05629714950919151,-0.05676428973674774,0.015521973371505737
0.0,0.0,0.0,-0.019858824089169502,-0.02856486663222313,-3.9696693420410156e-05,-0.010039204731583595,-0.06222057715058327,0.006816364824771881,0.011362947057932615,-0.09165682923048735,0.008507784456014633,0.034170255064964294,-0.09681746363639832,-0.0005970671772956848,-0.012246625497937202,-0.10078612808138132,-0.037386523676104844,-0.00852576456964016,-0.13282618299126625,-0.0364764875266701,-0.007391076534986496,-0.15831266343593597,-0.024765728041529655,-0.010593995451927185,-0.1818121001124382,-0.019835159182548523,0.012682885397225618,-0.09363609831780195,-0.041493109660223126,0.034127771854400635,-0.11521140858530998,-0.029311833903193474,0.03135123662650585,-0.10564452782273293,-0.0026487819850444794,0.022789839655160904,-0.09243695810437202,0.02615996077656746,0.03642722964286804,-0.08165041264146566,-0.04076034529134631,0.05468652956187725,-0.09431661106646061,-0.019610604271292686,0.05047128163278103,-0.08196549583226442,0.003977134823799133,0.04062853567302227,-0.06718377768993378,0.023892488330602646,0.050695670768618584,-0.06414276733994484,-0.029576878994703293,0.06403394602239132,-0.07355739362537861,-0.014189302921295166,0.06179206632077694,-0.06741751544177532,0.0074847303330898285,0.054638514295220375,-0.056487828493118286,0.01490379124879837
0.0,0.0,0.0,-0.018768837675452232,-0.0301804319024086,-0.002399250864982605,-0.010230833664536476,-0.06311380490660667,0.005490217357873917,0.010162084363400936,-0.09168401081115007,0.007326003164052963,0.03142806328833103,-0.097541194409132,-0.0009672269225120544,-0.01188100129365921,-0.09901113063097,-0.040727103245444596,-0.006952863186597824,-0.131163090467453,-0.04035131260752678,-0.005663709715008736,-0.1576727107167244,-0.028871748596429825,-0.008355146273970604,-0.1783360242843628,-0.024016166105866432,0.012207086198031902,-0.09239020850509405,-0.04551229905337095,0.03292815200984478,-0.11406620219349861,-0.032059526070952415,0.03138154558837414,-0.10445569083094597,-0.005253124982118607,0.022855963557958603,-0.0923974746838212,0.025556623935699463,0.0353230144828558,-0.08032317832112312,-0.044249325059354305,0.05303322337567806,-0.09421852044761181,-0.02374689280986786,0.050559813156723976,-0.08181941322982311,0.0016944222152233124,0.039480432868003845,-0.0671326145529747,0.02159624546766281,0.04933021031320095,-0.06287360191345215,-0.032829053699970245,0.06277748756110668,-0.07371643371880054,-0.01826980523765087,0.06087973900139332,-0.06836645118892193,0.002507440745830536,0.053992921486496925,-0.05598313361406326,0.010350137948989868
0.0,0.0,0.0,-0.01783386431634426,-0.029397297650575638,-0.0029786787927150726,-0.009223071858286858,-0.061812350526452065,0.005265429615974426,0.011600967962294817,-0.09030139772221446,0.008176706731319427,0.03266150504350662,-0.0966451009735465,0.0002334602177143097,-0.011041352525353432,-0.09800359699875116,-0.04043351020663977,-0.006865920498967171,-0.12954946234822273,-0.040113879600539804,-0.006421586498618126,-0.1563897281885147,-0.029061345383524895,-0.008443398401141167,-0.17728009074926376,-0.024108516052365303,0.01225645188242197,-0.09209275944158435,-0.04547106521204114,0.03318012598901987,-0.11318363063037395,-0.03258028719574213,0.03239322267472744,-0.10368822142481804,-0.006813481450080872,0.02369632525369525,-0.09235556703060865,0.023975085467100143,0.03538086637854576,-0.0799687085673213,-0.04426068684551865,0.053137874230742455,-0.0936665777117014,-0.024342456832528114,0.05128076486289501,-0.0811210973188281,0.0002336464822292328,0.0403037965297699,-0.06618542969226837,0.020055439323186874,0.04963849298655987,-0.06273578852415085,-0.03288416378200054,0.06297648139297962,-0.07345237024128437,-0.018735582008957863,0.061743149533867836,-0.06784484535455704,0.0019767358899116516,0.05475657992064953,-0.05511608347296715,0.009784221649169922
0.0,0.0,0.0,-0.01782234013080597,-0.0293901264667511,-0.0028679892420768738,-0.009169194847345352,-0.06178021430969238,0.005533035844564438,0.011984704528003931,-0.09030810371041298,0.008442237973213196,0.033049559220671654,-0.09661953710019588,0.000893663614988327,-0.010990364477038383,-0.09795669466257095,-0.04029703082051128,-0.006774000823497772,-0.12968970090150833,-0.04002083744853735,-0.006286581978201866,-0.1563657596707344,-0.02889101766049862,-0.008440375328063965,-0.1772589311003685,-0.024293506518006325,0.012366416864097118,-0.09194833040237427,-0.04519202094525099,0.033466244116425514,-0.11325925961136818,-0.03232801891863346,0.03251517377793789,-0.10362516716122627,-0.006426859647035599,0.023651654832065105,-0.09209786774590611,0.024431437253952026,0.0356278195977211,-0.07997920969501138,-0.04394388024229556,0.053692735731601715,-0.0935173137113452,-0.02385219745337963,0.05141710117459297,-0.08103042282164097,0.0006052032113075256,0.04025720804929733,-0.06596334651112556,0.02067800611257553,0.04994712024927139,-0.06270457059144974,-0.03248439636081457,0.06339594721794128,-0.07335852645337582,-0.018322676420211792,0.0620354488492012,-0.06775416061282158,0.0023408494889736176,0.0549955852329731,-0.05496540293097496,0.010220933705568314
0.0,0.0,0.0,-0.021662801504135132,-0.028704814612865448,-6.955862045288086e-05,-0.013563793152570724,-0.06262229382991791,0.00820276141166687,0.009628836996853352,-0.09239399526268244,0.011237405240535736,0.03140825405716896,-0.09715482778847218,0.0034131668508052826,-0.015014782547950745,-0.10153772868216038,-0.03828734526177868,-0.011803120374679565,-0.13522838056087494,-0.03659278084523976,-0.010278375819325447,-0.16029492765665054,-0.024159574881196022,-0.01315339095890522,-0.18349529802799225,-0.020764296874403954,0.010705935303121805,-0.09426578972488642,-0.04117638594470918,0.03231591545045376,-0.11790694110095501,-0.029403324238955975,0.03041844442486763,-0.10786760598421097,-0.001094423234462738,0.020623539574444294,-0.09445182792842388,0.02881714329123497,0.03578563220798969,-0.08144577220082283,-0.04030872345902026,0.0540284737944603,-0.09660581033676863,-0.018832391127943993,0.04941568523645401,-0.08559635560959578,0.005144190043210983,0.0391059797257185,-0.06960963271558285,0.026511941105127335,0.050263866782188416,-0.06455862708389759,-0.0286317216232419,0.06371304392814636,-0.07588024437427521,-0.013948794454336166,0.0615176260471344,-0.06985862739384174,0.008187763392925262,0.05427195131778717,-0.05779925733804703,0.016736939549446106
0.0,0.0,0.0,-0.02097194641828537,-0.029290132224559784,0.0006967633962631226,-0.011788424104452133,-0.0638142079114914,0.008286990225315094,0.010576298460364342,-0.09429949894547462,0.009609933942556381,0.032797038555145264,-0.0991014838218689,0.00023909658193588257,-0.014651037752628326,-0.10162995476275682,-0.03872691176366061,-0.01086919941008091,-0.13491147756576538,-0.03763155662454665,-0.009473728016018867,-0.16051117330789566,-0.025524962693452835,-0.011936869472265244,-0.18340154737234116,-0.021373236551880836,0.010880586691200733,-0.09393335692584515,-0.04232076043263078,0.03234982304275036,-0.1170799508690834,-0.030285276472568512,0.030653945170342922,-0.10720809362828732,-0.0009354278445243835,0.020742642227560282,-0.0944179967045784,0.028449073433876038,0.03608858399093151,-0.08061319496482611,-0.041298589552752674,0.05411900579929352,-0.09682327229529619,-0.020096905529499054,0.050481755286455154,-0.08573798835277557,0.005719318985939026,0.040534595027565956,-0.07050934806466103,0.02662511169910431,0.0507437139749527,-0.06396973133087158,-0.029933988116681576,0.06389867514371872,-0.07617941312491894,-0.014337953180074692,0.062184348702430725,-0.06926276907324791,0.008290577679872513,0.055002544075250626,-0.05763958767056465,0.016875706613063812
0.0,0.0,0.0,-0.021306050941348076,-0.029209859669208527,-0.0001692548394203186,-0.012948496267199516,-0.06308041140437126,0.008487094193696976,0.00937359593808651,-0.09290803642943501,0.012072402983903885,0.032894549891352654,-0.09714730642735958,0.004201531410217285,-0.014715822413563728,-0.10211147367954254,-0.037679891916923225,-0.010164787992835045,-0.13518568873405457,-0.036616208497434855,-0.009080050513148308,-0.16146539151668549,-0.024491988122463226,-0.011268507689237595,-0.18368949741125107,-0.019999966025352478,0.011474953964352608,-0.09500925848260522,-0.041747810086235404,0.03298638015985489,-0.11754121817648411,-0.02872496098279953,0.030778998509049416,-0.10711351409554482,-0.0012183226644992828,0.021399089600890875,-0.09392709098756313,0.02925652638077736,0.0366547554731369,-0.08136170357465744,-0.04111551935784519,0.054794689640402794,-0.0960213765501976,-0.01938524655997753,0.05042198486626148,-0.08316860673949122,0.005419209599494934,0.03941396437585354,-0.0674932450056076,0.025696996599435806,0.05101071111857891,-0.06355047412216663,-0.029737571254372597,0.06454834900796413,-0.07440642453730106,-0.01409165933728218,0.062191857025027275,-0.06795765832066536,0.007760588079690933,0.05510956607758999,-0.056691136211156845,0.015482556074857712
0.0,0.0,0.0,-0.021435126662254333,-0.029377825558185577,0.0003297179937362671,-0.013790152966976166,-0.06325717084109783,0.008685186505317688,0.008471702225506306,-0.09270649030804634,0.012536861002445221,0.033044908195734024,-0.09624882182106376,0.0052034854888916016,-0.014915220439434052,-0.10231518466025591,-0.03648388618603349,-0.010630030184984207,-0.13564188033342361,-0.03544911229982972,-0.010109160095453262,-0.1622026041150093,-0.023788588121533394,-0.012539124116301537,-0.18470817059278488,-0.01988067850470543,0.011668184772133827,-0.09529230138286948,-0.04057278553955257,0.032903277315199375,-0.11815979331731796,-0.02786520402878523,0.029893487691879272,-0.10802247747778893,-0.000630110502243042,0.0203575836494565,-0.09443002054467797,0.029534868896007538,0.03710188716650009,-0.08179367333650589,-0.04026440472807735,0.05475592613220215,-0.09682097565382719,-0.018356680870056152,0.0499427355825901,-0.08421238884329796,0.006331361830234528,0.039063941687345505,-0.0687359906733036,0.026180356740951538,0.05133090540766716,-0.06413697637617588,-0.029429090209305286,0.06426069140434265,-0.07532432861626148,-0.01362629048526287,0.06174285337328911,-0.0688682310283184,0.008420828729867935,0.054797545075416565,-0.05802556872367859,0.016335349529981613
0.0,0.0,0.0,-0.013053156435489655,-0.0333765372633934,-0.0042858123779296875,-0.0014263167977333069,-0.06310085579752922,0.0045274049043655396,0.020914212800562382,-0.08893139287829399,0.004928316920995712,0.03999600047245622,-0.09664933197200298,0.0009983628988265991,0.010589132085442543,-0.09690590016543865,-0.037388736149296165,0.018876122310757637,-0.12784834578633308,-0.035743833519518375,0.020392749458551407,-0.1567264422774315,-0.02530741784721613,0.01952289044857025,-0.18253914266824722,-0.021945977583527565,0.03277983982115984,-0.08656651247292757,-0.04189986549317837,0.04674993269145489,-0.10391707345843315,-0.02695595659315586,0.039839867036789656,-0.09658916108310223,0.0018389001488685608,0.028642468620091677,-0.08796108048409224,0.026106875389814377,0.051361619494855404,-0.07164505310356617,-0.04056833207141608,0.05877664126455784,-0.08122422359883785,-0.016565678641200066,0.05194279924035072,-0.07514242827892303,0.007028445601463318,0.04367118841037154,-0.06307154893875122,0.02417675033211708,0.060885367915034294,-0.053958144038915634,-0.029702202416956425,0.06783011183142662,-0.0667724534869194,-0.015853814780712128,0.06642035581171513,-0.0650571808218956,0.006077270954847336,0.05701439082622528,-0.05476810783147812,0.011821303516626358
0.0,0.0,0.0,-0.02135283872485161,-0.029351256787776947,0.0005909018218517303,-0.013777416199445724,-0.06340096704661846,0.008970148861408234,0.008475122973322868,-0.09295435878448188,0.012866929173469543,0.033180030062794685,-0.09668864496052265,0.005488317459821701,-0.014954227954149246,-0.10263622645288706,-0.036086823558434844,-0.010692976415157318,-0.1359531544148922,-0.035104939714074135,-0.01014752872288227,-0.16255474090576172,-0.02347030397504568,-0.012518838047981262,-0.18497316539287567,-0.019601333886384964,0.011599507182836533,-0.09557997807860374,-0.04028754564933479,0.032982006669044495,-0.11837022751569748,-0.027363638393580914,0.029964562505483627,-0.1082800030708313,-0.0003155246376991272,0.020510263741016388,-0.09456446161493659,0.029853951185941696,0.03718816488981247,-0.08203914109617472,-0.03998504066839814,0.05486387759447098,-0.09713794011622667,-0.01801319606602192,0.05010145530104637,-0.08424783544614911,0.0067349933087825775,0.039132874459028244,-0.06886497512459755,0.026324179023504257,0.05138586461544037,-0.06426350399851799,-0.02919655293226242,0.06432853266596794,-0.075382424518466,-0.013274800032377243,0.061851657927036285,-0.06883805990219116,0.008804555982351303,0.054838716983795166,-0.05801117792725563,0.016699280589818954
0.0,0.0,0.0,-0.022256745025515556,-0.02875688672065735,4.079565405845642e-05,-0.013694984838366508,-0.06251467019319534,0.00789032131433487,0.008840695954859257,-0.09175408910959959,0.010690301656723022,0.03343531675636768,-0.09519613580778241,0.001700282096862793,-0.01572144590318203,-0.1016132915392518,-0.038352886331267655,-0.012100791558623314,-0.1349404826760292,-0.03749096905812621,-0.011153452098369598,-0.1613772064447403,-0.025817890651524067,-0.013525985181331635,-0.18498153239488602,-0.021883336827158928,0.010858266614377499,-0.09453814569860697,-0.04210705263540149,0.031911224126815796,-0.11744648031890392,-0.02935168892145157,0.029860301874578,-0.10721278190612793,-0.0009993351995944977,0.019848507829010487,-0.09402132034301758,0.02905615046620369,0.036130400374531746,-0.08097559539601207,-0.04136621474754065,0.05425737239420414,-0.09646982327103615,-0.01938357576727867,0.04966111294925213,-0.08435238059610128,0.005642060190439224,0.039279140532016754,-0.06832234933972359,0.026721332222223282,0.05061083845794201,-0.06374815478920937,-0.029888628982007504,0.06384915299713612,-0.075027821585536,-0.014171548187732697,0.06148516945540905,-0.06849606893956661,0.008280940353870392,0.0547002088278532,-0.05752261355519295,0.01657552272081375
0.0,0.0,0.0,-0.022301778197288513,-0.028695303946733475,-0.0008283667266368866,-0.01428430899977684,-0.06220458634197712,0.0071838051080703735,0.007746338844299316,-0.09176212223246694,0.00992484763264656,0.03242233023047447,-0.09532935032621026,0.0018150247633457184,-0.016837429255247116,-0.10109164100140333,-0.03893799218349159,-0.013130437582731247,-0.13488324731588364,-0.03836120245978236,-0.012603875249624252,-0.16143983602523804,-0.026828203350305557,-0.015207439661026001,-0.18477196246385574,-0.02310960553586483,0.010196032002568245,-0.09444307163357735,-0.04281231132335961,0.03109792433679104,-0.11814453825354576,-0.03017442673444748,0.028341390192508698,-0.10799521766602993,-0.002507206052541733,0.018837857758626342,-0.09420469170436263,0.02780897170305252,0.03581460565328598,-0.08116388227790594,-0.04195800144225359,0.053472280502319336,-0.09661155566573143,-0.02038665860891342,0.04865889996290207,-0.08403527736663818,0.004463061690330505,0.03806781582534313,-0.06790131330490112,0.025640398263931274,0.050533950328826904,-0.06383630260825157,-0.03050518874078989,0.0632176361978054,-0.07519967295229435,-0.014892438426613808,0.06031622737646103,-0.06892229616641998,0.007543157786130905,0.05393853783607483,-0.057982176542282104,0.015675999224185944
0.0,0.0,0.0,-0.021414853632450104,-0.029208913445472717,-0.00026423484086990356,-0.012048941105604172,-0.06252001039683819,0.007282644510269165,0.008906049653887749,-0.09280800865963101,0.008275490254163742,0.03268068842589855,-0.09743263758718967,0.00043381378054618835,-0.01615487039089203,-0.10088223870843649,-0.03737578832078725,-0.01155843585729599,-0.1342434287071228,-0.03635596903041005,-0.010691434144973755,-0.16156824678182602,-0.025477326475083828,-0.01253211498260498,-0.18463387340307236,-0.021299773827195168,0.010408106725662947,-0.09477548580616713,-0.04187873285263777,0.03213515505194664,-0.11700830794870853,-0.02901366539299488,0.030474936589598656,-0.10811590030789375,-0.001395728439092636,0.021596753038465977,-0.0935174385085702,0.027325067669153214,0.03576168417930603,-0.08214480429887772,-0.04097490222193301,0.05396862328052521,-0.0967506654560566,-0.019871482625603676,0.050691280514001846,-0.08429074566811323,0.005665123462677002,0.040379954501986504,-0.06907946243882179,0.024811606854200363,0.050294678658246994,-0.06460878625512123,-0.030068781226873398,0.06361636146903038,-0.07528292946517467,-0.014589391648769379,0.06110111624002457,-0.06888891384005547,0.007940560579299927,0.054258886724710464,-0.059486499056220055,0.016072817146778107
0.0,0.0,0.0,-0.020137183368206024,-0.02963155508041382,0.0010606124997138977,-0.011260699480772018,-0.06344207003712654,0.009669110178947449,0.01022479310631752,-0.09318159567192197,0.012701649218797684,0.033883631229400635,-0.09879271499812603,0.004441764205694199,-0.014496613293886185,-0.10308701172471046,-0.03491107258014381,-0.00950414314866066,-0.13579121977090836,-0.03444102290086448,-0.008363412693142891,-0.16232681274414062,-0.02301241923123598,-0.010612750425934792,-0.18506178259849548,-0.019043199717998505,0.01144100958481431,-0.09651745948940516,-0.03997392812743783,0.03395760431885719,-0.11878897435963154,-0.02656041644513607,0.031397704035043716,-0.10889508202672005,0.00041554495692253113,0.023273744620382786,-0.09478123066946864,0.030228160321712494,0.03643721528351307,-0.0841709291562438,-0.040278450353071094,0.055331528186798096,-0.09773325081914663,-0.01821841485798359,0.051235415041446686,-0.08459687838330865,0.006381280720233917,0.04126930795609951,-0.06884467601776123,0.026000261306762695,0.051233142614364624,-0.06540652923285961,-0.029958972241729498,0.06488189101219177,-0.07604742608964443,-0.014081984758377075,0.06262726709246635,-0.07041723281145096,0.008237916976213455,0.05596593767404556,-0.059139084070920944,0.01619643345475197
0.0,0.0,0.0,-0.020519521087408066,-0.02974986657500267,0.0012145712971687317,-0.011774936690926552,-0.06366499699652195,0.010067492723464966,0.009951869025826454,-0.09345986740663648,0.013550937175750732,0.033493928611278534,-0.09926114976406097,0.005934435874223709,-0.01487104594707489,-0.10395744908601046,-0.03448176593519747,-0.009542983025312424,-0.1366816684603691,-0.033904853044077754,-0.008367286995053291,-0.16305778175592422,-0.021956415846943855,-0.010763447731733322,-0.18591659516096115,-0.01801493763923645,0.011282692197710276,-0.09708636440336704,-0.039602870121598244,0.034362008795142174,-0.11954460106790066,-0.026257747784256935,0.0316188782453537,-0.10936292260885239,0.000845491886138916,0.02328005526214838,-0.09517939388751984,0.030546125024557114,0.036387043073773384,-0.08464371133595705,-0.040216164430603385,0.055699996650218964,-0.09794679842889309,-0.017845164984464645,0.05150044336915016,-0.08493223087862134,0.006454315036535263,0.04158373922109604,-0.06915200315415859,0.02627461776137352,0.05147106572985649,-0.06556402891874313,-0.029899036046117544,0.06517228856682777,-0.07615441083908081,-0.014010494574904442,0.06315283849835396,-0.07049269042909145,0.00846058502793312,0.05626623332500458,-0.05917515233159065,0.016722053289413452
0.0,0.0,0.0,-0.020455215126276016,-0.029233161360025406,0.0009219944477081299,-0.011353280395269394,-0.06275003030896187,0.010249841958284378,0.009743899572640657,-0.09256857773289084,0.013600803911685944,0.03350443206727505,-0.09833129122853279,0.006363231688737869,-0.015499688684940338,-0.10263261571526527,-0.033889226615428925,-0.010301593691110611,-0.13544563204050064,-0.03347539878450334,-0.00936950370669365,-0.16267218440771103,-0.02242127899080515,-0.011591659858822823,-0.18530291318893433,-0.01839541830122471,0.01066331472247839,-0.09658483322709799,-0.03909486788325012,0.03309733420610428,-0.11907915398478508,-0.025930223055183887,0.031002537347376347,-0.10950174555182457,0.0007844008505344391,0.02275940915569663,-0.09471323667094111,0.030411656945943832,0.035666655749082565,-0.08435539016500115,-0.03968154778704047,0.054491762071847916,-0.09846025053411722,-0.0177705530077219,0.051150355488061905,-0.08503014268353581,0.006922073662281036,0.040887169539928436,-0.06924560107290745,0.026155609637498856,0.050534434616565704,-0.0658368431031704,-0.02972104726359248,0.06422647461295128,-0.07640071772038937,-0.014055203646421432,0.06205452233552933,-0.07093802653253078,0.008342895656824112,0.05538812279701233,-0.06008145958185196,0.016808990389108658
0.0,0.0,0.0,-0.020670583471655846,-0.029132623225450516,0.0010985694825649261,-0.012081131339073181,-0.06288023293018341,0.009266309440135956,0.009314212016761303,-0.09254132164642215,0.012388486415147781,0.03379910998046398,-0.09789948631078005,0.0036478154361248016,-0.01533765159547329,-0.10281498450785875,-0.03480333159677684,-0.01103917881846428,-0.13605023175477982,-0.034526762552559376,-0.010145893320441246,-0.1630532443523407,-0.023626095615327358,-0.012443620711565018,-0.1856394186615944,-0.019446754828095436,0.011049692053347826,-0.09660193370655179,-0.039927433943375945,0.033917779102921486,-0.11902444437146187,-0.026691637001931667,0.031201524659991264,-0.10904469527304173,-0.00018590688705444336,0.022663910873234272,-0.09450158104300499,0.03006533533334732,0.036665692925453186,-0.08396196737885475,-0.04025967209599912,0.05527542345225811,-0.09822133276611567,-0.01827034167945385,0.05148283578455448,-0.08440359681844711,0.006782010197639465,0.04086790047585964,-0.0686429813504219,0.026257731020450592,0.05134418047964573,-0.06559298187494278,-0.029972131364047527,0.06483449973165989,-0.07606822066009045,-0.014204470440745354,0.06255991570651531,-0.07014042511582375,0.008402995765209198,0.05571010895073414,-0.059590961784124374,0.017052210867404938
0.0,0.0,0.0,-0.020650111138820648,-0.029287222772836685,0.000418689101934433,-0.011915937066078186,-0.06265918910503387,0.007932618260383606,0.009801250416785479,-0.09166005696170032,0.01058981940150261,0.03384914807975292,-0.09648688975721598,0.0014819763600826263,-0.015246625989675522,-0.10173683613538742,-0.037170743802562356,-0.01098884828388691,-0.1346137523651123,-0.036683093989267945,-0.010091232135891914,-0.16139424592256546,-0.025687661953270435,-0.012893959879875183,-0.18417450785636902,-0.02185162343084812,0.010955458506941795,-0.09506274852901697,-0.04192539490759373,0.03335418552160263,-0.11739813163876534,-0.029120104387402534,0.030604291707277298,-0.10736605152487755,-0.0022922493517398834,0.021847844123840332,-0.0935849891975522,0.027830660343170166,0.03610405512154102,-0.08240111311897635,-0.04206042317673564,0.054674360901117325,-0.09635647106915712,-0.02021883986890316,0.05046672374010086,-0.08325525978580117,0.004602961242198944,0.040102189406752586,-0.06752119399607182,0.024425886571407318,0.050588130950927734,-0.06422354839742184,-0.031189274042844772,0.06411086395382881,-0.07450471818447113,-0.015581035986542702,0.0617624893784523,-0.06867634691298008,0.006506070494651794,0.05477328971028328,-0.05811457708477974,0.014985211193561554
0.0,0.0,0.0,-0.020444422960281372,-0.0293167382478714,0.0009559392929077148,-0.01173631101846695,-0.0629655010998249,0.009289566427469254,0.009790030773729086,-0.09321150579489768,0.011686872690916061,0.033945728093385696,-0.09813935123383999,0.004100218415260315,-0.015470918267965317,-0.10254036635160446,-0.03524958482012153,-0.010909806936979294,-0.13566206023097038,-0.034836749313399196,-0.010001329705119133,-0.1629086211323738,-0.02405449002981186,-0.012079691514372826,-0.18545933812856674,-0.020316550508141518,0.010810252279043198,-0.09623357467353344,-0.04021996143274009,0.03328414633870125,-0.11836272291839123,-0.027328896336257458,0.031404340639710426,-0.10862834192812443,-0.0001564323902130127,0.022813734132796526,-0.09372966550290585,0.029139358550310135,0.03632724657654762,-0.08368069492280483,-0.040275895269587636,0.0549326166510582,-0.09774675499647856,-0.018497798591852188,0.05126431956887245,-0.08463898859918118,0.0065420158207416534,0.04075244255363941,-0.06901310756802559,0.025279570370912552,0.051071278750896454,-0.06531815603375435,-0.0298965685069561,0.0644211396574974,-0.07579521648585796,-0.014195926487445831,0.06217223033308983,-0.07006789743900299,0.008278947323560715,0.055485717952251434,-0.06010514497756958,0.016227122396230698
0.0,0.0,0.0,-0.013713665306568146,-0.03405214101076126,-0.005528554320335388,-0.0023788772523403168,-0.06499473191797733,0.002216063439846039,0.020895661786198616,-0.09130426682531834,0.004112400114536285,0.042203107848763466,-0.0973299304023385,-0.0002608373761177063,0.009906210005283356,-0.0993004459887743,-0.04013794852653518,0.018298981711268425,-0.13050100207328796,-0.03847540030255914,0.019870487973093987,-0.1592077687382698,-0.02663906291127205,0.01844904199242592,-0.18474619835615158,-0.02078603394329548,0.03335296269506216,-0.08768095169216394,-0.04426882998086512,0.04857451096177101,-0.10614689067006111,-0.0269057285040617,0.0416210344992578,-0.09728324506431818,0.002608019858598709,0.028160445392131805,-0.08747243881225586,0.028211485594511032,0.05293412506580353,-0.07261653896421194,-0.04129248022218235,0.0618227943778038,-0.08323072269558907,-0.016305698081851006,0.05350562557578087,-0.07569930097088218,0.0076731666922569275,0.0436804317869246,-0.06278924643993378,0.024144653230905533,0.06310856901109219,-0.05445331335067749,-0.028398032300174236,0.07052586227655411,-0.06750129349529743,-0.014695819467306137,0.06840001046657562,-0.06552823260426521,0.007343083620071411,0.05791507661342621,-0.055063072592020035,0.013081610202789307
0.0,0.0,0.0,-0.020315609872341156,-0.02919141575694084,0.0009818896651268005,-0.01154310442507267,-0.06284543685615063,0.009424824267625809,0.009912798646837473,-0.09300660993903875,0.012020587921142578,0.03398444317281246,-0.09806212782859802,0.004185091704130173,-0.015236705541610718,-0.10243161395192146,-0.034917825600132346,-0.01075371727347374,-0.1354127749800682,-0.03458360559307039,-0.00992869958281517,-0.16275018453598022,-0.02394526544958353,-0.011978724971413612,-0.18517794460058212,-0.02022918500006199,0.010842587798833847,-0.09618735313415527,-0.03993006027303636,0.03327740356326103,-0.1180629376322031,-0.027017980813980103,0.031407236121594906,-0.10818383656442165,-6.721168756484985e-05,0.02280764188617468,-0.09360045427456498,0.02929631993174553,0.036272451281547546,-0.083597750402987,-0.0401080590672791,0.05478042736649513,-0.09762046486139297,-0.01833203248679638,0.05134214088320732,-0.08442519744858146,0.006686914712190628,0.040940672159194946,-0.06889520585536957,0.02542409673333168,0.05100083351135254,-0.06529252603650093,-0.02987913368269801,0.06426240876317024,-0.07576905097812414,-0.014126580208539963,0.062192510813474655,-0.0700153224170208,0.008261121809482574,0.05557180196046829,-0.0599483884871006,0.01615365594625473
0.0,0.0,0.0,-0.02026025764644146,-0.029450196772813797,0.0011875517666339874,-0.011034773662686348,-0.06274151429533958,0.00976109504699707,0.00993820745497942,-0.09239324508234859,0.012510418891906738,0.03377102501690388,-0.09792148135602474,0.005095366388559341,-0.014836324378848076,-0.10212770756334066,-0.034741955576464534,-0.010276326909661293,-0.13510537892580032,-0.03437866293825209,-0.009446844458580017,-0.16230706870555878,-0.023401577025651932,-0.011639170348644257,-0.18527739495038986,-0.019754303619265556,0.011104403529316187,-0.0956718479283154,-0.03993166680447757,0.033667102456092834,-0.11763567104935646,-0.026665695942938328,0.031619071029126644,-0.10823849029839039,0.00046497583389282227,0.02280857414007187,-0.09380607679486275,0.029834158718585968,0.035898903384804726,-0.08329639956355095,-0.04012336861342192,0.05474676378071308,-0.09730130061507225,-0.01806737668812275,0.051253026351332664,-0.0843700934201479,0.0067363642156124115,0.04106538183987141,-0.06892834044992924,0.02616313099861145,0.05053583346307278,-0.06493167206645012,-0.029691249132156372,0.06403620354831219,-0.07563220150768757,-0.01392471231520176,0.06185021437704563,-0.06990569829940796,0.008610013872385025,0.05503867752850056,-0.05968710407614708,0.017173554748296738
0.0,0.0,0.0,-0.02008465863764286,-0.029511235654354095,0.0015343427658081055,-0.011443102732300758,-0.06293186545372009,0.010293986648321152,0.009159819222986698,-0.09285636572167277,0.013890095055103302,0.03302381932735443,-0.098842304199934,0.005986806005239487,-0.015338076278567314,-0.10260476544499397,-0.034582185093313456,-0.01073417253792286,-0.13585343211889267,-0.03466910030692816,-0.00983399711549282,-0.16268745064735413,-0.023752601817250252,-0.012005731463432312,-0.18495693802833557,-0.01992820017039776,0.010690211784094572,-0.09634948708117008,-0.04017782071605325,0.033737437799572945,-0.11864945106208324,-0.027328133583068848,0.03136703837662935,-0.10892902500927448,-0.0006297975778579712,0.023013629019260406,-0.09470061399042606,0.029596898704767227,0.03608129918575287,-0.08374383021146059,-0.040856781881302595,0.05505128763616085,-0.09822219889611006,-0.019335879012942314,0.05154634080827236,-0.08462657686322927,0.005986589938402176,0.0411304347217083,-0.06892512738704681,0.02605360373854637,0.050986116752028465,-0.06522222980856895,-0.030906199011951685,0.06460037641227245,-0.07598163560032845,-0.015127034857869148,0.06253544427454472,-0.07019496336579323,0.007451169192790985,0.05579710938036442,-0.059460924938321114,0.016779936850070953
0.0,0.0,0.0,-0.020061399787664413,-0.029269322752952576,0.0010640621185302734,-0.011072654277086258,-0.06270752847194672,0.009581703692674637,0.01000572880730033,-0.09270700183697045,0.012024279683828354,0.03378506936132908,-0.09857505839318037,0.00403241440653801,-0.015148978680372238,-0.10209013614803553,-0.035287635400891304,-0.010246768593788147,-0.13534795865416527,-0.035243505612015724,-0.009430499747395515,-0.16229648888111115,-0.02405515592545271,-0.011333324015140533,-0.18509674072265625,-0.020358981564641,0.010747596621513367,-0.09590358845889568,-0.040639636339619756,0.03322724439203739,-0.11836663074791431,-0.027830482460558414,0.03132200241088867,-0.10892626084387302,-0.0006920099258422852,0.02302237367257476,-0.09424423985183239,0.02884499728679657,0.03572348691523075,-0.08388041751459241,-0.04114346764981747,0.054880451411008835,-0.09799192100763321,-0.019413398578763008,0.05127474293112755,-0.08475444000214338,0.005597200244665146,0.04117474518716335,-0.0688573494553566,0.025319091975688934,0.05054920166730881,-0.06553461775183678,-0.031031266786158085,0.06412278860807419,-0.07605678215622902,-0.015233781188726425,0.0621396005153656,-0.07054126262664795,0.0076851919293403625,0.055567722767591476,-0.05976131930947304,0.016829408705234528
0.0,0.0,0.0,-0.02020243927836418,-0.02995816245675087,0.0007339939475059509,-0.011832106858491898,-0.06392411328852177,0.009806662797927856,0.00916556641459465,-0.09395118639804423,0.012606937438249588,0.03250941447913647,-0.10068086162209511,0.005457740277051926,-0.015245404094457626,-0.10386110097169876,-0.03512873640283942,-0.010004572570323944,-0.13733425736427307,-0.03517470485530794,-0.009651197120547295,-0.16412290185689926,-0.023386402055621147,-0.011550955474376678,-0.18662351369857788,-0.020462611690163612,0.010799679439514875,-0.09717017645016313,-0.04049792652949691,0.03314634785056114,-0.12013961933553219,-0.02756678219884634,0.030823776498436928,-0.11029013805091381,-0.0004231482744216919,0.022647550329566002,-0.09539854153990746,0.029515858739614487,0.03626910410821438,-0.08459970122203231,-0.041130194906145334,0.05489644780755043,-0.0995972603559494,-0.019357148557901382,0.05121202394366264,-0.08637361694127321,0.005284223705530167,0.04121427610516548,-0.07069685310125351,0.025208059698343277,0.051651012152433395,-0.06582798436284065,-0.03126378823071718,0.064145777374506,-0.07740458846092224,-0.015369357541203499,0.062273330986499786,-0.07234104909002781,0.007389117032289505,0.05591706559062004,-0.060609135776758194,0.016221635043621063
0.0,0.0,0.0,-0.02019420638680458,-0.029960982501506805,0.0005764365196228027,-0.011995267122983932,-0.06386855989694595,0.009774856269359589,0.00880924891680479,-0.09391504619270563,0.012468934059143066,0.032015932723879814,-0.10074748005717993,0.005295328795909882,-0.015395328402519226,-0.10368760116398335,-0.035316317807883024,-0.010052088648080826,-0.137187659740448,-0.03547242539934814,-0.009588494896888733,-0.16403207927942276,-0.02364408317953348,-0.011297300457954407,-0.1863548383116722,-0.020428255200386047,0.010658631101250648,-0.09712925367057323,-0.040723739890381694,0.03303510323166847,-0.11992683634161949,-0.0277699651196599,0.030775566585361958,-0.11004725657403469,-0.0006126649677753448,0.022619230672717094,-0.09521897882223129,0.029621265828609467,0.03607497178018093,-0.08449328597635031,-0.04140127496793866,0.054756131023168564,-0.09920859802514315,-0.019611485302448273,0.05121874436736107,-0.08586470689624548,0.005362074822187424,0.041116438806056976,-0.07022907584905624,0.025383763015270233,0.051449112594127655,-0.06568549759685993,-0.031537669245153666,0.06405926123261452,-0.07708301488310099,-0.015697728842496872,0.06217236444354057,-0.07194241322577,0.00722193717956543,0.055691156536340714,-0.06023884005844593,0.016272269189357758
0.0,0.0,0.0,-0.0204851683229208,-0.029929064214229584,0.0014023780822753906,-0.011706119403243065,-0.06385619565844536,0.009863238781690598,0.010065196547657251,-0.09409682312980294,0.01247737929224968,0.03376440890133381,-0.10039921663701534,0.006032131612300873,-0.015098193660378456,-0.10385079775005579,-0.034689909778535366,-0.00998709723353386,-0.13737217336893082,-0.03434434253722429,-0.00952904298901558,-0.16351131349802017,-0.021695183590054512,-0.012019747868180275,-0.18661638349294662,-0.01828189566731453,0.010721301194280386,-0.09697294374927878,-0.03981282492168248,0.034057341516017914,-0.11969673074781895,-0.02677119802683592,0.031375983729958534,-0.10969827696681023,0.0008866973221302032,0.022352703846991062,-0.09462242410518229,0.030534058809280396,0.035861752927303314,-0.08465020265430212,-0.040549419121816754,0.055528489872813225,-0.09833992086350918,-0.018193189054727554,0.051014868542551994,-0.08556788740679622,0.005977146327495575,0.041161073371768,-0.07005740702152252,0.026130639016628265,0.051170291379094124,-0.06583143770694733,-0.03045843541622162,0.06430415995419025,-0.07668308541178703,-0.014423230662941933,0.06212918646633625,-0.07127496600151062,0.008463840931653976,0.055457109585404396,-0.06011942774057388,0.01745177060365677
0.0,0.0,0.0,-0.020596858114004135,-0.030246272683143616,0.0008310228586196899,-0.013213366270065308,-0.0641200877726078,0.007473938167095184,0.00864926166832447,-0.0939106373116374,0.007792040705680847,0.031856922432780266,-0.10078723169863224,0.0008228681981563568,-0.015299346297979355,-0.10330347996205091,-0.037729409988969564,-0.010314567014575005,-0.13773852214217186,-0.03712694882415235,-0.009697644039988518,-0.16379496455192566,-0.02415832318365574,-0.012490643188357353,-0.1875811591744423,-0.020206311717629433,0.011047387029975653,-0.0961767379194498,-0.04227708047255874,0.03402344882488251,-0.12048507295548916,-0.029446539469063282,0.030447112396359444,-0.11094970442354679,-0.0012169815599918365,0.02114824205636978,-0.09527838323265314,0.02856767550110817,0.0366425309330225,-0.08421024959534407,-0.04216576414182782,0.054967138916254044,-0.099010543897748,-0.019945550709962845,0.05060582235455513,-0.0867823832668364,0.004607062786817551,0.04112149588763714,-0.07244052365422249,0.024886157363653183,0.0520007461309433,-0.06596104800701141,-0.03158872481435537,0.06404940038919449,-0.07844476588070393,-0.016150854527950287,0.06153040751814842,-0.07329299859702587,0.007243499159812927,0.054755713790655136,-0.06215189769864082,0.016014236956834793
0.0,0.0,0.0,-0.02073473483324051,-0.03014356642961502,0.0008485876023769379,-0.013319198042154312,-0.06380061060190201,0.007089730352163315,0.008111568167805672,-0.09368890034966171,0.0071874745190143585,0.03168082796037197,-0.10009322222322226,-0.00031491369009017944,-0.01538895070552826,-0.10312101989984512,-0.037936958484351635,-0.011084554716944695,-0.13741888105869293,-0.03724350710399449,-0.010260531678795815,-0.16383327543735504,-0.024883237667381763,-0.012520499527454376,-0.1877622753381729,-0.020857077091932297,0.011407858692109585,-0.09646610636264086,-0.04282133257947862,0.0338626392185688,-0.11983898654580116,-0.029330585151910782,0.0307936929166317,-0.110623799264431,-0.0010962411761283875,0.02095447527244687,-0.09473266080021858,0.028049688786268234,0.03697848506271839,-0.08429463533684611,-0.04212646116502583,0.05490553751587868,-0.09933452494442463,-0.01987878605723381,0.05085574463009834,-0.08730836771428585,0.004765454679727554,0.04102539084851742,-0.07289536856114864,0.024835262447595596,0.05159096047282219,-0.06621276400983334,-0.03128762077540159,0.06415368616580963,-0.07827670685946941,-0.015921540558338165,0.06167297810316086,-0.07308228127658367,0.007591549307107925,0.05499424412846565,-0.06317640468478203,0.016332779079675674
0.0,0.0,0.0,-0.021363165229558945,-0.029698189347982407,-5.918741226196289e-05,-0.014271432533860207,-0.06321328319609165,0.00551249086856842,0.006687016226351261,-0.09343945188447833,0.0043359436094760895,0.03098205290734768,-0.0993848443031311,-0.004265226423740387,-0.01619867980480194,-0.10197941679507494,-0.03982971585355699,-0.011464932933449745,-0.13664855808019638,-0.03905141819268465,-0.011229606345295906,-0.1636568382382393,-0.026282604783773422,-0.013404745608568192,-0.1878480538725853,-0.021471308544278145,0.011025380343198776,-0.09580843709409237,-0.04445891501381993,0.03315427713096142,-0.11977293901145458,-0.031238333322107792,0.03019819315522909,-0.1108526773750782,-0.0024875402450561523,0.020087520126253366,-0.09487058129161596,0.02727329358458519,0.03631209395825863,-0.08342070272192359,-0.04354536486789584,0.05392986536026001,-0.09938317909836769,-0.0212855227291584,0.05001726746559143,-0.0875050937756896,0.00394681841135025,0.040414873510599136,-0.0728025771677494,0.0243186317384243,0.05090547725558281,-0.06587647087872028,-0.032279470935463905,0.06295014545321465,-0.07828442566096783,-0.016939803957939148,0.0604894645512104,-0.0729334969073534,0.006995543837547302,0.05406048521399498,-0.06284088641405106,0.0162896029651165
0.0,0.0,0.0,-0.013272222131490707,-0.034550298005342484,-0.005735963582992554,-0.0019899271428585052,-0.06498488411307335,0.0016871653497219086,0.02112337201833725,-0.0907837301492691,0.003925345838069916,0.042183349840343,-0.09656990505754948,-0.00022669509053230286,0.009778648614883423,-0.09883002005517483,-0.040392587427049875,0.01877046376466751,-0.12992564588785172,-0.03864131588488817,0.020781537517905235,-0.15835817158222198,-0.026875153183937073,0.019836802035570145,-0.183824822306633,-0.02112377993762493,0.033463953994214535,-0.08698142087087035,-0.044408295303583145,0.049533672630786896,-0.10519768111407757,-0.026833832263946533,0.04270614590495825,-0.09643323067575693,0.002675071358680725,0.029445101972669363,-0.08663822012022138,0.02804737538099289,0.05342113971710205,-0.07166094332933426,-0.041244729596655816,0.06276751682162285,-0.08272857498377562,-0.01619020290672779,0.05454773269593716,-0.07566993311047554,0.007764801383018494,0.045050992630422115,-0.06266223266720772,0.02353508025407791,0.06353932246565819,-0.05385875701904297,-0.02845146134495735,0.07144715636968613,-0.06704681739211082,-0.01419067196547985,0.06944037601351738,-0.06517942994832993,0.007491927593946457,0.05887269787490368,-0.05484944395720959,0.012408547103404999
0.0,0.0,0.0,-0.021274659782648087,-0.029853936284780502,0.00037357211112976074,-0.014467611908912659,-0.06342905387282372,0.006053056567907333,0.006244023330509663,-0.09377660346217453,0.005188405513763428,0.03020058386027813,-0.1000578897073865,-0.0034152641892433167,-0.016231682151556015,-0.10196126624941826,-0.03954673639964312,-0.011569302529096603,-0.1365474797785282,-0.03859689878299832,-0.01130552776157856,-0.16350172460079193,-0.025848109275102615,-0.013483265414834023,-0.18764608353376389,-0.02060707099735737,0.010896048042923212,-0.09593413537368178,-0.04424668150022626,0.0327841155230999,-0.11997596547007561,-0.030798391439020634,0.029906529001891613,-0.11120379343628883,-0.00177726149559021,0.02001395379193127,-0.09500957885757089,0.02795078605413437,0.036047082394361496,-0.08361858036369085,-0.04335498600266874,0.05337265878915787,-0.09968909155577421,-0.021015353500843048,0.04963144659996033,-0.08791491761803627,0.0044539086520671844,0.04033380374312401,-0.0732844676822424,0.024757854640483856,0.050547417253255844,-0.06610073894262314,-0.032141524367034435,0.06265309080481529,-0.07886188384145498,-0.01685379073023796,0.06017264723777771,-0.07344312965869904,0.007418647408485413,0.05391410365700722,-0.06347254663705826,0.01679132878780365
0.0,0.0,0.0,-0.021256014704704285,-0.029890384525060654,0.0009384751319885254,-0.015190467238426208,-0.06366323865950108,0.0072056688368320465,0.004836244508624077,-0.09505993872880936,0.007511954754590988,0.028226928785443306,-0.10287262871861458,-0.0004040747880935669,-0.016239304095506668,-0.10296131484210491,-0.037966900039464235,-0.011999335139989853,-0.13761404156684875,-0.03716128692030907,-0.011822447180747986,-0.16377238929271698,-0.02459661476314068,-0.014614904299378395,-0.18850068747997284,-0.01825968734920025,0.010179741308093071,-0.09678013250231743,-0.04283876717090607,0.03196071460843086,-0.12134793400764465,-0.02913184091448784,0.029080089181661606,-0.11209779605269432,-0.000406559556722641,0.019823587499558926,-0.09578784741461277,0.029004231095314026,0.03570989705622196,-0.08469633990898728,-0.04242218052968383,0.05266990512609482,-0.10074112098664045,-0.020285669714212418,0.04908406734466553,-0.08824108634144068,0.005142025649547577,0.04014086350798607,-0.07380305603146553,0.025672748684883118,0.05074727535247803,-0.0670477319508791,-0.03217267617583275,0.06234678998589516,-0.07995054870843887,-0.016728665679693222,0.059956662356853485,-0.07388377375900745,0.007454812526702881,0.053710997104644775,-0.06366297602653503,0.01680523157119751
0.0,0.0,0.0,-0.02136748656630516,-0.03047078102827072,0.000911124050617218,-0.015619460493326187,-0.06375996768474579,0.00703825056552887,0.004991662688553333,-0.09635832253843546,0.005476735532283783,0.029494918882846832,-0.10249380953609943,-0.0032535232603549957,-0.01745346561074257,-0.10289202351123095,-0.039089183788746595,-0.013413244858384132,-0.13847914338111877,-0.038479157257825136,-0.013208361342549324,-0.16518764942884445,-0.026163344271481037,-0.015935327857732773,-0.18965460360050201,-0.01898634247481823,0.01011132076382637,-0.09666826017200947,-0.04405826493166387,0.032512445002794266,-0.12172899395227432,-0.03098131064325571,0.029788320884108543,-0.11253906041383743,-0.0013302527368068695,0.019881281070411205,-0.09546517953276634,0.028523165732622147,0.035905154421925545,-0.08379427576437593,-0.0437374459579587,0.05300663411617279,-0.1000492088496685,-0.02178681641817093,0.04947532340884209,-0.08800826873630285,0.003980562090873718,0.04063616320490837,-0.07278774306178093,0.024376187473535538,0.05132220312952995,-0.06577137485146523,-0.03301104437559843,0.06334764882922173,-0.07930734939873219,-0.01796402968466282,0.06034578010439873,-0.07246915623545647,0.007275894284248352,0.05433407425880432,-0.06323795765638351,0.017091386020183563
0.0,0.0,0.0,-0.021240757778286934,-0.030809666961431503,0.0008277818560600281,-0.015451157465577126,-0.06369804218411446,0.00712411105632782,0.005209140479564667,-0.0958539443090558,0.006024200469255447,0.030006921850144863,-0.10158201493322849,-0.0026063621044158936,-0.017798056825995445,-0.10243471339344978,-0.03933032066561282,-0.01324101909995079,-0.1377684809267521,-0.03852458344772458,-0.012861091643571854,-0.16434617340564728,-0.025810441002249718,-0.015607863664627075,-0.18829933553934097,-0.0187261700630188,0.009660220704972744,-0.09619004186242819,-0.04430383141152561,0.03218513913452625,-0.12128680758178234,-0.03166606090962887,0.029843459837138653,-0.11213815398514271,-0.0021212175488471985,0.020014702808111906,-0.09573728125542402,0.027680713683366776,0.03543239273130894,-0.0837645772844553,-0.04421878536231816,0.052726635709404945,-0.0999576784670353,-0.02241094410419464,0.04970970191061497,-0.08806216344237328,0.003451049327850342,0.04110833629965782,-0.07310711964964867,0.023666996508836746,0.05082371272146702,-0.06611005589365959,-0.03380093537271023,0.06295903585851192,-0.0794097613543272,-0.018675915896892548,0.060132795944809914,-0.07271982729434967,0.006503131240606308,0.054144660010933876,-0.06321862898766994,0.016185499727725983
0.0,0.0,0.0,-0.021491046994924545,-0.030754603445529938,0.0008506216108798981,-0.01591593772172928,-0.06394079700112343,0.0056831203401088715,0.005106251686811447,-0.0970058529637754,0.0031214021146297455,0.02971803769469261,-0.10269105434417725,-0.006591346114873886,-0.017290133982896805,-0.10260170325636864,-0.04065135959535837,-0.012985467910766602,-0.13840505853295326,-0.03964113490656018,-0.012245383113622665,-0.16480733454227448,-0.02732752449810505,-0.01444561593234539,-0.1888887658715248,-0.019530411809682846,0.010291136801242828,-0.09645874705165625,-0.04536409303545952,0.033138398081064224,-0.12171964719891548,-0.03234787471592426,0.030270734801888466,-0.11250032670795918,-0.002801802009344101,0.020065316930413246,-0.09574381308630109,0.027124609798192978,0.03642072714865208,-0.08378040604293346,-0.04434349306393415,0.0532793365418911,-0.0998297706246376,-0.022724861279129982,0.04967041686177254,-0.08820474473759532,0.003412805497646332,0.041258007287979126,-0.07322636619210243,0.023390498012304306,0.051380548626184464,-0.06607604026794434,-0.03324213996529579,0.06364334747195244,-0.07970929052680731,-0.01812284253537655,0.060700081288814545,-0.07281344570219517,0.007072929292917252,0.054736144840717316,-0.06379558891057968,0.016046665608882904
0.0,0.0,0.0,-0.021409474313259125,-0.030747730284929276,0.0008644461631774902,-0.01586022973060608,-0.06391444802284241,0.006090763956308365,0.005067327991127968,-0.0969592360779643,0.0038696900010108948,0.029509292915463448,-0.10271312110126019,-0.005531292408704758,-0.01724931225180626,-0.10267253685742617,-0.04015902313403785,-0.012982027605175972,-0.13849883899092674,-0.039250195724889636,-0.01235775277018547,-0.1649705097079277,-0.02703612484037876,-0.014492150396108627,-0.1889858990907669,-0.019261546432971954,0.010306521318852901,-0.0965341473929584,-0.045042482670396566,0.03319111280143261,-0.12166819162666798,-0.032124931924045086,0.030415678396821022,-0.11247439309954643,-0.002535693347454071,0.020182195585221052,-0.09569104900583625,0.027281183749437332,0.03642641752958298,-0.08381368592381477,-0.044205958023667336,0.05331334471702576,-0.09987666830420494,-0.02253532037138939,0.04984036460518837,-0.08814973430708051,0.0036081410944461823,0.04135119542479515,-0.07313197478652,0.02358010783791542,0.05151291564106941,-0.06606780737638474,-0.0333264721557498,0.06374124437570572,-0.07979857083410025,-0.018215032294392586,0.060808632522821426,-0.0728569645434618,0.007117152214050293,0.054797809571027756,-0.06376910209655762,0.01620098575949669
0.0,0.0,0.0,-0.021449614316225052,-0.030743349343538284,0.000946439802646637,-0.015309598296880722,-0.06361357122659683,0.006658758968114853,0.0054988013580441475,-0.09578125877305865,0.005344647914171219,0.0302291177213192,-0.10086357686668634,-0.0031798705458641052,-0.016823403537273407,-0.10255371034145355,-0.03912576427683234,-0.012122828513383865,-0.13780420273542404,-0.037857394432649016,-0.011859934777021408,-0.1645580232143402,-0.02521205134689808,-0.01429896429181099,-0.18835950642824173,-0.018159817904233932,0.01089214626699686,-0.09626587945967913,-0.04381547053344548,0.03322193771600723,-0.12177631258964539,-0.030180794186890125,0.03040114790201187,-0.11279441229999065,-0.0009008385241031647,0.02039548708125949,-0.09596992982551455,0.02915959432721138,0.03661641664803028,-0.08367248345166445,-0.04290509852580726,0.05350286886096001,-0.09994720481336117,-0.020646750926971436,0.049788568168878555,-0.08821063209325075,0.005636386573314667,0.04091300815343857,-0.07329516671597958,0.02537086233496666,0.051565274596214294,-0.06586144678294659,-0.032061672769486904,0.06343574076890945,-0.07953951135277748,-0.016414236277341843,0.06032170355319977,-0.073515385389328,0.008798524737358093,0.05415177717804909,-0.0637859795242548,0.01812378689646721
0.0,0.0,0.0,-0.021202418953180313,-0.03104257956147194,0.0006187483668327332,-0.015056278556585312,-0.06398961506783962,0.006118398159742355,0.006318927742540836,-0.0965730007737875,0.0041479505598545074,0.03161647357046604,-0.10220013000071049,-0.004530761390924454,-0.01725338026881218,-0.10327808279544115,-0.039279036689549685,-0.012138525024056435,-0.13903415575623512,-0.03917379328049719,-0.011530330404639244,-0.16545461863279343,-0.027028875425457954,-0.013803642243146896,-0.18925290554761887,-0.020820576697587967,0.010715270414948463,-0.09699547849595547,-0.04438676545396447,0.03352397494018078,-0.12279319390654564,-0.032052164897322655,0.03088245913386345,-0.11308107897639275,-0.003551233559846878,0.021077356301248074,-0.09579380601644516,0.02642202004790306,0.03682296723127365,-0.08430087612941861,-0.044192025903612375,0.054446976631879807,-0.10083473473787308,-0.02312551625072956,0.0508277490735054,-0.08864785684272647,0.002060960978269577,0.041722483932971954,-0.07328043505549431,0.022310759872198105,0.05220668390393257,-0.06633115746080875,-0.03394628316164017,0.06452365964651108,-0.08003506623208523,-0.019192351028323174,0.06176145002245903,-0.07403196021914482,0.005277164280414581,0.05558580160140991,-0.06431365385651588,0.015088353306055069
0.0,0.0,0.0,-0.021171417087316513,-0.030579373240470886,0.0008800365030765533,-0.01488061249256134,-0.06350597739219666,0.006649482995271683,0.006018658168613911,-0.09605615446344018,0.004689805209636688,0.031184867024421692,-0.10176070500165224,-0.00408293679356575,-0.016628127545118332,-0.10262355674058199,-0.03909270418807864,-0.01176261156797409,-0.1382809579372406,-0.03846016968600452,-0.011196594685316086,-0.16521678119897842,-0.026200246065855026,-0.01314588263630867,-0.18898312002420425,-0.019248247146606445,0.010885369032621384,-0.09669061843305826,-0.04434527363628149,0.033564984798431396,-0.12212714552879333,-0.031361836940050125,0.031067410483956337,-0.11273971386253834,-0.002591285854578018,0.021421649493277073,-0.0956038348376751,0.02748379483819008,0.03663797304034233,-0.08398334728553891,-0.04409702168777585,0.05413563922047615,-0.10035094898194075,-0.022894032299518585,0.0507541187107563,-0.08811182109639049,0.003256864845752716,0.041611550375819206,-0.07319438084959984,0.0234210304915905,0.051601700484752655,-0.06621814519166946,-0.03388091176748276,0.0640089176595211,-0.07993382960557938,-0.01904444396495819,0.0613083578646183,-0.07385088689625263,0.006104722619056702,0.055209219455718994,-0.0643964484333992,0.016241800040006638
0.0,0.0,0.0,-0.021404879167675972,-0.030397959053516388,0.001047469675540924,-0.015092941001057625,-0.06380638852715492,0.0055884867906570435,0.006552350707352161,-0.09670220594853163,0.0027490705251693726,0.0319226011633873,-0.10250677075237036,-0.0070609040558338165,-0.017097873613238335,-0.10289609245955944,-0.03973081917501986,-0.01230236329138279,-0.1384345404803753,-0.03927434072829783,-0.011354735121130943,-0.1649007946252823,-0.027257452718913555,-0.013301994651556015,-0.18912673741579056,-0.02086908370256424,0.01072940556332469,-0.09669116139411926,-0.04480103263631463,0.03366287611424923,-0.12202349677681923,-0.03254797775298357,0.030992832966148853,-0.11241955496370792,-0.0038062594830989838,0.021078011021018028,-0.09522323915734887,0.02576667070388794,0.03654470480978489,-0.08401880552992225,-0.04446185822598636,0.05434347130358219,-0.10007037501782179,-0.023661239072680473,0.0506069902330637,-0.08800029009580612,0.0017782226204872131,0.04173455014824867,-0.07304829731583595,0.021718762814998627,0.051564646884799004,-0.06641891971230507,-0.03399828262627125,0.06420098058879375,-0.07977333851158619,-0.01962062157690525,0.06136436574161053,-0.07317956909537315,0.004949435591697693,0.055203089490532875,-0.06391501240432262,0.01480613648891449
0.0,0.0,0.0,-0.01743682473897934,-0.034332871437072754,-0.005431860685348511,-0.007743872702121735,-0.06717820558696985,0.0006802789866924286,0.012596789747476578,-0.09691892750561237,-0.0012539662420749664,0.032969907857477665,-0.10178117826581001,-0.003918778151273727,0.0050666313618421555,-0.09712713956832886,-0.04273392562754452,0.010692404583096504,-0.129048153758049,-0.03681997279636562,0.01393858902156353,-0.159192755818367,-0.025515873916447163,0.012516345828771591,-0.18229249119758606,-0.016537517309188843,0.030196964042261243,-0.08685659989714622,-0.04404776799492538,0.04387655574828386,-0.11008133366703987,-0.024281391873955727,0.03404200728982687,-0.10230307281017303,0.006867542862892151,0.02462715283036232,-0.09163462184369564,0.03463645651936531,0.05219859257340431,-0.07130700349807739,-0.03915113175753504,0.0555928610265255,-0.08525537420064211,-0.013674352318048477,0.048087310045957565,-0.07774753589183092,0.01165146753191948,0.038333546835929155,-0.06487325951457024,0.027605783194303513,0.060591788962483406,-0.053129421547055244,-0.024841057136654854,0.06664957106113434,-0.06728189531713724,-0.007935911417007446,0.06201133877038956,-0.06597748212516308,0.0141938216984272,0.053698983043432236,-0.0564827099442482,0.01839642971754074
0.0,0.0,0.0,-0.013326901942491531,-0.03410974144935608,-0.004223644733428955,-0.001986950635910034,-0.0645686611533165,0.004924420267343521,0.021785836666822433,-0.09010862465947866,0.008290726691484451,0.04234041552990675,-0.09631458763033152,0.0039054900407791138,0.010201159864664078,-0.09933671355247498,-0.036815417697653174,0.01960703358054161,-0.13087815791368484,-0.034694937290623784,0.021834824234247208,-0.15902146697044373,-0.023189997300505638,0.021174635738134384,-0.18535542488098145,-0.01855669543147087,0.03363953810185194,-0.08808146230876446,-0.04096350143663585,0.04926941730082035,-0.10569879971444607,-0.023756993003189564,0.04221380362287164,-0.09683696832507849,0.005570311099290848,0.02944918628782034,-0.08718335721641779,0.03016013279557228,0.05324533395469189,-0.07310233451426029,-0.038719932083040476,0.06248454749584198,-0.08257796056568623,-0.0133175328373909,0.054292261600494385,-0.07599815633147955,0.010363422334194183,0.045251909643411636,-0.06281621754169464,0.02644021436572075,0.06321179866790771,-0.05504004843533039,-0.026397586800158024,0.07159477099776268,-0.06733736302703619,-0.012414926663041115,0.0697404071688652,-0.06503765657544136,0.009296450763940811,0.05938468500971794,-0.054552897810935974,0.014566779136657715
0.0,0.0,0.0,-0.02166184037923813,-0.030248776078224182,0.000688895583152771,-0.014688584953546524,-0.0635678879916668,0.005126297473907471,0.007308054715394974,-0.0960282888263464,0.002764888107776642,0.03294912911951542,-0.10131998732686043,-0.006792768836021423,-0.01689152792096138,-0.10245897993445396,-0.040302103850990534,-0.01203446090221405,-0.13792641088366508,-0.03958633658476174,-0.011005382984876633,-0.16462451219558716,-0.027244546450674534,-0.01289256289601326,-0.18871619552373886,-0.020986590534448624,0.010917991399765015,-0.09607011033222079,-0.0450202077627182,0.03368205763399601,-0.12152451649308205,-0.032416204921901226,0.03101428784430027,-0.1119726225733757,-0.003573402762413025,0.02088057156652212,-0.09468517638742924,0.026151400059461594,0.036705132573843,-0.08334150910377502,-0.044221372809261084,0.054619163274765015,-0.0995817743241787,-0.02314181998372078,0.05074919015169144,-0.08792338706552982,0.002454213798046112,0.04156296141445637,-0.07290146872401237,0.022645022720098495,0.05178925022482872,-0.06573465280234814,-0.03319688234478235,0.06434595957398415,-0.07944571040570736,-0.01855318993330002,0.06160697713494301,-0.0734317246824503,0.005706600844860077,0.05512652546167374,-0.06393380276858807,0.015414796769618988
0.0,0.0,0.0,-0.022199198603630066,-0.030633192509412766,0.0004847310483455658,-0.01504717767238617,-0.06427570059895515,0.005058657377958298,0.006422664038836956,-0.09638073202222586,0.0020691901445388794,0.031818841584026814,-0.1013674009591341,-0.007883410900831223,-0.017046768218278885,-0.10293326526880264,-0.040076958714053035,-0.012103483080863953,-0.13876039534807205,-0.03966078395023942,-0.011290265247225761,-0.16611400246620178,-0.027532072737812996,-0.012601763010025024,-0.18978263437747955,-0.021072037518024445,0.010782565921545029,-0.09640422137454152,-0.044794631423428655,0.03311524540185928,-0.12153862789273262,-0.031583077274262905,0.029885308817029,-0.11216817982494831,-0.0023211315274238586,0.019157813396304846,-0.0941684846766293,0.027591973543167114,0.036621224135160446,-0.08329042000696063,-0.04386987036559731,0.05371289327740669,-0.10026579350233078,-0.022391637787222862,0.04981955513358116,-0.08824072126299143,0.004138592630624771,0.04040636494755745,-0.07279051095247269,0.024151034653186798,0.051430750638246536,-0.06557996943593025,-0.03282623551785946,0.06337273493409157,-0.07980738393962383,-0.018017603084445,0.06041242182254791,-0.07425597868859768,0.0065805986523628235,0.0539219006896019,-0.064128702506423,0.0163278691470623
0.0,0.0,0.0,-0.022214826196432114,-0.030534453690052032,0.0008342042565345764,-0.014982189983129501,-0.06427586264908314,0.0050740353763103485,0.006450014188885689,-0.09632975701242685,0.0020784586668014526,0.03187745809555054,-0.10163789056241512,-0.007789891213178635,-0.01686912775039673,-0.10281018819659948,-0.04030600329861045,-0.011565875262022018,-0.13846088200807571,-0.039583362406119704,-0.01061861403286457,-0.1653725877404213,-0.02719248365610838,-0.01214413158595562,-0.1891052946448326,-0.020579522475600243,0.010894938372075558,-0.0960755511187017,-0.04489689227193594,0.0333044845610857,-0.12131421081721783,-0.031979179941117764,0.029922308400273323,-0.11196643300354481,-0.002665780484676361,0.019260576460510492,-0.09407895430922508,0.027091339230537415,0.036643434315919876,-0.08292203582823277,-0.043919527786783874,0.05372045934200287,-0.09968135692179203,-0.022693537175655365,0.049525756388902664,-0.0878470428287983,0.00366765633225441,0.04033623822033405,-0.07264137454330921,0.02389419823884964,0.05129636824131012,-0.06536303460597992,-0.03300621546804905,0.0632309764623642,-0.07924938760697842,-0.018075022846460342,0.06020335108041763,-0.07348457910120487,0.006522409617900848,0.053782299160957336,-0.06379803456366062,0.01625552400946617
0.0,0.0,0.0,-0.02243547886610031,-0.02996634691953659,0.0005107522010803223,-0.015189703553915024,-0.0639255903661251,0.004740063101053238,0.006410553120076656,-0.0967893498018384,0.0014825575053691864,0.03234498202800751,-0.10230476595461369,-0.008973632007837296,-0.017481956630945206,-0.10277585685253143,-0.040287804789841175,-0.011788945645093918,-0.13859238103032112,-0.039616309106349945,-0.010726766660809517,-0.16587253659963608,-0.02743613626807928,-0.011978315189480782,-0.18975082784891129,-0.021033216267824173,0.010811557993292809,-0.09647041838616133,-0.04481049021705985,0.03353118523955345,-0.12169001251459122,-0.03212593123316765,0.03054765984416008,-0.11247417144477367,-0.0031474344432353973,0.02012440888211131,-0.09470991464331746,0.02656751498579979,0.03707966208457947,-0.08336759032681584,-0.043771794298663735,0.05466368794441223,-0.10062875412404537,-0.022736744955182076,0.0505266971886158,-0.08851919788867235,0.0036246180534362793,0.04126397892832756,-0.07317421399056911,0.023611348122358322,0.05220940709114075,-0.06583895161747932,-0.03268510568886995,0.06439030170440674,-0.07979108113795519,-0.017926841974258423,0.06161859631538391,-0.07389939948916435,0.0063229091465473175,0.05519288405776024,-0.06391919404268265,0.016339313238859177
0.0,0.0,0.0,-0.02190284989774227,-0.029964055866003036,0.00048665329813957214,-0.014782065525650978,-0.0636338759213686,0.004884161055088043,0.006704799830913544,-0.09617832442745566,0.001543678343296051,0.0322116706520319,-0.10174279473721981,-0.00885041058063507,-0.01715426705777645,-0.10230680927634239,-0.04027706780470908,-0.011539323255419731,-0.13798335939645767,-0.039907927392050624,-0.010136716067790985,-0.16497957706451416,-0.0277840718626976,-0.011137165129184723,-0.18866080045700073,-0.021600818261504173,0.010640466585755348,-0.09609620738774538,-0.04521301737986505,0.03349044546484947,-0.12088232301175594,-0.03279455751180649,0.03101589623838663,-0.11135724931955338,-0.004073616117238998,0.020772935822606087,-0.09360239724628627,0.025596674531698227,0.03651219606399536,-0.08302934933453798,-0.04459719778969884,0.0544643122702837,-0.09954314026981592,-0.023911166936159134,0.05064043216407299,-0.08745096065104008,0.0022881031036376953,0.041401028633117676,-0.07227303087711334,0.022484857589006424,0.05152212642133236,-0.0655011497437954,-0.03393048048019409,0.06395868770778179,-0.07884891144931316,-0.019557634368538857,0.061394961550831795,-0.07285681553184986,0.004809752106666565,0.05500143580138683,-0.06322434544563293,0.015113942325115204
0.0,0.0,0.0,-0.021868906915187836,-0.030032441020011902,0.0006045401096343994,-0.014827970415353775,-0.06370636448264122,0.004861529916524887,0.006681231781840324,-0.0962229073047638,0.001390848308801651,0.03223312459886074,-0.10163769777864218,-0.009104229509830475,-0.016959823668003082,-0.10238268785178661,-0.040239474503323436,-0.01147925853729248,-0.13805413618683815,-0.03974795527756214,-0.010226067155599594,-0.16495247930288315,-0.02752371598035097,-0.01118394173681736,-0.18871239572763443,-0.021102121099829674,0.010774626396596432,-0.09620268223807216,-0.045130721759051085,0.03355952724814415,-0.12103782407939434,-0.03268750477582216,0.03095250576734543,-0.1115134246647358,-0.003929883241653442,0.020663443487137556,-0.09367078263312578,0.025701172649860382,0.03659147769212723,-0.0831486638635397,-0.04445318994112313,0.05436575040221214,-0.09956761728972197,-0.02365819178521633,0.050449736416339874,-0.08752061519771814,0.002460818737745285,0.0413389727473259,-0.07230472937226295,0.02270548790693283,0.051617369055747986,-0.06571686640381813,-0.03374322596937418,0.06385199725627899,-0.07895840890705585,-0.0193462036550045,0.06123416870832443,-0.07283613085746765,0.005185522139072418,0.055035825818777084,-0.06323357298970222,0.015239935368299484
0.0,0.0,0.0,-0.022121766582131386,-0.029846500605344772,0.0017024576663970947,-0.014830786734819412,-0.06459183059632778,0.005371414124965668,0.007192007265985012,-0.09631229378283024,0.003935921937227249,0.03226800449192524,-0.10183871258050203,-0.006013084203004837,-0.017525343224406242,-0.10181511007249355,-0.03929393459111452,-0.012066317722201347,-0.13740769773721695,-0.03910573245957494,-0.011142414063215256,-0.16343367099761963,-0.027557408437132835,-0.012276418507099152,-0.1872815415263176,-0.023267172276973724,0.010068841278553009,-0.09500377532094717,-0.043990803649649024,0.033799177035689354,-0.11883754096925259,-0.033912235870957375,0.03061577770859003,-0.10955407284200191,-0.004717659205198288,0.019794392632320523,-0.0929908249527216,0.0242571122944355,0.03627513907849789,-0.08185548707842827,-0.04384025023318827,0.05479837767779827,-0.0982731282711029,-0.02355870231986046,0.04958692379295826,-0.08669163938611746,0.002020459622144699,0.039887117221951485,-0.07159273140132427,0.021944325417280197,0.050952108576893806,-0.06473997980356216,-0.03351565636694431,0.06362727470695972,-0.07793936133384705,-0.01909857988357544,0.06130865402519703,-0.07187004759907722,0.004311513155698776,0.05486966855823994,-0.06253799796104431,0.014628935605287552
0.0,0.0,0.0,-0.022941455245018005,-0.030123591423034668,0.0003455318510532379,-0.015957988798618317,-0.06387912854552269,0.0032763853669166565,0.005858350545167923,-0.09677918534725904,-0.0006078891456127167,0.031930435448884964,-0.1023231390863657,-0.011988982558250427,-0.018344324082136154,-0.10221632849425077,-0.04210531176067889,-0.012927815318107605,-0.13894956558942795,-0.042082123924046755,-0.01157580129802227,-0.16552205383777618,-0.029588247649371624,-0.011666012927889824,-0.18937737494707108,-0.022849420085549355,0.009857396129518747,-0.09602800197899342,-0.04691459005698562,0.03309224359691143,-0.12173548340797424,-0.0352780232205987,0.030465160496532917,-0.11241253092885017,-0.0061752162873744965,0.019413416739553213,-0.09477430582046509,0.023407742381095886,0.03651042841374874,-0.08270327420905232,-0.04576326347887516,0.054292190819978714,-0.10082765761762857,-0.025952637195587158,0.049837399274110794,-0.08910008054226637,0.0007194243371486664,0.04058059863746166,-0.07379882410168648,0.021710366010665894,0.05195482447743416,-0.06535165943205357,-0.034659761004149914,0.06349222734570503,-0.07946436386555433,-0.020406164228916168,0.06078408285975456,-0.073367515578866,0.003606591373682022,0.05519166961312294,-0.06377103179693222,0.014007508754730225
0.0,0.0,0.0,-0.02233961969614029,-0.029142048209905624,0.0012775547802448273,-0.014593452215194702,-0.06409453600645065,0.005899529904127121,0.00818980485200882,-0.09505298919975758,0.0069182440638542175,0.033531080931425095,-0.10033154487609863,-0.0036279335618019104,-0.016937896609306335,-0.10261204279959202,-0.03860505414195359,-0.01184605248272419,-0.13730724900960922,-0.038640181766822934,-0.010807573795318604,-0.16299528628587723,-0.026721621863543987,-0.012476950883865356,-0.1871592029929161,-0.02221526764333248,0.01047054585069418,-0.09550445713102818,-0.0433202323038131,0.033251892775297165,-0.11971238255500793,-0.03257324919104576,0.0301604475826025,-0.11009429395198822,-0.004060659557580948,0.01959189772605896,-0.09411376342177391,0.025454729795455933,0.03645280934870243,-0.08216199884191155,-0.04299877001903951,0.05468454584479332,-0.09896967094391584,-0.022581538185477257,0.0491163544356823,-0.0870071817189455,0.002095326781272888,0.03897636570036411,-0.07106073573231697,0.023094698786735535,0.051387969404459,-0.06461726687848568,-0.03205184545367956,0.063823651522398,-0.0776336919516325,-0.017635541036725044,0.06149669364094734,-0.07213856093585491,0.005399931222200394,0.05534740164875984,-0.06183389388024807,0.01550198718905449
0.0,0.0,0.0,-0.023263612762093544,-0.03025142103433609,0.0006114654242992401,-0.015747791156172752,-0.06434871070086956,0.004546850919723511,0.006575511768460274,-0.0970110222697258,0.0025475136935710907,0.03251677565276623,-0.10247147362679243,-0.00785570964217186,-0.018241042271256447,-0.10363560635596514,-0.04121377470437437,-0.012342685833573341,-0.13993488997220993,-0.04123067297041416,-0.01069415919482708,-0.16606266796588898,-0.028272835537791252,-0.011371690779924393,-0.19025536626577377,-0.022707313299179077,0.010478911455720663,-0.0963771315291524,-0.04584707482717931,0.03380110301077366,-0.1222296729683876,-0.03391312528401613,0.03077664040029049,-0.11286072805523872,-0.004169929772615433,0.019715886563062668,-0.09563685394823551,0.025623153895139694,0.03748420812189579,-0.08276576409116387,-0.044718472636304796,0.05565577559173107,-0.10136467684060335,-0.023832155391573906,0.05038010887801647,-0.08991694822907448,0.0020723864436149597,0.041041869670152664,-0.07416157238185406,0.023649457842111588,0.05326043628156185,-0.06475096754729748,-0.033390093594789505,0.06488828174769878,-0.07903768308460712,-0.018366394564509392,0.06212922744452953,-0.07393177039921284,0.0055322907865047455,0.056286903098225594,-0.06337644159793854,0.01601932942867279
0.0,0.0,0.0,-0.013542789965867996,-0.03379194065928459,-0.0044825077056884766,-0.0015498548746109009,-0.06360936164855957,0.00375157967209816,0.021372824907302856,-0.08802981674671173,0.006574273109436035,0.04033836955204606,-0.0944775203242898,0.002320326864719391,0.010273536667227745,-0.0971064418554306,-0.0372340566245839,0.019179966300725937,-0.1286235824227333,-0.03500562813133001,0.021635785698890686,-0.1571062132716179,-0.02390654757618904,0.021553821861743927,-0.18364711850881577,-0.019611351191997528,0.03314900607801974,-0.086199089884758,-0.041090964805334806,0.048168471083045006,-0.1039675883948803,-0.02438945882022381,0.041404650546610355,-0.09556795191019773,0.004969324916601181,0.028671519830822945,-0.08635005867108703,0.02898559719324112,0.052243275567889214,-0.07113990373909473,-0.03877322736661881,0.060744162648916245,-0.0806679567322135,-0.014137305319309235,0.052898187190294266,-0.07491097087040544,0.009770434349775314,0.04424309358000755,-0.061920059844851494,0.026440709829330444,0.06202616170048714,-0.05347686633467674,-0.026147235184907913,0.0699593760073185,-0.06584028154611588,-0.012428352609276772,0.06783254258334637,-0.06410967744886875,0.008446894586086273,0.057943398132920265,-0.053632576018571854,0.013568181544542313
0.0,0.0,0.0,-0.022654518485069275,-0.02963649481534958,0.0020162612199783325,-0.014965180307626724,-0.06456558220088482,0.006289388984441757,0.007387049496173859,-0.0963941770605743,0.00588085874915123,0.0324600525200367,-0.10168876685202122,-0.004213999956846237,-0.017790373414754868,-0.10280819237232208,-0.03816802240908146,-0.012222133576869965,-0.13824433460831642,-0.03802392119541764,-0.011100457981228828,-0.1639935001730919,-0.026164120994508266,-0.011840041726827621,-0.18806857615709305,-0.021569324657320976,0.00998567882925272,-0.09585685702040792,-0.042831914499402046,0.03369748592376709,-0.1203029677271843,-0.0324179008603096,0.030551916919648647,-0.11110398359596729,-0.0032874420285224915,0.01948787271976471,-0.09467847552150488,0.025506261736154556,0.03652908653020859,-0.08260207809507847,-0.0425927157048136,0.05507275089621544,-0.0998305780813098,-0.021900000050663948,0.04958435893058777,-0.08818471431732178,0.003713347017765045,0.039871975779533386,-0.07251493819057941,0.023914892226457596,0.05167614296078682,-0.06518353149294853,-0.03213568031787872,0.06408560648560524,-0.07863083388656378,-0.01725843735039234,0.06165456026792526,-0.07275356352329254,0.006324462592601776,0.055462390184402466,-0.06269430555403233,0.016674760729074478
0.0,0.0,0.0,-0.022600939497351646,-0.02928871661424637,0.0014151334762573242,-0.014932101592421532,-0.0641992911696434,0.005277868360280991,0.007490001618862152,-0.09550521057099104,0.004533596336841583,0.032327376306056976,-0.10082559287548065,-0.0064094699919223785,-0.01738818548619747,-0.1023529414087534,-0.039081273367628455,-0.012102028355002403,-0.1374555267393589,-0.038813524413853884,-0.011071557179093361,-0.16306079179048538,-0.026935945264995098,-0.012514282017946243,-0.18724394589662552,-0.022727105766534805,0.01027295971289277,-0.09528145473450422,-0.04335586493834853,0.03341888263821602,-0.11988985911011696,-0.03291775658726692,0.03004511445760727,-0.11054536700248718,-0.0040383487939834595,0.019324048655107617,-0.0939791020937264,0.024888936430215836,0.03653402253985405,-0.08222671737894416,-0.04295877879485488,0.054803477600216866,-0.09939741808921099,-0.022364908829331398,0.04883451201021671,-0.08779760915786028,0.0026720091700553894,0.03925931639969349,-0.07178459130227566,0.023217488080263138,0.05159044824540615,-0.06488915160298347,-0.0321849724277854,0.06364181078970432,-0.0781501978635788,-0.01769636943936348,0.06105040945112705,-0.07234524562954903,0.005477573722600937,0.05503837950527668,-0.06200662814080715,0.015603706240653992
0.0,0.0,0.0,-0.023231979459524155,-0.030267607420682907,0.0009829215705394745,-0.01578044891357422,-0.06405709683895111,0.005137454718351364,0.0062012141570448875,-0.09625883586704731,0.003288663923740387,0.03138018026947975,-0.10161102470010519,-0.00680416077375412,-0.018113430589437485,-0.10336042009294033,-0.04029758938122541,-0.012356940656900406,-0.13948432356119156,-0.039652639999985695,-0.010587450116872787,-0.1656080260872841,-0.02669546101242304,-0.011376185342669487,-0.18994680047035217,-0.02096458151936531,0.01024699816480279,-0.0963758984580636,-0.044969786424189806,0.03333424776792526,-0.12213275954127312,-0.032985848374664783,0.030186282470822334,-0.11294372379779816,-0.00365491583943367,0.019297340884804726,-0.09578793123364449,0.025744635611772537,0.036824462935328484,-0.08322918135672808,-0.044076313730329275,0.05483728647232056,-0.1014195503666997,-0.02302739769220352,0.04969605430960655,-0.09034520294517279,0.00241832435131073,0.040682196617126465,-0.07465967535972595,0.023841876536607742,0.0523873046040535,-0.06537811830639839,-0.03288448974490166,0.06410238146781921,-0.07960057444870472,-0.01817423477768898,0.06121540814638138,-0.07463248260319233,0.005673207342624664,0.05552058294415474,-0.06409350410103798,0.016170628368854523
0.0,0.0,0.0,-0.02318352833390236,-0.03043379634618759,0.0010357163846492767,-0.01601598784327507,-0.0641537755727768,0.004923436790704727,0.005717589519917965,-0.09651196468621492,0.002658586949110031,0.031026337295770645,-0.1020958237349987,-0.007575906813144684,-0.018405970185995102,-0.1033362690359354,-0.040845126612111926,-0.012827586382627487,-0.1395711451768875,-0.04054967546835542,-0.011016180738806725,-0.16577908396720886,-0.02774637471884489,-0.011431902647018433,-0.19006316363811493,-0.02144785225391388,0.01005306001752615,-0.0965099292807281,-0.04579366254620254,0.03339572995901108,-0.12228891626000404,-0.03385205194354057,0.030543440952897072,-0.11320968717336655,-0.004583828151226044,0.019581832457333803,-0.09584920154884458,0.02522709220647812,0.03684012033045292,-0.08308577863499522,-0.0448597475187853,0.05471234396100044,-0.10150790773332119,-0.024007190018892288,0.05002759397029877,-0.09011561330407858,0.0018790103495121002,0.04091335088014603,-0.0745947863906622,0.023296304047107697,0.052408356219530106,-0.06524969823658466,-0.033508094027638435,0.06413956731557846,-0.07961241900920868,-0.018998125568032265,0.06117449700832367,-0.07425760850310326,0.005075003951787949,0.055533554404973984,-0.06399212032556534,0.015681345015764236
0.0,0.0,0.0,-0.02325666882097721,-0.030495669692754745,0.0009898915886878967,-0.016145968809723854,-0.06436316296458244,0.004343569278717041,0.005416556261479855,-0.09719571750611067,0.0017697066068649292,0.030644496902823448,-0.10305026173591614,-0.008908968418836594,-0.01837603934109211,-0.10310881305485964,-0.04133554548025131,-0.012815216556191444,-0.13954079523682594,-0.041036415845155716,-0.010980909690260887,-0.16564471274614334,-0.02842544298619032,-0.011409185826778412,-0.19006090611219406,-0.021897180005908012,0.009967694990336895,-0.09638942964375019,-0.04613428167067468,0.03328659199178219,-0.12220943346619606,-0.03417493775486946,0.030264336615800858,-0.11314406991004944,-0.004823464900255203,0.019161378499120474,-0.09560378827154636,0.024945683777332306,0.03665059246122837,-0.08313358901068568,-0.04500209144316614,0.05427953414618969,-0.10149036906659603,-0.024318726733326912,0.04948103986680508,-0.09026375785470009,0.0017202869057655334,0.0405475739389658,-0.07475095614790916,0.023028939962387085,0.05201912112534046,-0.06542102620005608,-0.033599491231143475,0.06368942745029926,-0.07986248657107353,-0.019160956144332886,0.06062755174934864,-0.07453572377562523,0.004819020628929138,0.055135780945420265,-0.06445012241601944,0.015258945524692535
0.0,0.0,0.0,-0.023159917443990707,-0.030637431889772415,0.0008248873054981232,-0.01602249965071678,-0.06445894204080105,0.004603110253810883,0.005724906921386719,-0.09723203396424651,0.0020789727568626404,0.031216890551149845,-0.10287452209740877,-0.008136902004480362,-0.018618345260620117,-0.10316357668489218,-0.041342900483869016,-0.013012947514653206,-0.1396399438381195,-0.04097265703603625,-0.011234821751713753,-0.16596396267414093,-0.028347115963697433,-0.011464260518550873,-0.1901630237698555,-0.021721797063946724,0.009688317775726318,-0.09661160921677947,-0.04611799702979624,0.03265673294663429,-0.12251531332731247,-0.03380261827260256,0.029703747481107712,-0.11317430809140205,-0.004341233521699905,0.019044900313019753,-0.09557135589420795,0.02557140588760376,0.036498673260211945,-0.08339278446510434,-0.0448474797885865,0.05395708978176117,-0.1016041561961174,-0.024028783664107323,0.049260929226875305,-0.09023395087569952,0.002182386815547943,0.040195245295763016,-0.07479345239698887,0.023437239229679108,0.05189373716711998,-0.06564171984791756,-0.033485797233879566,0.06335144117474556,-0.07993019185960293,-0.018723957240581512,0.06041528284549713,-0.07450198940932751,0.005298133939504623,0.05490702763199806,-0.06449742242693901,0.015587806701660156
0.0,0.0,0.0,-0.023171051405370235,-0.030784379690885544,0.0007028393447399139,-0.016413993202149868,-0.06442972645163536,0.0038644224405288696,0.004705834202468395,-0.09704785095527768,0.0008614212274551392,0.030128133483231068,-0.1028793128207326,-0.010027557611465454,-0.018924872390925884,-0.10202767141163349,-0.04247536964248866,-0.013519267551600933,-0.1384505182504654,-0.04221551516093314,-0.011719739995896816,-0.1647040843963623,-0.029526352882385254,-0.011747497133910656,-0.18910661339759827,-0.02205486223101616,0.009135616943240166,-0.09563473332673311,-0.04735199082642794,0.03200656455010176,-0.12172196805477142,-0.03482330031692982,0.02896521519869566,-0.11273879371583462,-0.005279161036014557,0.01804349827580154,-0.09515443723648787,0.024702131748199463,0.0359168266877532,-0.08253197325393558,-0.046018604072742164,0.05299665126949549,-0.10103434696793556,-0.025234447792172432,0.04866935033351183,-0.08993430901318789,0.0015356801450252533,0.03969367314130068,-0.07486152648925781,0.022846229374408722,0.05118912551552057,-0.06522707641124725,-0.03464405611157417,0.06259229872375727,-0.07995719090104103,-0.01995312049984932,0.059768897481262684,-0.07451175712049007,0.004684023559093475,0.05454670358449221,-0.06497564539313316,0.015084560960531235
0.0,0.0,0.0,-0.008095387369394302,-0.03641309402883053,-0.01340058445930481,0.00821223109960556,-0.06498098839074373,-0.017111103981733322,0.030206182040274143,-0.08787808567285538,-0.028794681653380394,0.045687610283493996,-0.10004457831382751,-0.03974541649222374,0.0164467915892601,-0.07349202781915665,-0.06123373133596033,0.029486646875739098,-0.1000499501824379,-0.060340895026456565,0.04247191734611988,-0.12199801951646805,-0.046887719072401524,0.052247412502765656,-0.1418764516711235,-0.03145306929945946,0.032546411734074354,-0.05884313955903053,-0.061562610091641545,0.05606619827449322,-0.08654192090034485,-0.058727953874040395,0.04902403615415096,-0.08702877536416054,-0.032688846811652184,0.035494024865329266,-0.07752401009202003,-0.006437566131353378,0.047088366001844406,-0.0460773054510355,-0.05869822885142639,0.06328528374433517,-0.06921803019940853,-0.05006962735205889,0.05760033428668976,-0.068003267981112,-0.02686208114027977,0.04807143658399582,-0.05872037261724472,-0.009264405816793442,0.052328476682305336,-0.03352483734488487,-0.04691304638981819,0.06887075677514076,-0.05195747874677181,-0.04029512219130993,0.06793129071593285,-0.057066076435148716,-0.019259758293628693,0.060226839035749435,-0.05259802844375372,-0.008752893656492233
0.0,0.0,0.0,-0.006980709731578827,-0.03623584285378456,-0.011141948401927948,0.008307628333568573,-0.0640167510136962,-0.014440145343542099,0.030128357000648975,-0.08676974289119244,-0.025104450061917305,0.046561578288674355,-0.10039188712835312,-0.03723795898258686,0.017797989770770073,-0.07893157191574574,-0.05563986100605689,0.02905551716685295,-0.10553953796625137,-0.05611422180663794,0.03938763961195946,-0.12792737036943436,-0.04355893936008215,0.04759357124567032,-0.1495586633682251,-0.029740672558546066,0.03341113799251616,-0.06423163367435336,-0.057863414054736495,0.055446475744247437,-0.0909628365188837,-0.052920124027878046,0.04758524429053068,-0.089256651699543,-0.02664736472070217,0.035500358790159225,-0.07975269854068756,0.0009262450039386749,0.048621644265949726,-0.05122724547982216,-0.05512091865239199,0.06416500732302666,-0.07372521888464689,-0.04530630633234978,0.0583265945315361,-0.07121679559350014,-0.0216376930475235,0.0497163375839591,-0.06064385827630758,-0.0017868392169475555,0.05530104413628578,-0.03701657056808472,-0.043503494933247566,0.0709531232714653,-0.056799501180648804,-0.0363379530608654,0.07006614655256271,-0.06109135411679745,-0.01663646101951599,0.06226484477519989,-0.054005653597414494,-0.00691942498087883
0.0,0.0,0.0,-0.008109863847494125,-0.03518961742520332,-0.008113250136375427,0.007664766162633896,-0.061367060989141464,-0.007813561707735062,0.02885938435792923,-0.08195319399237633,-0.015264429152011871,0.045304602943360806,-0.09059255197644234,-0.026278654113411903,0.018970031291246414,-0.08215668611228466,-0.04879715194692835,0.029842263087630272,-0.10857117548584938,-0.04745834460482001,0.03972136229276657,-0.1329512894153595,-0.035475422628223896,0.04664094001054764,-0.15683067589998245,-0.024780767038464546,0.035106919473037124,-0.06906659319065511,-0.0512620008084923,0.05424363911151886,-0.0942846778780222,-0.04327944805845618,0.04663227405399084,-0.09252912551164627,-0.016095619648694992,0.037635283544659615,-0.08328306674957275,0.012724090367555618,0.05044244136661291,-0.056798347271978855,-0.04897292043824564,0.06363626755774021,-0.07716184668242931,-0.03481064457446337,0.058983590453863144,-0.07408569939434528,-0.012322381138801575,0.05069520324468613,-0.06311267288401723,0.00844302773475647,0.05606260895729065,-0.04248407483100891,-0.03725118935108185,0.07046649232506752,-0.060510169714689255,-0.027293993160128593,0.07025834172964096,-0.06502766348421574,-0.008594442158937454,0.06244940124452114,-0.057486094534397125,-0.0002740733325481415
0.0,0.0,0.0,-0.013675261288881302,-0.03396916389465332,-0.004552491009235382,-0.002109009772539139,-0.06436672806739807,0.003895934671163559,0.020613867789506912,-0.08973690960556269,0.006840076297521591,0.040604652371257544,-0.0960939358919859,0.002892155200242996,0.01015564613044262,-0.09798496216535568,-0.03746337560005486,0.019445588812232018,-0.12983927875757217,-0.03526859893463552,0.02195693552494049,-0.15894895046949387,-0.024700608104467392,0.021705511957406998,-0.1852807030081749,-0.02027280069887638,0.03364400542341173,-0.08740060962736607,-0.040998720563948154,0.0483283968642354,-0.10552269220352173,-0.02430229913443327,0.04097547568380833,-0.09761909954249859,0.004468023777008057,0.029166152700781822,-0.08821970224380493,0.029029972851276398,0.05317910015583038,-0.07173990271985531,-0.03883553470950574,0.06095002591609955,-0.08229897730052471,-0.013724958524107933,0.053181152790784836,-0.07591026742011309,0.010374188423156738,0.0442369244992733,-0.06329381465911865,0.02638521045446396,0.06253238953649998,-0.05421643145382404,-0.026588622480630875,0.07037053257226944,-0.06687142327427864,-0.012343015521764755,0.06784646585583687,-0.06523633748292923,0.00868523120880127,0.05785011686384678,-0.05491265654563904,0.013888347893953323
0.0,0.0,0.0,-0.00802391767501831,-0.03501472994685173,-0.0080593042075634,0.007886435836553574,-0.060952902771532536,-0.007889803498983383,0.028858800418674946,-0.08153708279132843,-0.015353891998529434,0.0450082216411829,-0.09046268090605736,-0.026533253490924835,0.01902308501303196,-0.08170297928154469,-0.04864410309528466,0.029570095241069794,-0.10790175572037697,-0.04734126944094896,0.03932376578450203,-0.1321675032377243,-0.03543930780142546,0.04618402197957039,-0.15612515062093735,-0.02498709224164486,0.03483108920045197,-0.06875037075951695,-0.05120215890929103,0.05370475351810455,-0.09392232447862625,-0.04320339486002922,0.04623481258749962,-0.09227827191352844,-0.01624017208814621,0.03742149751633406,-0.08327926881611347,0.01240558922290802,0.04993323143571615,-0.056695420295000076,-0.04894826326199109,0.0629469696432352,-0.0770238135010004,-0.03486757446080446,0.058421941474080086,-0.07413535937666893,-0.012535568326711655,0.05035514757037163,-0.06315791420638561,0.00829295814037323,0.05547871068120003,-0.0426549818366766,-0.0373784089460969,0.06979723274707794,-0.060545917600393295,-0.027375221252441406,0.06963487714529037,-0.06492649111896753,-0.008670475333929062,0.061917416751384735,-0.05741626024246216,-0.0003606565296649933
0.0,0.0,0.0,-0.008859600871801376,-0.03494749590754509,-0.006129574030637741,0.004975359886884689,-0.06110138073563576,-0.0038842670619487762,0.025846010074019432,-0.08081735204905272,-0.006362263113260269,0.044097563717514277,-0.08746518567204475,-0.015338601544499397,0.017881527543067932,-0.0854810569435358,-0.04345905489753932,0.027607491239905357,-0.11250180751085281,-0.0417269803583622,0.03671892732381821,-0.13759426772594452,-0.031183202750980854,0.04291892051696777,-0.1631091982126236,-0.022050675004720688,0.03459552605636418,-0.0730860442854464,-0.04612595681101084,0.05197983793914318,-0.09673587791621685,-0.036610500421375036,0.04419709835201502,-0.09381585381925106,-0.009869139641523361,0.03584770346060395,-0.0846901535987854,0.01811087504029274,0.05068328604102135,-0.06045630946755409,-0.04467157897306606,0.06185879372060299,-0.08009155001491308,-0.028326956555247307,0.05767370015382767,-0.07674252521246672,-0.006857328116893768,0.050953954458236694,-0.0648614359088242,0.012531176209449768,0.057221950963139534,-0.04550287127494812,-0.03389972262084484,0.06971662864089012,-0.06369178649038076,-0.022858750075101852,0.06875120475888252,-0.06763491779565811,-0.004938282072544098,0.061363665387034416,-0.05827851966023445,0.0018342621624469757
0.0,0.0,0.0,-0.01003982126712799,-0.03418082371354103,-0.006079819053411484,0.003657076507806778,-0.06066352967172861,-0.0035558342933654785,0.024953223764896393,-0.08071569912135601,-0.007830187678337097,0.04270425904542208,-0.08693085983395576,-0.015695253387093544,0.0162506140768528,-0.08526860177516937,-0.044761057069990784,0.02464378997683525,-0.11311295628547668,-0.041723872534930706,0.03283929452300072,-0.13807719200849533,-0.03004109300673008,0.039244093000888824,-0.16412873566150665,-0.022309841588139534,0.03315280727110803,-0.07330847322009504,-0.046178890857845545,0.04897982068359852,-0.09734602086246014,-0.035898505710065365,0.04088754765689373,-0.09480787068605423,-0.007873382419347763,0.03330321377143264,-0.08434207178652287,0.02053949609398842,0.04948741756379604,-0.06142504047602415,-0.0437248786111013,0.059861788526177406,-0.08054705709218979,-0.02655726484954357,0.055336518213152885,-0.07800725847482681,-0.00616353377699852,0.0484931580722332,-0.06552725238725543,0.013686016201972961,0.05587215535342693,-0.046469053253531456,-0.03204992599785328,0.06777340918779373,-0.06422497984021902,-0.02002853900194168,0.06683922559022903,-0.06864704936742783,-0.0026129521429538727,0.060152146965265274,-0.05932436604052782,0.0035026445984840393
0.0,0.0,0.0,-0.00954940915107727,-0.03343115746974945,-0.005770791321992874,0.003370732069015503,-0.05930913519114256,-0.004061892628669739,0.024435771629214287,-0.07866426650434732,-0.007466282695531845,0.04163672588765621,-0.08668900653719902,-0.014837203547358513,0.013488426804542542,-0.08143300563097,-0.04415210196748376,0.02104361169040203,-0.10801899433135986,-0.04160193377174437,0.028251932933926582,-0.1339450255036354,-0.030969946645200253,0.03419286012649536,-0.15805374085903168,-0.022825198248028755,0.02947090193629265,-0.07075576926581562,-0.04605428199283779,0.0430336594581604,-0.09523318521678448,-0.036857128608971834,0.03664818033576012,-0.09276494011282921,-0.008072223514318466,0.029197399970144033,-0.08272614888846874,0.020885631442070007,0.04421628173440695,-0.06079491227865219,-0.04407740061287768,0.053526993840932846,-0.07885911129415035,-0.027687156572937965,0.050080571323633194,-0.07800335809588432,-0.0057492442429065704,0.043556928634643555,-0.06602971162647009,0.013385482132434845,0.04948112927377224,-0.047178834676742554,-0.03332591336220503,0.06129544600844383,-0.06397664826363325,-0.021870622411370277,0.06041012704372406,-0.06920791696757078,-0.003045637160539627,0.055068280547857285,-0.06095823924988508,0.0051525309681892395
0.0,0.0,0.0,-0.010348711162805557,-0.03272675722837448,-0.007039178162813187,0.002940138801932335,-0.06035867799073458,-0.005384556949138641,0.022091304883360863,-0.08040590863674879,-0.00960235670208931,0.03906465647742152,-0.08932576142251492,-0.01824214868247509,0.013647804036736488,-0.08125533256679773,-0.04680915060453117,0.019466707482933998,-0.10837327688932419,-0.04356703395023942,0.026668038219213486,-0.13399295508861542,-0.03258892986923456,0.03332018852233887,-0.15960338711738586,-0.024127747863531113,0.02874398184940219,-0.0705871123354882,-0.047924214974045753,0.04186216276139021,-0.0963903684169054,-0.03728102892637253,0.03395635634660721,-0.09427983686327934,-0.009835377335548401,0.027074466925114393,-0.08358566276729107,0.01866951957345009,0.0436827652156353,-0.06015167664736509,-0.04562078969320282,0.051928313449025154,-0.08040051627904177,-0.029004206880927086,0.04840812645852566,-0.07802941836416721,-0.00803825631737709,0.04243643954396248,-0.06614300422370434,0.011300664395093918,0.04975779913365841,-0.047138581052422523,-0.03447621129453182,0.06056578271090984,-0.06488171499222517,-0.023170029744505882,0.05994115024805069,-0.06890236306935549,-0.004267062991857529,0.054154977202415466,-0.061160530894994736,0.0018835142254829407
0.0,0.0,0.0,-0.01013268157839775,-0.03366797789931297,-0.00915609672665596,0.00259595550596714,-0.05976398102939129,-0.008452504873275757,0.022978242486715317,-0.07983631361275911,-0.016138724982738495,0.04286661371588707,-0.08586193434894085,-0.025003505870699883,0.012611515820026398,-0.08310816902667284,-0.0476645443122834,0.01903446391224861,-0.11084946990013123,-0.04575160483364016,0.025893475860357285,-0.13728541880846024,-0.032797650434076786,0.03331909701228142,-0.16128160804510117,-0.02409220300614834,0.0294650224968791,-0.07267019525170326,-0.0495224972255528,0.04027083981782198,-0.09792639687657356,-0.03865581192076206,0.032154168002307415,-0.09576919302344322,-0.012052126228809357,0.02550988271832466,-0.08314918354153633,0.017281636595726013,0.04487351793795824,-0.06243107933551073,-0.04636493150610477,0.052722226828336716,-0.08349085133522749,-0.030899610370397568,0.0486148577183485,-0.07880935072898865,-0.010142605751752853,0.04236764553934336,-0.06730858143419027,0.008681345731019974,0.052015142515301704,-0.04842694662511349,-0.035112449899315834,0.06008554622530937,-0.06573588401079178,-0.023845575749874115,0.05977599509060383,-0.07014620676636696,-0.006388135254383087,0.05529107712209225,-0.06223549507558346,-0.0011234432458877563
0.0,0.0,0.0,-0.010148357599973679,-0.033667128533124924,-0.00917070358991623,0.002587025985121727,-0.05976943951100111,-0.008479718118906021,0.022919216193258762,-0.07983972504734993,-0.016146335750818253,0.04280027002096176,-0.0858549252152443,-0.025016378611326218,0.01261751726269722,-0.0830834498628974,-0.04767976747825742,0.019022603519260883,-0.11083389073610306,-0.045753527781926095,0.025867974385619164,-0.1372813731431961,-0.03278334066271782,0.033277321606874466,-0.1612684354186058,-0.024097543209791183,0.029461590806022286,-0.07268859399482608,-0.04952890146523714,0.040221565403044224,-0.09790844842791557,-0.03863413631916046,0.03209616523236036,-0.09578135795891285,-0.012046702206134796,0.025476495269685984,-0.08315772842615843,0.01731541007757187,0.04486936330795288,-0.06246222835034132,-0.04635593306738883,0.052690692245960236,-0.08352039568126202,-0.03088429570198059,0.04856405034661293,-0.07883361168205738,-0.010125584900379181,0.04231160134077072,-0.06735708471387625,0.008668195456266403,0.0519787035882473,-0.048493972048163414,-0.03509533125907183,0.06002684682607651,-0.06578118074685335,-0.023822490125894547,0.0597003698348999,-0.07015325967222452,-0.006381314247846603,0.05523626320064068,-0.06226667296141386,-0.0011138059198856354
0.0,0.0,0.0,-0.010845731943845749,-0.03393890708684921,-0.009209439158439636,0.0009160265326499939,-0.06257028318941593,-0.008827507495880127,0.020467433147132397,-0.08447970822453499,-0.016105467453598976,0.03903345204889774,-0.09213940240442753,-0.024274151772260666,0.013161085546016693,-0.08398713171482086,-0.047516619495581836,0.019340479746460915,-0.1113104447722435,-0.045878391538280994,0.025914544239640236,-0.13749486953020096,-0.03319778945297003,0.031900253146886826,-0.16138418018817902,-0.02369726076722145,0.03076733648777008,-0.07288828864693642,-0.04898074991069734,0.04135875776410103,-0.09915422089397907,-0.03859137184917927,0.03212147485464811,-0.096683569252491,-0.011769786477088928,0.025625962764024734,-0.08483666367828846,0.017192762345075607,0.04719574190676212,-0.062205868773162365,-0.045859192206989974,0.05442510172724724,-0.08374190330505371,-0.030410490930080414,0.04956144653260708,-0.07986176293343306,-0.010000396519899368,0.04280666075646877,-0.06842505559325218,0.008079960942268372,0.053880587220191956,-0.04781784862279892,-0.034757387824356556,0.06271381117403507,-0.06632224749773741,-0.02361997403204441,0.06118202209472656,-0.07183776888996363,-0.0057579949498176575,0.056116027757525444,-0.0634094774723053,-0.000884372740983963
0.0,0.0,0.0,-0.011918563395738602,-0.032923419028520584,-0.009129896759986877,-0.0005233660340309143,-0.06144397705793381,-0.009308651089668274,0.019199969246983528,-0.08381388057023287,-0.015825968235731125,0.037993685342371464,-0.09238720312714577,-0.024490734562277794,0.010301098227500916,-0.08232111763209105,-0.0500120148062706,0.016284406185150146,-0.11021801084280014,-0.04799974043271504,0.022813783958554268,-0.13660187274217606,-0.035883016884326935,0.028699573129415512,-0.1609271541237831,-0.026672612875699997,0.02853662334382534,-0.07167413528077304,-0.050625498639419675,0.04025131091475487,-0.09802128374576569,-0.0407742764800787,0.03181732911616564,-0.09620012529194355,-0.013564173132181168,0.02513681724667549,-0.0850562322884798,0.01416858658194542,0.045582570135593414,-0.06152149382978678,-0.046935456339269876,0.05353541113436222,-0.08379456773400307,-0.030941370874643326,0.04873626492917538,-0.08003874309360981,-0.009958315640687943,0.04238297138363123,-0.06832184130325913,0.007902629673480988,0.05314458906650543,-0.04779143072664738,-0.03461340721696615,0.061381397768855095,-0.06656400673091412,-0.0233724657446146,0.059806887060403824,-0.07096021808683872,-0.005144055932760239,0.054409209638834,-0.06317086983472109,0.00029896199703216553
0.0,0.0,0.0,-0.012192979454994202,-0.034192103892564774,-0.008959319442510605,-0.001781471073627472,-0.06344938278198242,-0.009350448846817017,0.018277953378856182,-0.08700645342469215,-0.015339313074946404,0.0360552417114377,-0.0971396192908287,-0.024695061147212982,0.009845806285738945,-0.08505250886082649,-0.0481565035879612,0.01571384072303772,-0.112603560090065,-0.04634063458070159,0.021811412647366524,-0.1391446590423584,-0.03475374914705753,0.026090726256370544,-0.16362328082323074,-0.025063181295990944,0.02920091524720192,-0.07367832260206342,-0.04863255727104843,0.04088451620191336,-0.1012783944606781,-0.03904705494642258,0.03226581122726202,-0.09951690584421158,-0.012363467365503311,0.025304859038442373,-0.08872528746724129,0.015369374305009842,0.04721984267234802,-0.06297012651339173,-0.04439575795549899,0.054516129195690155,-0.08650798350572586,-0.028545619919896126,0.04958062246441841,-0.08344210684299469,-0.007381074130535126,0.04354577511548996,-0.07119850674644113,0.009691234678030014,0.05416678637266159,-0.04922815039753914,-0.03236463386565447,0.06285559013485909,-0.06897290609776974,-0.02093615010380745,0.060495223850011826,-0.07332870457321405,-0.002317383885383606,0.05512035824358463,-0.06454145349562168,0.003628116101026535
0.0,0.0,0.0,-0.013219278305768967,-0.03431613743305206,-0.003571007400751114,-0.001664474606513977,-0.06478310003876686,0.006052892655134201,0.021877862513065338,-0.09057124145328999,0.01024896651506424,0.04207409918308258,-0.09643993247300386,0.006593823432922363,0.010210530832409859,-0.10006338730454445,-0.035709873074665666,0.019792020320892334,-0.13169150426983833,-0.03359117801301181,0.02223081886768341,-0.1601422280073166,-0.022350993007421494,0.021981284022331238,-0.18638090789318085,-0.017730556428432465,0.03390328586101532,-0.08872862160205841,-0.03975146566517651,0.04972645081579685,-0.1062750481069088,-0.02263721637427807,0.042551287449896336,-0.09712412394583225,0.007223643362522125,0.029787717387080193,-0.08739379327744246,0.03164750710129738,0.053675701841712,-0.07310838624835014,-0.03772148722782731,0.0628625936806202,-0.0827663205564022,-0.01196429505944252,0.054856160655617714,-0.07616599975153804,0.012016542255878448,0.04568172059953213,-0.06265057623386383,0.027906354516744614,0.06377451680600643,-0.054808419197797775,-0.025280311703681946,0.0720929242670536,-0.06716440059244633,-0.010921236127614975,0.06998838484287262,-0.06465223617851734,0.01073809340596199,0.05985734425485134,-0.054076990112662315,0.016195043921470642
0.0,0.0,0.0,-0.011685825884342194,-0.03375537320971489,-0.009199060499668121,-0.0005270540714263916,-0.06294167041778564,-0.010182324796915054,0.01860913820564747,-0.08644535206258297,-0.017013611271977425,0.03449466824531555,-0.09791558980941772,-0.02721446380019188,0.01090676337480545,-0.08360647223889828,-0.049729231162928045,0.016109507530927658,-0.11058785766363144,-0.04743062218767591,0.02251555025577545,-0.13706736266613007,-0.0358879454433918,0.027443572878837585,-0.16157007217407227,-0.026092659682035446,0.029155552852898836,-0.07260932750068605,-0.05053103086538613,0.040314776822924614,-0.100058414041996,-0.041216626297682524,0.03184731677174568,-0.0981021523475647,-0.013729829341173172,0.025140157900750637,-0.08766528591513634,0.014079969376325607,0.04610359109938145,-0.06186864338815212,-0.04671462741680443,0.052737269550561905,-0.08484574873000383,-0.03129994682967663,0.048374397680163383,-0.08235670160502195,-0.009806200861930847,0.04283038526773453,-0.07035974645987153,0.007419262081384659,0.052163656800985336,-0.048425303772091866,-0.03455920983105898,0.06078250706195831,-0.06823040265589952,-0.023534070700407028,0.058994144201278687,-0.07261125463992357,-0.004307471215724945,0.05442005395889282,-0.06428056489676237,0.0013726875185966492
0.0,0.0,0.0,-0.010873332619667053,-0.032337866723537445,-0.008694149553775787,0.0020954012870788574,-0.059662602841854095,-0.007681161165237427,0.019664635881781578,-0.08325564861297607,-0.013015981763601303,0.03303817193955183,-0.09756406396627426,-0.021231021732091904,0.010434428229928017,-0.07955796271562576,-0.046383584616705775,0.013740694150328636,-0.10553177818655968,-0.04342444153735414,0.020546087995171547,-0.13197654485702515,-0.03178862947970629,0.024949558079242706,-0.1568535417318344,-0.022643232718110085,0.02670661942102015,-0.06931672873906791,-0.04666497348807752,0.03618629556149244,-0.09691670909523964,-0.0371642941609025,0.02955849003046751,-0.0945783257484436,-0.00923263281583786,0.02457619132474065,-0.08512143418192863,0.018683116883039474,0.04186409339308739,-0.060775935649871826,-0.04325343866366893,0.048386937007308006,-0.08281152322888374,-0.02760259620845318,0.044905866496264935,-0.08040909562259912,-0.0054556503891944885,0.040612912736833096,-0.0683300499804318,0.012791208922863007,0.04754368029534817,-0.04901495389640331,-0.03148501366376877,0.0560479611158371,-0.06732628587633371,-0.0205262191593647,0.05540021136403084,-0.0711773494258523,-0.0013389848172664642,0.05152047798037529,-0.06261504534631968,0.007326949387788773
0.0,0.0,0.0,-0.010772785171866417,-0.03224583715200424,-0.008801579475402832,0.002170303836464882,-0.05950749292969704,-0.007904741913080215,0.019687670283019543,-0.0829994585365057,-0.013387210667133331,0.03307162690907717,-0.09725484997034073,-0.021598275750875473,0.010447617620229721,-0.07915204018354416,-0.04683984839357436,0.01371647510677576,-0.10510779172182083,-0.043819737795274705,0.020411904901266098,-0.13160767406225204,-0.03213348891586065,0.024830231443047523,-0.15645085275173187,-0.02307833358645439,0.026541770668700337,-0.06901373248547316,-0.04713349789381027,0.03596651181578636,-0.09649767726659775,-0.037574457470327616,0.02941341418772936,-0.0942643154412508,-0.00962243601679802,0.024530545808374882,-0.0847356729209423,0.01831294596195221,0.0416082963347435,-0.06056362669914961,-0.04360160348005593,0.04808874614536762,-0.08255680836737156,-0.027996178716421127,0.044654796831309795,-0.08021239843219519,-0.0058485642075538635,0.04044616036117077,-0.0681761372834444,0.012333743274211884,0.047298258170485497,-0.04889032803475857,-0.03174732904881239,0.055731697008013725,-0.06716621667146683,-0.020806629210710526,0.055156052112579346,-0.07099208701401949,-0.001547258347272873,0.051350062713027,-0.062441008165478706,0.007078900933265686
0.0,0.0,0.0,-0.010710189118981361,-0.03284674137830734,-0.00882222130894661,0.0013780463486909866,-0.06035108771175146,-0.00907662883400917,0.01839890331029892,-0.08395128138363361,-0.01564684323966503,0.03091466147452593,-0.09877830371260643,-0.02538871206343174,0.010519901290535927,-0.07942865416407585,-0.0480342524824664,0.013683440163731575,-0.10583101958036423,-0.04565800656564534,0.020220009610056877,-0.132336787879467,-0.03447784390300512,0.024575145915150642,-0.157143734395504,-0.02420070208609104,0.02675246400758624,-0.06920666107907891,-0.049064466962590814,0.03651110269129276,-0.09690880961716175,-0.04013019101694226,0.030012143775820732,-0.09436766430735588,-0.011583499610424042,0.02459156746044755,-0.08533989265561104,0.016457349061965942,0.04216169286519289,-0.06040959618985653,-0.04586247156839818,0.04826004430651665,-0.08224517107009888,-0.03083697147667408,0.04505882039666176,-0.08043204713612795,-0.008036229759454727,0.04072312079370022,-0.06860605534166098,0.009892571717500687,0.04758366197347641,-0.04844779893755913,-0.0343069089576602,0.055930955335497856,-0.06722784508019686,-0.023459579795598984,0.05543327145278454,-0.07160522788763046,-0.0036870576441287994,0.051552651450037956,-0.06331512425094843,0.004346009343862534
0.0,0.0,0.0,-0.011776067316532135,-0.03292953595519066,-0.008808087557554245,0.0009570661932229996,-0.06035048235207796,-0.009228125214576721,0.018429634161293507,-0.08360127359628677,-0.015097104012966156,0.031705291010439396,-0.09751385822892189,-0.024808956310153008,0.010780572891235352,-0.08044084068387747,-0.046887586708180606,0.01441644411534071,-0.10680904239416122,-0.04414124332834035,0.020961714908480644,-0.13332724571228027,-0.033077181316912174,0.025000058114528656,-0.15851064771413803,-0.024515988305211067,0.027042708359658718,-0.06993309431709349,-0.047503093956038356,0.037192909978330135,-0.09800127893686295,-0.03810103330761194,0.029674152843654156,-0.09563899040222168,-0.00997576117515564,0.023966235108673573,-0.08660278841853142,0.017941277474164963,0.04243314079940319,-0.0608952771872282,-0.04468221327988431,0.048605434596538544,-0.08304306119680405,-0.02938859350979328,0.044914087280631065,-0.08112524542957544,-0.007306832820177078,0.0400808360427618,-0.06922070495784283,0.010493315756320953,0.04767967388033867,-0.04872146062552929,-0.032975878566503525,0.05659252591431141,-0.06751166004687548,-0.022381341084837914,0.055611807852983475,-0.07253046426922083,-0.003504537045955658,0.051391538232564926,-0.06360461749136448,0.004551105201244354
0.0,0.0,0.0,-0.011269180104136467,-0.033325038850307465,-0.009586591273546219,0.000680217519402504,-0.06109149567782879,-0.009891979396343231,0.01837475597858429,-0.0845598354935646,-0.016949215903878212,0.03193179611116648,-0.09844793379306793,-0.026928136125206947,0.010102862492203712,-0.08074355870485306,-0.048706733621656895,0.014469543471932411,-0.1070430763065815,-0.04662928206380457,0.02102421410381794,-0.13380064815282822,-0.03516817931085825,0.02554929442703724,-0.1575881764292717,-0.024888591840863228,0.027088447008281946,-0.07043799315579236,-0.04979205806739628,0.03717707749456167,-0.0986179318279028,-0.041246638633310795,0.030182968825101852,-0.09617388248443604,-0.013193011283874512,0.024125770665705204,-0.08678759261965752,0.014604367315769196,0.04261728096753359,-0.06107411812990904,-0.04641289671417326,0.04919196106493473,-0.08359234593808651,-0.0318038621917367,0.04586641117930412,-0.08183376584202051,-0.009215131402015686,0.04070732928812504,-0.07009409461170435,0.008396092802286148,0.04852923005819321,-0.04874962382018566,-0.03475466277450323,0.057158337906003,-0.06796488631516695,-0.024313034489750862,0.05652863532304764,-0.07236162666231394,-0.0050063543021678925,0.05211902968585491,-0.06404910236597061,0.0026782453060150146
0.0,0.0,0.0,-0.011823579668998718,-0.03355837240815163,-0.009489193558692932,0.00023319199681282043,-0.061572867445647717,-0.009526371955871582,0.01826835609972477,-0.08505791984498501,-0.016089996322989464,0.03221506718546152,-0.09892287850379944,-0.026141438633203506,0.009933553636074066,-0.08177467342466116,-0.04795818740967661,0.014552912674844265,-0.10811734199523926,-0.04584246524609625,0.021207351237535477,-0.1347791999578476,-0.03459831792861223,0.025694284588098526,-0.15876422077417374,-0.024527210742235184,0.02733078016899526,-0.0713306088000536,-0.04897529864683747,0.037327731028199196,-0.09967511519789696,-0.03996277693659067,0.030060481280088425,-0.09728778898715973,-0.012137729674577713,0.023803833406418562,-0.08813123218715191,0.0154331736266613,0.04317140392959118,-0.061683389358222485,-0.04552456794772297,0.049703167751431465,-0.0843564048409462,-0.030481534078717232,0.04622506909072399,-0.08268789574503899,-0.008289232850074768,0.04077540524303913,-0.07107115862891078,0.009203910827636719,0.04919601045548916,-0.049045320600271225,-0.033860876224935055,0.05799081549048424,-0.0684701818972826,-0.023113874718546867,0.057051049545407295,-0.07307136338204145,-0.004090052098035812,0.05233073979616165,-0.06465214304625988,0.00320550799369812
0.0,0.0,0.0,-0.011767728254199028,-0.03356829285621643,-0.009500697255134583,0.00036368705332279205,-0.061654130928218365,-0.009125381708145142,0.018266532570123672,-0.08529473841190338,-0.015821605920791626,0.03190070763230324,-0.09961498714983463,-0.02556503564119339,0.010031189769506454,-0.08168283011764288,-0.04761462449096143,0.014540831558406353,-0.1080201268196106,-0.045512361743021756,0.02122160978615284,-0.13473954051733017,-0.03441541828215122,0.025826023891568184,-0.15862684696912766,-0.02436196058988571,0.02722456376068294,-0.07131458399817348,-0.04868801427073777,0.03713905066251755,-0.09949543699622154,-0.039530804846435785,0.02999854553490877,-0.09702199324965477,-0.011928040534257889,0.023804846685379744,-0.08776215650141239,0.0155910924077034,0.04298995994031429,-0.06158145982772112,-0.04531368491007015,0.04960967227816582,-0.08437460288405418,-0.03038937784731388,0.046191031113266945,-0.0824871314689517,-0.008207298815250397,0.04072675760835409,-0.0708378218114376,0.009115226566791534,0.04901314899325371,-0.048978166654706,-0.03381960932165384,0.05786750651896,-0.06839766353368759,-0.022900694981217384,0.0570825170725584,-0.07291052863001823,-0.003855563700199127,0.052508002147078514,-0.06451255176216364,0.0032097361981868744
0.0,0.0,0.0,-0.01173768937587738,-0.03358776494860649,-0.009507469832897186,0.0003903396427631378,-0.06171573232859373,-0.009188778698444366,0.018318306654691696,-0.08543599024415016,-0.01592569798231125,0.03195564169436693,-0.09980764240026474,-0.025618063285946846,0.010085633024573326,-0.08172329887747765,-0.04763252707198262,0.014596822671592236,-0.1080862432718277,-0.045515605015680194,0.02130303531885147,-0.13480331003665924,-0.034445103257894516,0.025922920554876328,-0.15868282318115234,-0.024378646165132523,0.027297919616103172,-0.07134111830964684,-0.04869583831168711,0.0372226657345891,-0.09956599026918411,-0.039567765314131975,0.030023380182683468,-0.09713261015713215,-0.012055657804012299,0.02380112186074257,-0.08781191892921925,0.015409182757139206,0.04309340938925743,-0.06160402577370405,-0.04528134921565652,0.04969544894993305,-0.08444948494434357,-0.03041883185505867,0.04619635455310345,-0.0825492450967431,-0.008238077163696289,0.04073645733296871,-0.0708836973644793,0.008983757346868515,0.049116335809230804,-0.04900902695953846,-0.033771113492548466,0.05796100199222565,-0.06845118291676044,-0.022871946915984154,0.05715601518750191,-0.07291215006262064,-0.0038186050951480865,0.05256793275475502,-0.06457706168293953,0.0032399483025074005
0.0,0.0,0.0,-0.011372126638889313,-0.03333762288093567,-0.009068544954061508,0.0005694329738616943,-0.06133573688566685,-0.009172745048999786,0.01899521891027689,-0.0840727835893631,-0.01555950753390789,0.03358049225062132,-0.09724927693605423,-0.02588602527976036,0.010266970843076706,-0.08130666613578796,-0.04720217175781727,0.014940552413463593,-0.10745678842067719,-0.04528307483997196,0.021331846714019775,-0.13428525626659393,-0.03434961102902889,0.0258462056517601,-0.15866424143314362,-0.023780377581715584,0.02748734806664288,-0.07113470486365259,-0.04849468753673136,0.037816934287548065,-0.09907414577901363,-0.03926069475710392,0.030619550496339798,-0.09701338410377502,-0.012234117835760117,0.024768324568867683,-0.08750530146062374,0.015383392572402954,0.043235620483756065,-0.06148895854130387,-0.04517101723467931,0.04992997832596302,-0.08425077609717846,-0.03020581603050232,0.046585382893681526,-0.08237287029623985,-0.008368108421564102,0.041626051999628544,-0.07060119695961475,0.008703544735908508,0.04910757578909397,-0.049071598798036575,-0.033855180256068707,0.05797154828906059,-0.06846051476895809,-0.022926244884729385,0.05722472816705704,-0.07295415550470352,-0.0038631707429885864,0.052538204938173294,-0.06451445259153843,0.002905186265707016
0.0,0.0,0.0,-0.012732744216918945,-0.03484591096639633,-0.002865225076675415,-0.001264810562133789,-0.06578479707241058,0.007138155400753021,0.022733589634299278,-0.0923011265695095,0.01225653663277626,0.04332989500835538,-0.09775062929838896,0.009016025811433792,0.011040139943361282,-0.10169943049550056,-0.03474524000193924,0.020989663898944855,-0.13353576883673668,-0.03239938919432461,0.02327803149819374,-0.16177315264940262,-0.021028880961239338,0.022633381187915802,-0.18807510286569595,-0.015992535278201103,0.03495281655341387,-0.0898965410888195,-0.03912905580364168,0.05143829993903637,-0.10753936879336834,-0.020702297799289227,0.04422508832067251,-0.09819133020937443,0.00910477340221405,0.031231099739670753,-0.0878943195566535,0.03372408449649811,0.055099740624427795,-0.07384343910962343,-0.03702997969230637,0.06475184671580791,-0.08384532760828733,-0.010548301041126251,0.05637357011437416,-0.07654602127149701,0.013670060783624649,0.047186100855469704,-0.06281209364533424,0.02939264476299286,0.06515996158123016,-0.055167317390441895,-0.024696373380720615,0.07385772094130516,-0.06764821149408817,-0.009749481454491615,0.07169533148407936,-0.06491551175713539,0.012449819594621658,0.06126278080046177,-0.05425388179719448,0.01785716786980629
0.0,0.0,0.0,-0.011025156825780869,-0.03307158872485161,-0.00868956744670868,0.0015421025454998016,-0.060991715639829636,-0.009178049862384796,0.018910068087279797,-0.08443714492022991,-0.016682563349604607,0.03314804006367922,-0.09821350499987602,-0.026638180017471313,0.0107246283441782,-0.08104790467768908,-0.04744904791004956,0.014891655184328556,-0.10761987790465355,-0.04519411246292293,0.022086072713136673,-0.133902445435524,-0.03375973738729954,0.026905100792646408,-0.15819672495126724,-0.02390216663479805,0.02755617699585855,-0.07052350835874677,-0.048561250092461705,0.03812990430742502,-0.09857188165187836,-0.03930040588602424,0.030146555043756962,-0.0965675376355648,-0.012043464928865433,0.025054531637579203,-0.08617661148309708,0.01608722284436226,0.043476780876517296,-0.06102355569601059,-0.04548897279892117,0.05035552196204662,-0.08415690436959267,-0.030728532932698727,0.04651013948023319,-0.0815324941650033,-0.008838120847940445,0.04145675338804722,-0.0698137879371643,0.009297765791416168,0.04947608336806297,-0.048526130616664886,-0.034330171532928944,0.05838502384722233,-0.06782545894384384,-0.023594336584210396,0.05775875970721245,-0.0723482109606266,-0.005040094256401062,0.05312327481806278,-0.06395055446773767,0.002076193690299988
0.0,0.0,0.0,-0.010690411552786827,-0.032800815999507904,-0.008541226387023926,0.0021410156041383743,-0.06035583280026913,-0.008967898786067963,0.019842667505145073,-0.0835852399468422,-0.016393935307860374,0.03368791472166777,-0.09734385833144188,-0.02613135799765587,0.011028282344341278,-0.0804718118160963,-0.04686890612356365,0.015170954167842865,-0.10696274042129517,-0.044490041909739375,0.022373532876372337,-0.1332394853234291,-0.033102632500231266,0.027282224968075752,-0.1576920673251152,-0.023282134905457497,0.027711221016943455,-0.07012440054677427,-0.048006829572841525,0.038057200610637665,-0.09829328022897243,-0.03872706089168787,0.03044256754219532,-0.09633268043398857,-0.01142185553908348,0.02558626141399145,-0.08584193512797356,0.016794569790363312,0.04346847906708717,-0.0609055757522583,-0.04477626335574314,0.05048263259232044,-0.0839550755918026,-0.030052976682782173,0.0465669184923172,-0.08142011612653732,-0.008181191980838776,0.04178919643163681,-0.06975813256576657,0.009983744472265244,0.04937935620546341,-0.04860668070614338,-0.033831420354545116,0.058406952768564224,-0.06783684808760881,-0.023066939786076546,0.057817745953798294,-0.07220892794430256,-0.004525195807218552,0.0533239021897316,-0.06405628751963377,0.0027305223047733307
0.0,0.0,0.0,-0.010392887517809868,-0.03299371525645256,-0.008494675159454346,0.002487834542989731,-0.0601371917873621,-0.008647050708532333,0.020388297736644745,-0.08311941847205162,-0.015599112957715988,0.03442673198878765,-0.0965784527361393,-0.025180889293551445,0.01130010187625885,-0.08015274628996849,-0.04625386733096093,0.01551687903702259,-0.1066288873553276,-0.04376308131031692,0.0229470357298851,-0.13289382308721542,-0.032354057766497135,0.027867091819643974,-0.15736109763383865,-0.022766070440411568,0.027965776855126023,-0.06984152900986373,-0.047397462418302894,0.03819401282817125,-0.09795278497040272,-0.037956634536385536,0.030827387236058712,-0.09611869230866432,-0.010596759617328644,0.02601768495514989,-0.08575945161283016,0.017722804099321365,0.043656328693032265,-0.06062018405646086,-0.04422042763326317,0.05061487667262554,-0.08369940146803856,-0.029161004349589348,0.04693996347486973,-0.0813267920166254,-0.007263835519552231,0.04216358996927738,-0.06961956759914756,0.010955583304166794,0.04953507333993912,-0.04857311770319939,-0.03329230472445488,0.05870547145605087,-0.06763896625488997,-0.02231188863515854,0.058079786598682404,-0.07184105925261974,-0.0038175061345100403,0.05370902083814144,-0.06368246860802174,0.0033793002367019653
0.0,0.0,0.0,-0.010080281645059586,-0.032916199415922165,-0.008430864661931992,0.0027075260877609253,-0.06003253813832998,-0.008431091904640198,0.02064674161374569,-0.08287697099149227,-0.015107329934835434,0.03452917467802763,-0.09640014357864857,-0.024626323953270912,0.011343961581587791,-0.07985472865402699,-0.04610640404280275,0.015564410015940666,-0.10620448738336563,-0.04347534570842981,0.02299773506820202,-0.1325909122824669,-0.03227027878165245,0.028108499944210052,-0.15710880607366562,-0.022404247894883156,0.027878549648448825,-0.06960688857361674,-0.04726544301956892,0.03808085806667805,-0.09761059656739235,-0.03789731813594699,0.030915480107069016,-0.09584736824035645,-0.010540526360273361,0.026162051130086184,-0.08579827845096588,0.01765519753098488,0.04340061545372009,-0.0605396362952888,-0.04409374506212771,0.050441812723875046,-0.0833824947476387,-0.02897871844470501,0.046969251707196236,-0.0812472552061081,-0.007185220718383789,0.04224389232695103,-0.06952940067276359,0.010608643293380737,0.049125202000141144,-0.04852947033941746,-0.03323237504810095,0.0583750419318676,-0.06739094853401184,-0.022295324131846428,0.05784263089299202,-0.07161410618573427,-0.0037294216454029083,0.053521350026130676,-0.06366935838013887,0.003577839583158493
0.0,0.0,0.0,-0.010051010176539421,-0.03292796015739441,-0.00839599221944809,0.002719799056649208,-0.060024283826351166,-0.008397679775953293,0.020671043545007706,-0.08285235986113548,-0.015077481046319008,0.03457700554281473,-0.09630782157182693,-0.024600811302661896,0.011329496279358864,-0.07987660355865955,-0.04605739377439022,0.015563295222818851,-0.10622472316026688,-0.04342320724390447,0.02299383282661438,-0.13262632489204407,-0.03221909049898386,0.028095031157135963,-0.15712667256593704,-0.02235092595219612,0.027880491921678185,-0.06962446682155132,-0.04722689255140722,0.03808809258043766,-0.097606485709548,-0.0378890004940331,0.03091920167207718,-0.09583530202507973,-0.01051541417837143,0.026169208344072104,-0.08577289804816246,0.01770714670419693,0.04340652748942375,-0.06054913531988859,-0.04407174891093746,0.05044272914528847,-0.08337695896625519,-0.028962675482034683,0.04697234556078911,-0.08124397043138742,-0.007164917886257172,0.04225666634738445,-0.06950136506929994,0.01063818484544754,0.04913220927119255,-0.04852770455181599,-0.03322342410683632,0.05837463028728962,-0.06738491449505091,-0.022288916632533073,0.05785282142460346,-0.07159995846450329,-0.0037103556096553802,0.053546350449323654,-0.06365234218537807,0.003624904900789261
0.0,0.0,0.0,-0.010315729305148125,-0.0326097309589386,-0.008640680462121964,0.002400508150458336,-0.05951492302119732,-0.00875251367688179,0.020503771491348743,-0.08114890567958355,-0.015296116471290588,0.03557063825428486,-0.09248796850442886,-0.025352783501148224,0.011575795710086823,-0.07985376194119453,-0.046427034540101886,0.015994803048670292,-0.1059187538921833,-0.04403918725438416,0.023091480135917664,-0.13232064247131348,-0.03307703696191311,0.028275752440094948,-0.1569688469171524,-0.023185208439826965,0.02776052337139845,-0.06970227835699916,-0.047619648510590196,0.03821062669157982,-0.09685346484184265,-0.03854150511324406,0.030515062622725964,-0.09535903111100197,-0.011758383363485336,0.025384688284248114,-0.08502518758177757,0.016718849539756775,0.043021067045629025,-0.06044838251546025,-0.04472879716195166,0.049805182963609695,-0.08314000442624092,-0.02999148517847061,0.046623583883047104,-0.08097838796675205,-0.008957061916589737,0.041906941682100296,-0.06934736343100667,0.008474953472614288,0.04900120943784714,-0.04832552932202816,-0.03400017321109772,0.057821283116936684,-0.06748548708856106,-0.023069577291607857,0.05705742537975311,-0.07209327444434166,-0.004428144544363022,0.05286909453570843,-0.06425478588789701,0.001526016741991043
0.0,0.0,0.0,-0.010481318458914757,-0.032399438321590424,-0.008438054472208023,0.0024643223732709885,-0.05919220112264156,-0.008831929415464401,0.020381681621074677,-0.08070696145296097,-0.01599583402276039,0.035252589732408524,-0.09190745651721954,-0.026568934321403503,0.01123577356338501,-0.07926961965858936,-0.04673371755052358,0.015277618542313576,-0.10524584352970123,-0.04432038147933781,0.02260288968682289,-0.13130071759223938,-0.03298845421522856,0.027932601049542427,-0.156305730342865,-0.022963082417845726,0.027173945447430015,-0.06912541575729847,-0.04801275278441608,0.037524149753153324,-0.09662345796823502,-0.038850781973451376,0.03009608294814825,-0.09549439698457718,-0.0118500255048275,0.024810686707496643,-0.08511430397629738,0.01651548594236374,0.0422970075160265,-0.06018985901027918,-0.045168809476308525,0.049192193895578384,-0.08305169269442558,-0.03044784814119339,0.04614299163222313,-0.08069433458149433,-0.008935373276472092,0.04158208705484867,-0.06916532013565302,0.008941661566495895,0.048333676531910896,-0.04833541810512543,-0.03433278575539589,0.05718146823346615,-0.06733124330639839,-0.023449284955859184,0.05650537274777889,-0.0718295443803072,-0.004568260163068771,0.05227424018085003,-0.06402872130274773,0.0020001120865345
0.0,0.0,0.0,-0.009825332090258598,-0.032676175236701965,-0.008438751101493835,0.0032055340707302094,-0.059203178621828556,-0.008417319506406784,0.020507557317614555,-0.08100640401244164,-0.015481684356927872,0.03522272128611803,-0.0930737629532814,-0.02564672939479351,0.011752592399716377,-0.07901317998766899,-0.04625606090121437,0.015617700293660164,-0.10541817545890808,-0.044180566095747054,0.023004746064543724,-0.13133259117603302,-0.03321680426597595,0.02866186760365963,-0.1555243507027626,-0.022769726812839508,0.027279549278318882,-0.06882536970078945,-0.04811769281513989,0.037721079774200916,-0.09617307782173157,-0.03889376763254404,0.029929932206869125,-0.09531814977526665,-0.01200132817029953,0.025096572004258633,-0.0847058817744255,0.016887705773115158,0.04247990716248751,-0.0593778882175684,-0.04611980417394079,0.04920350946485996,-0.08314277417957783,-0.03124404512345791,0.046228522434830666,-0.08008063863962889,-0.009572111070156097,0.041718773543834686,-0.06913331663236022,0.008147519081830978,0.04860973358154297,-0.04732937552034855,-0.03599219024181366,0.05738200806081295,-0.06691545620560646,-0.025095973163843155,0.05674690939486027,-0.07127788383513689,-0.006220247596502304,0.0530093926936388,-0.06385756935924292,0.00015298649668693542
0.0,0.0,0.0,-0.010385949164628983,-0.03244379535317421,-0.008364204317331314,0.002108711749315262,-0.059467507526278496,-0.008900225162506104,0.019047378562390804,-0.08054886572062969,-0.01513904333114624,0.03370911814272404,-0.09183644317090511,-0.02606119215488434,0.011430662125349045,-0.07837767153978348,-0.046570693637477234,0.015553179197013378,-0.10492865741252899,-0.04489817330613732,0.02291622757911682,-0.13096679747104645,-0.03447891119867563,0.0285305455327034,-0.155472032725811,-0.02365672029554844,0.02680516359396279,-0.06837083352729678,-0.04862518492154777,0.0374402292072773,-0.0951930619776249,-0.040033148135989904,0.029487354680895805,-0.09395696967840195,-0.013311021029949188,0.02429129322990775,-0.08366990089416504,0.015396684408187866,0.04196307249367237,-0.05860935803502798,-0.04711892222985625,0.04831913858652115,-0.08187824860215187,-0.03314771130681038,0.04556168615818024,-0.0790143720805645,-0.011471975594758987,0.04090436175465584,-0.06815939303487539,0.006405968219041824,0.04810790531337261,-0.04669508710503578,-0.03744826093316078,0.05710644647479057,-0.0665653757750988,-0.026899591088294983,0.05635980889201164,-0.07124511431902647,-0.007581200450658798,0.05198652669787407,-0.06401021033525467,-0.0018478557467460632
0.0,0.0,0.0,-0.010663863271474838,-0.03268378973007202,-0.008698645979166031,0.0019224807620048523,-0.06032239552587271,-0.008857302367687225,0.018781070597469807,-0.08285399153828621,-0.016095206141471863,0.031517806462943554,-0.09605647623538971,-0.026720765978097916,0.011029481887817383,-0.0781193608418107,-0.048266832578519825,0.014654573984444141,-0.10455450788140297,-0.04610603768378496,0.022149985656142235,-0.13038300722837448,-0.03550771810114384,0.02811139076948166,-0.15489577502012253,-0.02383136935532093,0.026415544794872403,-0.06804261449724436,-0.050215892028063536,0.036885968409478664,-0.09546609222888947,-0.041341922245919704,0.029629506170749664,-0.09456859901547432,-0.014003261923789978,0.02412165654823184,-0.0842962246388197,0.013765700161457062,0.04133791755884886,-0.05867717135697603,-0.048296017906977795,0.04773361049592495,-0.08239639364182949,-0.0339874355122447,0.044982749968767166,-0.07954209670424461,-0.012202497571706772,0.04050111398100853,-0.06862131832167506,0.004814803600311279,0.04682660102844238,-0.04674731567502022,-0.03792020492255688,0.056479720398783684,-0.0668783513829112,-0.02753078192472458,0.0558890663087368,-0.07146022282540798,-0.007500767707824707,0.05181930959224701,-0.06447499617934227,-0.0010861381888389587
0.0,0.0,0.0,-0.013134293258190155,-0.03530687838792801,-0.003652244806289673,-0.0019885972142219543,-0.06688014417886734,0.005815055221319199,0.02269507199525833,-0.093808320350945,0.010725781321525574,0.04405964305624366,-0.09862140845507383,0.007629562169313431,0.011356083676218987,-0.10253829322755337,-0.036542402987834066,0.021372294053435326,-0.1349351853132248,-0.03369999979622662,0.023619655519723892,-0.16376886516809464,-0.021855544298887253,0.023178666830062866,-0.18975241482257843,-0.01592436246573925,0.03574953693896532,-0.09066713601350784,-0.04053044551983476,0.051763261668384075,-0.10936714336276054,-0.021529242396354675,0.0445592887699604,-0.10038757510483265,0.00836183875799179,0.030845297500491142,-0.0900096045807004,0.0331108421087265,0.05623422749340534,-0.07407394424080849,-0.03759016518597491,0.06545516476035118,-0.08520266879349947,-0.010896103456616402,0.056941522285342216,-0.0779890101402998,0.013326704502105713,0.04715449968352914,-0.0643220841884613,0.029126957058906555,0.06616532616317272,-0.05535857938230038,-0.024628542363643646,0.07447630539536476,-0.0684143416583538,-0.009497316554188728,0.07187263295054436,-0.06576863676309586,0.012934669852256775,0.06153305992484093,-0.05540809780359268,0.017671041190624237
0.0,0.0,0.0,-0.010593298822641373,-0.03266321122646332,-0.00909789651632309,0.0019391737878322601,-0.06006558984518051,-0.009323671460151672,0.018804829567670822,-0.08261140435934067,-0.01696985587477684,0.03135635610669851,-0.09610757231712341,-0.027594363316893578,0.010939836502075195,-0.07766582071781158,-0.04844550078269094,0.014318011701107025,-0.10394895076751709,-0.04631952114868909,0.021843791007995605,-0.12983479350805283,-0.03565824590623379,0.02760354056954384,-0.15416938066482544,-0.024203287437558174,0.026179703418165445,-0.0676362938247621,-0.0502572450786829,0.03663263376802206,-0.09521982632577419,-0.04157997155562043,0.029436958953738213,-0.09431524015963078,-0.014646779745817184,0.023772303014993668,-0.08388746716082096,0.013334333896636963,0.040989043191075325,-0.0584964188747108,-0.04807448458450381,0.047369152307510376,-0.08227702230215073,-0.03413010109215975,0.04474062658846378,-0.07940069120377302,-0.012510225176811218,0.040166907012462616,-0.06840250315144658,0.004579633474349976,0.04647766798734665,-0.04671510122716427,-0.03755982965230942,0.05596209689974785,-0.06676740664988756,-0.02736421301960945,0.05539406277239323,-0.07120226882398129,-0.007563445717096329,0.0513916015625,-0.06405679229646921,-0.0010910741984844208
0.0,0.0,0.0,-0.010689407587051392,-0.033012695610523224,-0.009041283279657364,0.0018647946417331696,-0.060907126404345036,-0.009824104607105255,0.018885521218180656,-0.08442828804254532,-0.017587296664714813,0.03165633138269186,-0.0989324115216732,-0.02849489450454712,0.010371584445238113,-0.07797859609127045,-0.048986580746714026,0.014311368577182293,-0.10350612178444862,-0.047099368064664304,0.021549683064222336,-0.12943971902132034,-0.03630354441702366,0.026719670742750168,-0.15370561182498932,-0.025049744173884392,0.025878169806674123,-0.0678302925080061,-0.05080830957740545,0.03726275637745857,-0.0954882800579071,-0.0428711986169219,0.03004283457994461,-0.0945277102291584,-0.016473088413476944,0.023975505959242582,-0.084595687687397,0.011051077395677567,0.04081452917307615,-0.058477344922721386,-0.048379588304669596,0.04769757203757763,-0.08236385136842728,-0.035342357121407986,0.04474739544093609,-0.0792179387062788,-0.01317102462053299,0.040055617690086365,-0.06827027723193169,0.00441606342792511,0.046120669692754745,-0.04687280021607876,-0.03764063026756048,0.05605738051235676,-0.06669388525187969,-0.02784387581050396,0.05565774068236351,-0.07112743519246578,-0.008033636957406998,0.051406167447566986,-0.06364890839904547,-0.0007027313113212585
0.0,0.0,0.0,-0.010580934584140778,-0.03319777920842171,-0.009681601077318192,0.001783672720193863,-0.06041573826223612,-0.010695144534111023,0.018709823489189148,-0.0831577479839325,-0.019004574045538902,0.031343902461230755,-0.09735751152038574,-0.03020171821117401,0.01005389355123043,-0.07668864075094461,-0.0499459687853232,0.01393059827387333,-0.10208871960639954,-0.04772629961371422,0.021244646981358528,-0.12836511433124542,-0.037141041830182076,0.026401624083518982,-0.1517784595489502,-0.02641855739057064,0.025303981732577085,-0.06668325164355338,-0.051590550458058715,0.03647715784609318,-0.09426594898104668,-0.04368190327659249,0.029462438076734543,-0.0934658944606781,-0.01727898046374321,0.02287090104073286,-0.08412223495543003,0.009904306381940842,0.040026841685175896,-0.057224249467253685,-0.049262909320532344,0.04690754972398281,-0.08104457333683968,-0.0366869168356061,0.044388193637132645,-0.0783423287793994,-0.014168165624141693,0.0391774820163846,-0.06741766631603241,0.0030093900859355927,0.0453165527433157,-0.04592244327068329,-0.03850231692194939,0.05521281808614731,-0.06554165855050087,-0.029145048931241035,0.05482081323862076,-0.06988074071705341,-0.009334597736597061,0.05048060789704323,-0.06230815872550011,-0.0018148496747016907
0.0,0.0,0.0,-0.009853115305304527,-0.0336570218205452,-0.009270891547203064,0.002583848312497139,-0.06090362090617418,-0.009990707039833069,0.020524898543953896,-0.08387266471982002,-0.01767064817249775,0.03342351224273443,-0.09821473807096481,-0.02750648744404316,0.011517258360981941,-0.07820845674723387,-0.04829827381763607,0.016414782032370567,-0.1039125993847847,-0.045896422350779176,0.024403326213359833,-0.12986890971660614,-0.03433313500136137,0.0289821345359087,-0.15312878787517548,-0.02324400283396244,0.02763983141630888,-0.06760574784129858,-0.04925621300935745,0.03904841095209122,-0.0956966020166874,-0.041051691863685846,0.03201857581734657,-0.09455104358494282,-0.013472873717546463,0.026036045514047146,-0.08580433763563633,0.01391112431883812,0.04314327519387007,-0.05823012813925743,-0.045876321382820606,0.05088497884571552,-0.08112744428217411,-0.03186000417917967,0.04762117750942707,-0.07987434882670641,-0.009842082858085632,0.04206791799515486,-0.06892621796578169,0.007778938859701157,0.048634860664606094,-0.04657208360731602,-0.03473120741546154,0.05891777388751507,-0.06550889555364847,-0.024354392662644386,0.058373963460326195,-0.07037716917693615,-0.005214672535657883,0.05336676724255085,-0.06276751589030027,0.002741340547800064
0.0,0.0,0.0,-0.00874614343047142,-0.033745989203453064,-0.011192604899406433,0.002461753785610199,-0.06103078741580248,-0.012222375720739365,0.019940653815865517,-0.08467315323650837,-0.0190378800034523,0.03390722721815109,-0.09962902963161469,-0.02889825403690338,0.012359261512756348,-0.07808392867445946,-0.0504460243973881,0.017676138319075108,-0.1037948913872242,-0.048516612325329334,0.025183817371726036,-0.13025369495153427,-0.037300667725503445,0.029672369360923767,-0.15228962898254395,-0.025990666821599007,0.028592275455594063,-0.06803248100914061,-0.051392394583672285,0.039674149826169014,-0.09544406644999981,-0.043052262626588345,0.03245642501860857,-0.09433094412088394,-0.016962148249149323,0.02630327269434929,-0.08562800474464893,0.010584905743598938,0.04427419323474169,-0.05811234097927809,-0.047422135481610894,0.05188058875501156,-0.0817421916872263,-0.033773401752114296,0.04862336441874504,-0.07970974780619144,-0.011880658566951752,0.04267965070903301,-0.069161974824965,0.005070775747299194,0.04982231929898262,-0.046614136546850204,-0.03640160337090492,0.05906708911061287,-0.06552574317902327,-0.02611304633319378,0.05872494354844093,-0.0702414195984602,-0.007552053779363632,0.05389791168272495,-0.06251587346196175,-0.0005146190524101257
0.0,0.0,0.0,-0.009721286594867706,-0.03420267626643181,-0.010951582342386246,0.0016096681356430054,-0.062470667995512486,-0.013272590935230255,0.018829483538866043,-0.08784934133291245,-0.019849050790071487,0.033326731994748116,-0.10331446677446365,-0.029587507247924805,0.01243053749203682,-0.0806474108248949,-0.0519263754831627,0.01744229346513748,-0.10707136988639832,-0.050701795786153525,0.025096502155065536,-0.13293776661157608,-0.03874972462654114,0.029969681054353714,-0.15571588277816772,-0.028311092406511307,0.029354033758863807,-0.06974465982057154,-0.05293678538873792,0.04074855614453554,-0.09692500904202461,-0.044283865951001644,0.03288110066205263,-0.09504235908389091,-0.018571950495243073,0.02612224407494068,-0.0846470259130001,0.009199563413858414,0.04611816816031933,-0.05917622847482562,-0.04854256531689316,0.05407736450433731,-0.08362648449838161,-0.035027836449444294,0.04920097254216671,-0.08002954162657261,-0.013391908258199692,0.04244399257004261,-0.06913313455879688,0.003931425511837006,0.05191251263022423,-0.046687930822372437,-0.0368665587157011,0.06076241098344326,-0.06641624309122562,-0.026872247457504272,0.06011303886771202,-0.07094661518931389,-0.009084843099117279,0.054948821663856506,-0.06312549766153097,-0.0028549060225486755
0.0,0.0,0.0,-0.009504452347755432,-0.0343598872423172,-0.010953158140182495,0.0016542654484510422,-0.06267860718071461,-0.01336238905787468,0.019061394035816193,-0.08776115998625755,-0.020108018070459366,0.033609986305236816,-0.10296054929494858,-0.0301822442561388,0.012680668383836746,-0.08085202611982822,-0.051898241275921464,0.017736106179654598,-0.10715765133500099,-0.050642113463254645,0.02529192715883255,-0.13297145813703537,-0.0387776168063283,0.029997508972883224,-0.15578140318393707,-0.028359171003103256,0.029647553572431207,-0.06981248199008405,-0.05291775520890951,0.041243914514780045,-0.09682538732886314,-0.04449261911213398,0.03344502113759518,-0.09490513801574707,-0.019012002274394035,0.026649119332432747,-0.08446906320750713,0.008667565882205963,0.046282668597996235,-0.05919208889827132,-0.04857209953479469,0.054525351151824,-0.08340914733707905,-0.03514133207499981,0.0497073195874691,-0.07987911161035299,-0.013631030917167664,0.04295743815600872,-0.06886074971407652,0.0036805644631385803,0.05202890932559967,-0.046647196635603905,-0.03695141803473234,0.0612694825977087,-0.06608846038579941,-0.027037551626563072,0.060669805854558945,-0.07079922407865524,-0.009375911206007004,0.0551740862429142,-0.06301448121666908,-0.0031179897487163544
0.0,0.0,0.0,-0.009733222424983978,-0.034896790981292725,-0.009364884346723557,0.0016029812395572662,-0.0635691974312067,-0.011135492473840714,0.019939101301133633,-0.08841472119092941,-0.016921188682317734,0.03576587326824665,-0.10290337353944778,-0.028243619948625565,0.012465443462133408,-0.08312410023063421,-0.04931924323318526,0.019240588881075382,-0.10964329168200493,-0.04828484114841558,0.026922456920146942,-0.1353667601943016,-0.037293306551873684,0.03158080577850342,-0.15852682292461395,-0.02734028734266758,0.03033702983520925,-0.0716121366713196,-0.05102839460596442,0.04353779461234808,-0.09782566502690315,-0.04272596025839448,0.03591869864612818,-0.09536553919315338,-0.016987256705760956,0.02932969806715846,-0.08512758649885654,0.011357501149177551,0.047869849018752575,-0.060010818764567375,-0.04765294073149562,0.056838275864720345,-0.08424187824130058,-0.033626046031713486,0.05270460993051529,-0.08050486259162426,-0.011702239513397217,0.046167466789484024,-0.06888039782643318,0.005677178502082825,0.0541068110615015,-0.046749867498874664,-0.03664656262844801,0.06409379467368126,-0.06649091187864542,-0.026068227365612984,0.06360054016113281,-0.07128695212304592,-0.008044641464948654,0.05807598680257797,-0.06281368713825941,-0.0018004216253757477
0.0,0.0,0.0,-0.009556066244840622,-0.03356983885169029,-0.009560976177453995,0.002310819923877716,-0.061558181419968605,-0.010293781757354736,0.02047882415354252,-0.08368509076535702,-0.016280177980661392,0.03858014941215515,-0.09449851512908936,-0.02612980268895626,0.01178567111492157,-0.08088592812418938,-0.04826812178362161,0.01851995661854744,-0.10763722658157349,-0.04743596015032381,0.026532674208283424,-0.13367293775081635,-0.03659478574991226,0.03326550871133804,-0.15569937229156494,-0.025675948709249496,0.02905607968568802,-0.07083624112419784,-0.05118675506673753,0.04236391093581915,-0.09618126042187214,-0.04214772209525108,0.03522869851440191,-0.09381545707583427,-0.016115549951791763,0.02903033047914505,-0.08297186344861984,0.013064708560705185,0.0457621943205595,-0.06009181961417198,-0.04892461863528297,0.05534065514802933,-0.08355512842535973,-0.034576413221657276,0.051954470574855804,-0.07961253356188536,-0.013365235179662704,0.04550626873970032,-0.06871038815006614,0.004405021667480469,0.0526434239000082,-0.04689614102244377,-0.03839131910353899,0.062589842826128,-0.06565383076667786,-0.02800527960062027,0.0628841333091259,-0.07104373630136251,-0.009513549506664276,0.05774187855422497,-0.063401916064322,-0.0032854080200195312
0.0,0.0,0.0,-0.00783398374915123,-0.032463911920785904,0.005955126136541367,-0.0003560110926628113,-0.06467355974018574,0.018530651926994324,0.009896965697407722,-0.09086779598146677,0.020011458545923233,0.021472904831171036,-0.10316139832139015,0.01580670103430748,0.0032606255263090134,-0.09935788065195084,-0.02507953718304634,0.010421083308756351,-0.1255745030939579,-0.02773177344352007,0.016977451741695404,-0.14799315482378006,-0.01936546340584755,0.019425978884100914,-0.16462140530347824,-0.014049394056200981,0.01655270019546151,-0.09137581754475832,-0.03710027353372425,0.04039742611348629,-0.11109920591115952,-0.023487268015742302,0.03951413743197918,-0.10219277255237103,0.004835210740566254,0.03107257094234228,-0.08969603898003697,0.03110712394118309,0.03211524151265621,-0.07937005814164877,-0.044682436622679234,0.05373920686542988,-0.0921201417222619,-0.026376414112746716,0.05278870649635792,-0.0836290568113327,-0.001030750572681427,0.040596116334199905,-0.07023932226002216,0.020504537969827652,0.0406662505120039,-0.06191900186240673,-0.04296643566340208,0.05919157899916172,-0.07273444440215826,-0.030042820144444704,0.05879039876163006,-0.07211858034133911,-0.006246956065297127,0.049095284193754196,-0.06273471564054489,0.005307536572217941
0.0,0.0,0.0,-0.012909840792417526,-0.03510819748044014,-0.00393015518784523,-0.0012840554118156433,-0.06642153859138489,0.004858795553445816,0.023009784519672394,-0.09287885203957558,0.008854169398546219,0.04389752633869648,-0.09768391028046608,0.005173087120056152,0.011497272178530693,-0.10121714696288109,-0.03759318235097453,0.02126186341047287,-0.13351301848888397,-0.03484872542321682,0.02338400110602379,-0.162027508020401,-0.022649938240647316,0.02288401499390602,-0.18787628412246704,-0.016734717413783073,0.035475644282996655,-0.08935679867863655,-0.04155317088589072,0.05149047076702118,-0.1075767707079649,-0.022916550748050213,0.04406637791544199,-0.09864315390586853,0.007340513169765472,0.03037963155657053,-0.08816058374941349,0.0325414277613163,0.05571311339735985,-0.0730712441727519,-0.03847776251495816,0.06495178863406181,-0.08410799410194159,-0.011949572712182999,0.05632963590323925,-0.07710414286702871,0.012261394411325455,0.04687295388430357,-0.0635140873491764,0.028338734060525894,0.06569522246718407,-0.054665010422468185,-0.02556750364601612,0.07359807938337326,-0.06798264756798744,-0.010424617677927017,0.07103123515844345,-0.06532735005021095,0.011920861899852753,0.060778599232435226,-0.05498918890953064,0.016427908092737198
0.0,0.0,0.0,-0.006884146481752396,-0.03164052218198776,0.006290130317211151,0.0023399684578180313,-0.06282060965895653,0.020585350692272186,0.015294036362320185,-0.08771250559948385,0.0233134888112545,0.028700771275907755,-0.0979467025026679,0.02065621316432953,0.004494993016123772,-0.0978164505213499,-0.021277375519275665,0.011050394736230373,-0.12406952306628227,-0.023211495019495487,0.01746106706559658,-0.14688079804182053,-0.014471014961600304,0.02080649882555008,-0.16505759209394455,-0.00859532319009304,0.01704087993130088,-0.090807537548244,-0.03323896709480323,0.04002107493579388,-0.10903541930019855,-0.019853386096656322,0.03936856798827648,-0.10015156865119934,0.006727252155542374,0.03163934126496315,-0.0872571119107306,0.03256760910153389,0.031735668890178204,-0.08009595517069101,-0.04092058725655079,0.05266870930790901,-0.09016746375709772,-0.022081926465034485,0.051809778437018394,-0.08154389169067144,0.0009005889296531677,0.04083144851028919,-0.06845458783209324,0.021322213113307953,0.0404334831982851,-0.06333407014608383,-0.03995968587696552,0.05858226120471954,-0.07191179320216179,-0.02680657571181655,0.05865209177136421,-0.07072513829916716,-0.003232089802622795,0.0494738444685936,-0.06098649650812149,0.006083693355321884
0.0,0.0,0.0,-0.006422283127903938,-0.0315263569355011,0.007007777690887451,0.0058676619082689285,-0.06395742669701576,0.021101973950862885,0.021594672929495573,-0.08912655105814338,0.024949997663497925,0.03662866447120905,-0.09952115267515182,0.020712710916996002,0.012801339849829674,-0.09990578237921,-0.019839955493807793,0.017237207852303982,-0.12308439612388611,-0.0219045327976346,0.022663230076432228,-0.14560870453715324,-0.01288900151848793,0.02367970533668995,-0.1651824414730072,-0.010255280882120132,0.025163172278553247,-0.09081740956753492,-0.031537318136543036,0.04730440862476826,-0.1065356433391571,-0.017856364138424397,0.04423927515745163,-0.09679992869496346,0.007502768188714981,0.03480314090847969,-0.08650523610413074,0.032893769443035126,0.03802641108632088,-0.0785890188999474,-0.03836186043918133,0.05810617096722126,-0.08781688380986452,-0.019128921441733837,0.05593316629528999,-0.07777032628655434,0.0032265186309814453,0.04528294689953327,-0.06550252065062523,0.022818125784397125,0.045738982036709785,-0.06092773377895355,-0.035283091478049755,0.06304662115871906,-0.06999658606946468,-0.022882672026753426,0.06322659738361835,-0.06761089339852333,-0.0008336696773767471,0.05278247967362404,-0.058074284344911575,0.0070251524448394775
0.0,0.0,0.0,-0.006156561896204948,-0.03154042363166809,0.006798628717660904,0.006000718101859093,-0.06396745145320892,0.019855771213769913,0.02208368107676506,-0.08920226199552417,0.02191852405667305,0.03664775937795639,-0.09936922322958708,0.017733413726091385,0.013273641467094421,-0.09822097141295671,-0.021848861128091812,0.017643197439610958,-0.12235307693481445,-0.023948862217366695,0.022387228906154633,-0.14468248188495636,-0.015094373375177383,0.023981189355254173,-0.1651303768157959,-0.012747764587402344,0.025664987042546272,-0.0894264429807663,-0.03335472842445597,0.04863489978015423,-0.10616167820990086,-0.019926676526665688,0.04472104553133249,-0.09673349745571613,0.005993533879518509,0.035594959277659655,-0.08613361860625446,0.03187911957502365,0.03920839633792639,-0.07734470628201962,-0.03999338997527957,0.05907613970339298,-0.08641184773296118,-0.020733549259603024,0.05614666827023029,-0.07699527777731419,0.002403523772954941,0.04591614194214344,-0.06458067521452904,0.022819500416517258,0.046805115416646004,-0.05949423089623451,-0.036675604060292244,0.06378667987883091,-0.0690824668854475,-0.024003603495657444,0.06408019550144672,-0.06688152812421322,-0.001364128664135933,0.05315975658595562,-0.05642423592507839,0.006255671381950378
0.0,0.0,0.0,-0.006293846294283867,-0.03193575143814087,0.006367173045873642,0.005639024078845978,-0.06382294371724129,0.020269624888896942,0.022119176108390093,-0.08980499440804124,0.023596711456775665,0.03766240179538727,-0.09871614724397659,0.020298566669225693,0.012253550812602043,-0.10056186094880104,-0.021010160446166992,0.01677793636918068,-0.12536844983696938,-0.022863016463816166,0.02125520631670952,-0.14844133704900742,-0.014675993472337723,0.022415297105908394,-0.16896656155586243,-0.012661956250667572,0.025530850747600198,-0.09132220735773444,-0.03251244506100193,0.049469852820038795,-0.10703167878091335,-0.01863756123930216,0.04648249037563801,-0.0971113471314311,0.007854506373405457,0.03719052951782942,-0.08712096558883786,0.033920418471097946,0.039347680285573006,-0.07878956058993936,-0.03919971967115998,0.05990551598370075,-0.08693411573767662,-0.019486448727548122,0.057571569457650185,-0.07761155627667904,0.0036073066294193268,0.04803628288209438,-0.06520768068730831,0.02346188947558403,0.04814667068421841,-0.06007683835923672,-0.03658963041380048,0.06552759744226933,-0.06973999179899693,-0.02325327880680561,0.06482854299247265,-0.06698253005743027,-0.00019374117255210876,0.054827336221933365,-0.05648247338831425,0.007715236395597458
0.0,0.0,0.0,-0.006256064400076866,-0.032010406255722046,0.006379131227731705,0.0056088827550411224,-0.0638800784945488,0.02011004462838173,0.022072978783398867,-0.08972925925627351,0.023715849965810776,0.03751063533127308,-0.09878811333328485,0.020253606140613556,0.012230146676301956,-0.10048957355320454,-0.02108624018728733,0.016672329045832157,-0.12528133392333984,-0.022987729869782925,0.021281644701957703,-0.14836816489696503,-0.01480843499302864,0.022461676970124245,-0.16902180761098862,-0.012587878853082657,0.025441723875701427,-0.09126548562198877,-0.032583558349870145,0.04932585544884205,-0.1070697084069252,-0.018545202910900116,0.046351585537195206,-0.09721700008958578,0.00779399648308754,0.036991306114941835,-0.08724792674183846,0.033811427652835846,0.039227365516126156,-0.07885703071951866,-0.03915925230830908,0.05957847274839878,-0.0870005413889885,-0.01935275550931692,0.057359352707862854,-0.07773329690098763,0.003657013177871704,0.04785551875829697,-0.06533261202275753,0.023440107703208923,0.047917112708091736,-0.06021331250667572,-0.036449714563786983,0.06524341739714146,-0.06984125077724457,-0.023100445047020912,0.06456282176077366,-0.06712133809924126,-4.703924059867859e-05,0.05448353476822376,-0.05671612545847893,0.007716108113527298
0.0,0.0,0.0,-0.006371296942234039,-0.031147267669439316,0.006959829479455948,0.004892973229289055,-0.06355898827314377,0.020610220730304718,0.02006765641272068,-0.08981305779889226,0.02260483056306839,0.034104248508811,-0.09990477189421654,0.018096815794706345,0.011441225185990334,-0.09944991115480661,-0.02073744684457779,0.015228940173983574,-0.12409805878996849,-0.02311369776725769,0.018534695729613304,-0.14725499600172043,-0.015414921566843987,0.018874533474445343,-0.1676810160279274,-0.014296218752861023,0.023985646897926927,-0.0909999287687242,-0.032603246974758804,0.04703051410615444,-0.1070384830236435,-0.018795136362314224,0.043433066457509995,-0.0973886251449585,0.007244687527418137,0.03423708584159613,-0.0873172814026475,0.03294267877936363,0.03754469472914934,-0.07890654308721423,-0.03965903352946043,0.0575806088745594,-0.08734096214175224,-0.02056998386979103,0.05494230054318905,-0.07749994471669197,0.002948116511106491,0.045293163508176804,-0.06528108939528465,0.022477980703115463,0.04567967355251312,-0.06069519557058811,-0.03765099961310625,0.0628264956176281,-0.07030287012457848,-0.023968610912561417,0.06267710775136948,-0.06754692643880844,-0.0009545255452394485,0.05232265219092369,-0.056925442069768906,0.007037457078695297
0.0,0.0,0.0,-0.006799839437007904,-0.03163241967558861,0.007582705467939377,0.002254858613014221,-0.06353352591395378,0.020616188645362854,0.016325857490301132,-0.08876036829315126,0.023273244500160217,0.030024295672774315,-0.0994630390778184,0.018787339329719543,0.007862623780965805,-0.10008594207465649,-0.02136603556573391,0.011172809638082981,-0.12602317333221436,-0.023785707540810108,0.014928974211215973,-0.1494230255484581,-0.016769878566265106,0.014061108231544495,-0.16954922676086426,-0.01571587100625038,0.020455329213291407,-0.09168347949162126,-0.03298918707878329,0.043147413060069084,-0.1082930862903595,-0.0195562606677413,0.04028341360390186,-0.09896315634250641,0.006948176771402359,0.03155057271942496,-0.08649268699809909,0.033097606152296066,0.03474188502877951,-0.07978947507217526,-0.04064984526485205,0.054400864988565445,-0.08923154138028622,-0.021226405166089535,0.05232444405555725,-0.07998378109186888,0.002117149531841278,0.04189716652035713,-0.06696885451674461,0.02213412895798683,0.04253263399004936,-0.06264180317521095,-0.03923477837815881,0.06022702530026436,-0.07139301300048828,-0.026044535916298628,0.05968158692121506,-0.06944486312568188,-0.0024548228830099106,0.04976939596235752,-0.059386374428868294,0.00662245973944664
0.0,0.0,0.0,-0.007042190060019493,-0.031027227640151978,0.008135680109262466,0.002811150625348091,-0.06358528696000576,0.020897649228572845,0.015730093233287334,-0.08932229457423091,0.022019799798727036,0.028767994605004787,-0.10036491043865681,0.018002331256866455,0.009045276790857315,-0.09957939106971025,-0.021200316958129406,0.012205102480947971,-0.12479078769683838,-0.02386229019612074,0.015290150418877602,-0.14719805121421814,-0.016805026680231094,0.01441887952387333,-0.16625186800956726,-0.01683417148888111,0.020877242786809802,-0.09139408124610782,-0.032858278311323375,0.04443853907287121,-0.10812067799270153,-0.019612922333180904,0.04024131782352924,-0.09868760127574205,0.007281266152858734,0.03221300337463617,-0.0870277970097959,0.03348858281970024,0.034651936031877995,-0.07915268046781421,-0.04129173420369625,0.05509359948337078,-0.08897891826927662,-0.021999353542923927,0.05234438367187977,-0.07884966395795345,0.0018097683787345886,0.04144725017249584,-0.06627075374126434,0.022452346980571747,0.04195518605411053,-0.06145320646464825,-0.03937729587778449,0.05982209928333759,-0.07048790156841278,-0.026282545179128647,0.05989048443734646,-0.06919289566576481,-0.0034545399248600006,0.04908929951488972,-0.05914270132780075,0.006652526557445526
0.0,0.0,0.0,-0.0071320608258247375,-0.031176410615444183,0.006637539714574814,0.0024675261229276657,-0.06381350383162498,0.01878642663359642,0.015897341072559357,-0.088908038334921,0.018800467252731323,0.0288862818852067,-0.09991161432117224,0.015047911554574966,0.008613895624876022,-0.0982587281614542,-0.02354471478611231,0.010835262015461922,-0.12309852987527847,-0.026126695796847343,0.013348489999771118,-0.14622290059924126,-0.018616181798279285,0.012661479413509369,-0.16632220894098282,-0.017988065257668495,0.020400877576321363,-0.08995471568778157,-0.034819878346752375,0.0429106131196022,-0.1065695770084858,-0.021231791004538536,0.0387592650949955,-0.0974502395838499,0.004724219441413879,0.03013561014086008,-0.085966577520594,0.030299067497253418,0.034327469766139984,-0.07857426861301064,-0.04181225039064884,0.05339169502258301,-0.08763776440173388,-0.02296123467385769,0.0504899974912405,-0.07751995930448174,0.0006181895732879639,0.03970417566597462,-0.0653388760983944,0.020105626434087753,0.04161185771226883,-0.06105313077569008,-0.039417742751538754,0.05807388946413994,-0.06966834329068661,-0.026303068734705448,0.05802081897854805,-0.06776661798357964,-0.003349265083670616,0.04759966395795345,-0.0574386902153492,0.005033545196056366
0.0,0.0,0.0,-0.007137389853596687,-0.031159136444330215,0.006732095032930374,0.002459779381752014,-0.06383331306278706,0.018953751772642136,0.01595640927553177,-0.08901804173365235,0.018972642719745636,0.02901573572307825,-0.10000876896083355,0.015201002359390259,0.008578194305300713,-0.09843116253614426,-0.023369554430246353,0.010874645784497261,-0.12337198480963707,-0.02598671056330204,0.013434529304504395,-0.14643697813153267,-0.01845073327422142,0.012723403051495552,-0.1665530428290367,-0.017876330763101578,0.020440905820578337,-0.09008712926879525,-0.03470253373961896,0.04300215467810631,-0.10681646689772606,-0.021143979392945766,0.03887620847672224,-0.09766119439154863,0.004787154495716095,0.030220928601920605,-0.08610331523232162,0.030283909291028976,0.034396243281662464,-0.07870901934802532,-0.04170089215040207,0.05359551124274731,-0.0878331484273076,-0.022898913361132145,0.05061774142086506,-0.07772748125717044,0.0005772002041339874,0.03983193822205067,-0.06549995020031929,0.020113665610551834,0.04174482449889183,-0.06119085103273392,-0.03937560226768255,0.05827887915074825,-0.06984749995172024,-0.026287182234227657,0.05817791260778904,-0.06785837560892105,-0.003363795578479767,0.04777829721570015,-0.057509832084178925,0.00501197949051857
0.0,0.0,0.0,-0.012847933918237686,-0.03486521542072296,-0.003650173544883728,-0.0013466514647006989,-0.06616445817053318,0.005483951419591904,0.023146703839302063,-0.09250624012202024,0.010075051337480545,0.04389351373538375,-0.09780858363956213,0.006551701575517654,0.011516734957695007,-0.10118534229695797,-0.03663295891601592,0.021222064271569252,-0.13330309092998505,-0.03398398892022669,0.023377511650323868,-0.16183902323246002,-0.022371020168066025,0.022871408611536026,-0.18780361115932465,-0.016960646957159042,0.035218721721321344,-0.08945570141077042,-0.04076299746520817,0.05137754324823618,-0.10741733014583588,-0.022290373221039772,0.044487726874649525,-0.09830056130886078,0.007758479565382004,0.030857606790959835,-0.08788795582950115,0.032461006194353104,0.05529609136283398,-0.07337450981140137,-0.03796292285551317,0.0648747980594635,-0.08382774144411087,-0.011684231460094452,0.056542400270700455,-0.0768286194652319,0.012271523475646973,0.04704257287085056,-0.0631275475025177,0.028146225959062576,0.06512560322880745,-0.05485680513083935,-0.02524709887802601,0.07370093837380409,-0.0677424818277359,-0.010479599237442017,0.07150376215577126,-0.06503525376319885,0.011600442230701447,0.06106279976665974,-0.05472151003777981,0.016528163105249405
0.0,0.0,0.0,-0.007061773911118507,-0.031134232878684998,0.006530798971652985,0.002589914947748184,-0.06359487399458885,0.01862134411931038,0.01624724082648754,-0.08858330454677343,0.01849154382944107,0.02937930729240179,-0.0993770370259881,0.014642726629972458,0.00869758427143097,-0.09825949277728796,-0.023533057421445847,0.011026249267160892,-0.12313514947891235,-0.02623969316482544,0.013637639582157135,-0.1462036743760109,-0.018654828891158104,0.012931471690535545,-0.1664746254682541,-0.01838400773704052,0.020490469876676798,-0.08986200205981731,-0.0347631229669787,0.042782461270689964,-0.10660216957330704,-0.021330655552446842,0.03878186456859112,-0.09755279868841171,0.0045253559947013855,0.030179853551089764,-0.086053122067824,0.02982930839061737,0.03428725525736809,-0.07860898692160845,-0.041571686044335365,0.053352707996964455,-0.08776131458580494,-0.02286491170525551,0.050399525091052055,-0.07780577894300222,0.0003481060266494751,0.039795882999897,-0.06565632671117783,0.01974613592028618,0.041657790541648865,-0.06117493845522404,-0.03921296913176775,0.058079762384295464,-0.06997474748641253,-0.026220332831144333,0.057918770238757133,-0.06785863637924194,-0.003530101850628853,0.04771913029253483,-0.05750862881541252,0.004614014178514481
0.0,0.0,0.0,-0.007475903257727623,-0.0313902273774147,0.008625518530607224,0.0023875609040260315,-0.0642449352890253,0.021013304591178894,0.01569036766886711,-0.09044317016378045,0.02203623205423355,0.02857710001990199,-0.10159968119114637,0.017567232251167297,0.00967860035598278,-0.10104921832680702,-0.0207205293700099,0.013140588998794556,-0.1270064078271389,-0.023180915042757988,0.01634484902024269,-0.1492779776453972,-0.016222601756453514,0.015350455418229103,-0.16806261986494064,-0.016295185312628746,0.02227022312581539,-0.09268562961369753,-0.03235960245365277,0.04631994292140007,-0.10923769697546959,-0.018689176999032497,0.04217314533889294,-0.09935920313000679,0.008759737014770508,0.03432078566402197,-0.0871655021328479,0.0361272469162941,0.036640770733356476,-0.07971960678696632,-0.04081646725535393,0.05758495442569256,-0.08946187421679497,-0.021043965592980385,0.05425601452589035,-0.07938604848459363,0.0033925771713256836,0.04314815253019333,-0.0665788110345602,0.024146292358636856,0.043764783069491386,-0.06116987764835358,-0.038756768219172955,0.06157648749649525,-0.07041266188025475,-0.025511670857667923,0.06115562282502651,-0.069389957934618,-0.002597544342279434,0.050094837322831154,-0.0590762160718441,0.008513320237398148
0.0,0.0,0.0,-0.006940089166164398,-0.031241524964571,0.008392289280891418,0.003385789692401886,-0.06341704726219177,0.02099364995956421,0.01740902289748192,-0.08879214129410684,0.023139160126447678,0.030587065033614635,-0.09974898584187031,0.018994737416505814,0.010077545419335365,-0.09980467241257429,-0.020723865367472172,0.01350228302180767,-0.12524396926164627,-0.023423174396157265,0.016495298594236374,-0.1476033292710781,-0.016895861364901066,0.015158772468566895,-0.16706621646881104,-0.01744905114173889,0.022325969766825438,-0.09142875764518976,-0.03239351624506526,0.04612060636281967,-0.10782322846353054,-0.019164880737662315,0.04156664479523897,-0.09820755664259195,0.007942724972963333,0.032837535720318556,-0.08683860534802079,0.0341125950217247,0.036143833771348,-0.07897758577018976,-0.04071395844221115,0.0568392351269722,-0.08829143457114697,-0.021397585049271584,0.05352454073727131,-0.07869577221572399,0.002279996871948242,0.04277287796139717,-0.06604962795972824,0.022999756038188934,0.043444424867630005,-0.06089399382472038,-0.03878744598478079,0.06171700730919838,-0.07012704573571682,-0.025768612045794725,0.06125020235776901,-0.06926443800330162,-0.003108469769358635,0.05011920630931854,-0.05931442603468895,0.0070425234735012054
0.0,0.0,0.0,-0.006807519122958183,-0.03159047290682793,0.007126223295927048,0.0028133969753980637,-0.06367822363972664,0.01880679652094841,0.01748899556696415,-0.08857971127144992,0.020201489329338074,0.031274039298295975,-0.09913579374551773,0.015057340264320374,0.009548569098114967,-0.09939851984381676,-0.02302945964038372,0.012492010369896889,-0.125351220369339,-0.025339830666780472,0.01570572331547737,-0.14871983230113983,-0.01834885962307453,0.015248475596308708,-0.1691177412867546,-0.016653772443532944,0.021936061792075634,-0.09125041868537664,-0.03435159311629832,0.04399886727333069,-0.10738625936210155,-0.020132867619395256,0.04076647199690342,-0.09809004329144955,0.006510943174362183,0.03163411933928728,-0.08603482018224895,0.03206242248415947,0.03599697910249233,-0.07927816221490502,-0.041124371346086264,0.05475621484220028,-0.08847411628812551,-0.021301139146089554,0.052103955298662186,-0.07911544013768435,0.0018962621688842773,0.04155507870018482,-0.0665072649717331,0.021501846611499786,0.04360867477953434,-0.06170901283621788,-0.03884357074275613,0.06038890220224857,-0.07078148424625397,-0.025816867128014565,0.05948690511286259,-0.06889223121106625,-0.002568162977695465,0.04940486513078213,-0.05854199826717377,0.005799580365419388
0.0,0.0,0.0,-0.006705226376652718,-0.031622253358364105,0.00708814337849617,0.0028373058885335922,-0.06351879239082336,0.018582377582788467,0.01757344789803028,-0.08836380578577518,0.020338669419288635,0.031543297693133354,-0.0987301031127572,0.015144996345043182,0.009449606761336327,-0.0991301080211997,-0.023299039341509342,0.012525776401162148,-0.12516605481505394,-0.0255182646214962,0.015825696289539337,-0.14852392673492432,-0.018545490689575672,0.015292787924408913,-0.16899685561656952,-0.016791261732578278,0.021922929910942912,-0.09095052490010858,-0.03461260016774759,0.04401625692844391,-0.1071061585098505,-0.020442248322069645,0.04075753502547741,-0.0980004109442234,0.006182398647069931,0.031511313281953335,-0.08595106634311378,0.03184688463807106,0.035913088358938694,-0.07899415958672762,-0.041393672581762075,0.054762477055191994,-0.0883365049958229,-0.021490948274731636,0.05218823067843914,-0.07904479326680303,0.0016292743384838104,0.04160602204501629,-0.06642442755401134,0.02112603932619095,0.04349357821047306,-0.06152507662773132,-0.039006756618618965,0.060513345524668694,-0.07063422165811062,-0.02595755085349083,0.05953601188957691,-0.06894144788384438,-0.002780696377158165,0.04952018894255161,-0.05877925269305706,0.005615103989839554
0.0,0.0,0.0,-0.00640830397605896,-0.031229272484779358,0.006989423185586929,0.0032301731407642365,-0.06279497779905796,0.020224276930093765,0.01805602665990591,-0.08672726876102388,0.02405163273215294,0.03219233499839902,-0.09698885586112738,0.020817507058382034,0.009942349046468735,-0.09834424965083599,-0.021528493613004684,0.01232340931892395,-0.12409395724534988,-0.023393132723867893,0.015677502378821373,-0.14780061691999435,-0.016467157751321793,0.015084270387887955,-0.16858989745378494,-0.01536649838089943,0.021745115984231234,-0.09002450620755553,-0.03263350058114156,0.044117528945207596,-0.10584366135299206,-0.018669890239834785,0.04150727950036526,-0.09653008077293634,0.006963871419429779,0.03282124828547239,-0.08437208388932049,0.03256947174668312,0.03568668011575937,-0.07834191620349884,-0.039670345839113,0.05479019321501255,-0.0870907586067915,-0.02017491403967142,0.052643271163105965,-0.07840216578915715,0.0020490773022174835,0.04217661917209625,-0.06579641066491604,0.021221011877059937,0.04288922809064388,-0.061607327312231064,-0.03831524774432182,0.05992280691862106,-0.06990509107708931,-0.025090035516768694,0.05956592410802841,-0.06845237500965595,-0.0023106206208467484,0.04964335449039936,-0.05822690762579441,0.005327284336090088
0.0,0.0,0.0,-0.006380798295140266,-0.031562332063913345,0.0068475715816020966,0.003437245264649391,-0.06291214749217033,0.019467905163764954,0.018241488374769688,-0.0866650816751644,0.022029679268598557,0.032222476322203875,-0.09688981529325247,0.0182756669819355,0.009779645130038261,-0.09772405587136745,-0.0220788586884737,0.012174864299595356,-0.12368994206190109,-0.024212255142629147,0.015491969883441925,-0.14746704697608948,-0.01757062505930662,0.015247749164700508,-0.16836058348417282,-0.016422703862190247,0.021558945067226887,-0.08956196531653404,-0.033419701212551445,0.043669622391462326,-0.10541399754583836,-0.019613814540207386,0.040756357833743095,-0.09615291748195887,0.006378423422574997,0.03182949125766754,-0.08434242685325444,0.031485721468925476,0.03537512943148613,-0.07800799561664462,-0.04029224580153823,0.05420289374887943,-0.08661497384309769,-0.021033822558820248,0.051903584972023964,-0.07796571962535381,0.0015223734080791473,0.041523685678839684,-0.06565203703939915,0.020489029586315155,0.04268660023808479,-0.06117718480527401,-0.038629126735031605,0.0595067385584116,-0.0697146113961935,-0.025587938725948334,0.05904211662709713,-0.06799600459635258,-0.002853725105524063,0.04940793476998806,-0.058090295642614365,0.00468667596578598
0.0,0.0,0.0,-0.006576603278517723,-0.031360432505607605,0.007340174168348312,0.003225758671760559,-0.06312105804681778,0.020974475890398026,0.018392784520983696,-0.0873201924841851,0.025332026183605194,0.03305381117388606,-0.09747116267681122,0.021793290972709656,0.009861236438155174,-0.09943947102874517,-0.02020497154444456,0.012342522852122784,-0.12547862902283669,-0.021928870119154453,0.01604747399687767,-0.148774616420269,-0.01472327671945095,0.01571601815521717,-0.16967537999153137,-0.012881698086857796,0.021955528296530247,-0.09095074515789747,-0.03142427567217965,0.04492933303117752,-0.10682863928377628,-0.01756269298493862,0.042518001049757004,-0.09720675460994244,0.007866941392421722,0.03391265869140625,-0.08488170010969043,0.03343816101551056,0.03623806592077017,-0.07907665008679032,-0.03889716090634465,0.05603001080453396,-0.08759043924510479,-0.019459068775177002,0.05377146229147911,-0.07890231302008033,0.002478182315826416,0.04347582720220089,-0.06615055352449417,0.02169021964073181,0.04361790604889393,-0.0618453286588192,-0.037977087777107954,0.060870906338095665,-0.07002710364758968,-0.024910124950110912,0.060355985537171364,-0.0684984140098095,-0.0017173103988170624,0.050415417179465294,-0.058284860104322433,0.006110627204179764
0.0,0.0,0.0,-0.006566138938069344,-0.031466446816921234,0.00690445676445961,0.003373468294739723,-0.06329351104795933,0.019066892564296722,0.018731201998889446,-0.08746723597869277,0.020838435739278793,0.03307042410597205,-0.0976365776732564,0.016077347099781036,0.009764198213815689,-0.09844483993947506,-0.023174624890089035,0.012884516268968582,-0.12420864403247833,-0.025358269922435284,0.0166118573397398,-0.14754866063594818,-0.018154287710785866,0.016611849889159203,-0.168623685836792,-0.01679919846355915,0.02184920897707343,-0.08983624214306474,-0.03437010676134378,0.04442569054663181,-0.10586578771471977,-0.020595893263816833,0.04150591418147087,-0.09668819140642881,0.005910266190767288,0.03229890624061227,-0.08492290927097201,0.030790220946073532,0.03589384350925684,-0.07804528810083866,-0.041224557906389236,0.05527451075613499,-0.08687362354248762,-0.021600891835987568,0.052629465237259865,-0.07803137274459004,0.0011557675898075104,0.0421881228685379,-0.06561349332332611,0.020354334264993668,0.043296704068779945,-0.06074169650673866,-0.039241072721779346,0.060350729152560234,-0.06942399777472019,-0.02607186371460557,0.05991200916469097,-0.0675012432038784,-0.0029367730021476746,0.049984728917479515,-0.05749865993857384,0.0050350576639175415
0.0,0.0,0.0,-0.006534311920404434,-0.031452957540750504,0.006254810839891434,0.004045499488711357,-0.06307496502995491,0.01799463853240013,0.01884842198342085,-0.08751534251496196,0.01871585100889206,0.03287279885262251,-0.09779809042811394,0.013481471687555313,0.010240022093057632,-0.09777574148029089,-0.024626790545880795,0.013045260682702065,-0.12302490696310997,-0.02683115005493164,0.016619393602013588,-0.14626673609018326,-0.019161568954586983,0.01660928875207901,-0.16731807589530945,-0.017435599118471146,0.021957646124064922,-0.08886021375656128,-0.03572964924387634,0.04400922358036041,-0.1050941925495863,-0.02150477934628725,0.04108518548309803,-0.09599695168435574,0.005200427025556564,0.03183664986863732,-0.0846546629909426,0.030053429305553436,0.03556583356112242,-0.0772653273306787,-0.04190319171175361,0.05463835969567299,-0.08609574846923351,-0.022523953579366207,0.052120234817266464,-0.07722841901704669,0.0005965828895568848,0.04194486699998379,-0.06496161222457886,0.02004934474825859,0.04320022650063038,-0.06005399860441685,-0.039474946446716785,0.05969864875078201,-0.06898845732212067,-0.026324701495468616,0.05902433022856712,-0.06661835499107838,-0.0031027384102344513,0.04936146177351475,-0.056695738807320595,0.004368241876363754
0.0,0.0,0.0,-0.013121962547302246,-0.035010214895009995,-0.003523651510477066,-0.0016370341181755066,-0.06637690961360931,0.00536152720451355,0.023076659068465233,-0.09259751532226801,0.010035257786512375,0.04384347004815936,-0.09754307381808758,0.0060528963804244995,0.011571897193789482,-0.10165916569530964,-0.03659857774619013,0.021156102418899536,-0.1338956356048584,-0.03358529065735638,0.023266110569238663,-0.1625511422753334,-0.021896912716329098,0.022608887404203415,-0.18877238780260086,-0.015862222760915756,0.03550163097679615,-0.08976628258824348,-0.04058395768515766,0.05127712246030569,-0.10849920101463795,-0.021617693826556206,0.04421152314171195,-0.09963580965995789,0.008372455835342407,0.030722374096512794,-0.08932579169049859,0.033040352165699005,0.05556414648890495,-0.07359433174133301,-0.03762369696050882,0.06473293527960777,-0.08452246990054846,-0.011093968525528908,0.05637791194021702,-0.0776110147126019,0.01311378926038742,0.04703535791486502,-0.0639323815703392,0.02916819602251053,0.06536469608545303,-0.054984599351882935,-0.024533964693546295,0.07368724420666695,-0.06816004123538733,-0.00964559055864811,0.07130777463316917,-0.06575739197432995,0.01238793134689331,0.060776591300964355,-0.05541071854531765,0.01718364655971527
0.0,0.0,0.0,-0.006704624742269516,-0.03183496743440628,0.006575256586074829,0.003263961523771286,-0.06416683085262775,0.01924535632133484,0.01779155060648918,-0.0897023044526577,0.02163604274392128,0.03197411075234413,-0.10078514087945223,0.016666416078805923,0.010097101330757141,-0.0998003426939249,-0.02384450100362301,0.013791225850582123,-0.1253763921558857,-0.02617846243083477,0.017406292259693146,-0.1486966758966446,-0.018621616065502167,0.01677451655268669,-0.16867078840732574,-0.016752220690250397,0.022431838791817427,-0.09058430138975382,-0.035045630764216185,0.04549998976290226,-0.10708309337496758,-0.02045542187988758,0.04218083992600441,-0.0979201951995492,0.006623201072216034,0.03301970474421978,-0.08605606644414365,0.032348521053791046,0.03699673060327768,-0.07839065650478005,-0.041804506443440914,0.056828394532203674,-0.08783834427595139,-0.021872419863939285,0.05404777266085148,-0.07864167774096131,0.0019513554871082306,0.04300874471664429,-0.06594603694975376,0.022022675722837448,0.04454553686082363,-0.06054398603737354,-0.03943287208676338,0.061622802168130875,-0.06949546374380589,-0.025881268084049225,0.061225686222314835,-0.06785102933645248,-0.002148456871509552,0.0507418941706419,-0.057600243017077446,0.006752472370862961
0.0,0.0,0.0,-0.006136089563369751,-0.03150816634297371,0.006721705198287964,0.00421200692653656,-0.06394370459020138,0.018583975732326508,0.018899664282798767,-0.08910683775320649,0.01877972111105919,0.03232917096465826,-0.10043473728001118,0.013869833201169968,0.0113151166588068,-0.09916268941015005,-0.023854178376495838,0.014904366806149483,-0.12477358803153038,-0.026960608549416065,0.01849002204835415,-0.14781419187784195,-0.01991455815732479,0.01834532618522644,-0.16750744730234146,-0.019564038142561913,0.023237075190991163,-0.0903296759352088,-0.035409439005889,0.04608149453997612,-0.10661220923066139,-0.02182792779058218,0.0423045102506876,-0.09729394689202309,0.00454823300242424,0.033049323596060276,-0.08535241219215095,0.029825396835803986,0.03717160876840353,-0.07780696451663971,-0.04220716003328562,0.056472744792699814,-0.08764033298939466,-0.023259910754859447,0.05340046063065529,-0.07760753622278571,2.1491199731826782e-05,0.04239702969789505,-0.06557827815413475,0.019638724625110626,0.04438849911093712,-0.0600191205739975,-0.03990473737940192,0.06115541607141495,-0.06946543976664543,-0.026999569032341242,0.060849957168102264,-0.06720894016325474,-0.0039834678173065186,0.05033494345843792,-0.0571841299533844,0.004443604499101639
0.0,0.0,0.0,-0.006765440106391907,-0.03155943378806114,0.006858717650175095,0.0037454217672348022,-0.06441815569996834,0.019203301519155502,0.01846273336559534,-0.08964613918215036,0.019596315920352936,0.03158951550722122,-0.10096540581434965,0.015601422637701035,0.011241612955927849,-0.09944614209234715,-0.024078674614429474,0.015323945321142673,-0.1251547485589981,-0.026596521958708763,0.019380617886781693,-0.1478673815727234,-0.019135120324790478,0.019435398280620575,-0.16733873635530472,-0.019139638170599937,0.023563990369439125,-0.09061710070818663,-0.03511896054260433,0.04668733291327953,-0.10708552040159702,-0.021330845542252064,0.04200827423483133,-0.09764838591217995,0.0059351250529289246,0.033317736349999905,-0.08543111640028656,0.03215664252638817,0.037592110224068165,-0.07793583814054728,-0.042201041243970394,0.05704100616276264,-0.08776167407631874,-0.02260012086480856,0.053550960496068,-0.07763100136071444,0.0011185109615325928,0.042459833435714245,-0.06546506658196449,0.021619495004415512,0.04450128227472305,-0.059718240052461624,-0.039540471974760294,0.061623699963092804,-0.069038525223732,-0.026398870162665844,0.061201952397823334,-0.06783934868872166,-0.0033379700034856796,0.05029427446424961,-0.05785663425922394,0.005951046943664551
0.0,0.0,0.0,-0.00690113753080368,-0.03141415864229202,0.008939694613218307,0.0035015027970075607,-0.06452611833810806,0.021933991461992264,0.01662781462073326,-0.09014327311888337,0.022680465131998062,0.02818542066961527,-0.10187330655753613,0.019941069185733795,0.010390179231762886,-0.09917229972779751,-0.02078012004494667,0.014430179260671139,-0.12515078112483025,-0.02339486125856638,0.01847989670932293,-0.14772281795740128,-0.016759944148361683,0.019287142902612686,-0.16645482182502747,-0.01667784620076418,0.022594796027988195,-0.091138431802392,-0.032569978648098186,0.04614988714456558,-0.10718518495559692,-0.019101974554359913,0.041951099410653114,-0.0974334916099906,0.008744880557060242,0.033621813636273146,-0.08430351014249027,0.03490079939365387,0.03693116642534733,-0.07871594792231917,-0.04070333391427994,0.05683451145887375,-0.08775659091770649,-0.02135383617132902,0.05357982590794563,-0.0777095090597868,0.0032917819917201996,0.042274508625268936,-0.06539057195186615,0.023772113025188446,0.04357929155230522,-0.060510437935590744,-0.0389334000647068,0.0608384907245636,-0.06957074999809265,-0.026007292326539755,0.06064743176102638,-0.06829271279275417,-0.0029111765325069427,0.04955746605992317,-0.05810827203094959,0.007495425641536713
0.0,0.0,0.0,-0.006861569359898567,-0.03135870769619942,0.009024940431118011,0.0035997088998556137,-0.06442105025053024,0.021804194897413254,0.01702887937426567,-0.08986288588494062,0.022505689412355423,0.02875034138560295,-0.10138918552547693,0.01934794709086418,0.01062317006289959,-0.09917042683809996,-0.0209098095074296,0.01456117257475853,-0.12508400529623032,-0.023463581688702106,0.018634526059031487,-0.14747581630945206,-0.016777249053120613,0.019402602687478065,-0.16627108305692673,-0.016597382724285126,0.022774334531277418,-0.09109173715114594,-0.032621695136185735,0.04644908383488655,-0.10706129297614098,-0.019056076183915138,0.042200034484267235,-0.0972242970019579,0.009001079946756363,0.033815836533904076,-0.08426277828402817,0.03537813574075699,0.03704639058560133,-0.07862879382446408,-0.04080562386661768,0.057050662115216255,-0.0875182505697012,-0.021238950081169605,0.05380093678832054,-0.07766146212816238,0.003357674926519394,0.04262361489236355,-0.06529181450605392,0.02401721477508545,0.04368090070784092,-0.06038801372051239,-0.038886531721800566,0.06104089878499508,-0.06939433515071869,-0.025951534509658813,0.06074288673698902,-0.06823490560054779,-0.0028354208916425705,0.049655819311738014,-0.05802902765572071,0.007616002112627029
0.0,0.0,0.0,-0.006807703524827957,-0.0315035879611969,0.008107330650091171,0.00322144478559494,-0.06466429494321346,0.02099359780550003,0.016710376366972923,-0.09032581793144345,0.021937906742095947,0.028628250118345022,-0.10261297784745693,0.018834594637155533,0.010515151545405388,-0.099570925347507,-0.02128728572279215,0.014657682739198208,-0.12550052255392075,-0.02400447614490986,0.018891112878918648,-0.1481681540608406,-0.01670009270310402,0.019878853112459183,-0.1672525405883789,-0.01582561992108822,0.0226253024302423,-0.09136891132220626,-0.03285880436305888,0.04561760649085045,-0.10783845372498035,-0.01939600333571434,0.04176676832139492,-0.09848641324788332,0.007842030376195908,0.03314860491082072,-0.08565603266470134,0.03310877084732056,0.03670885041356087,-0.07927330629900098,-0.0404280386865139,0.055985014885663986,-0.0884908065199852,-0.021089140325784683,0.052861157804727554,-0.07866172678768635,0.0026707537472248077,0.04164873901754618,-0.06635836511850357,0.022795606404542923,0.04364972375333309,-0.06122896447777748,-0.03835567692294717,0.06056278571486473,-0.07021285220980644,-0.025623568333685398,0.06048255041241646,-0.06863420642912388,-0.002410799264907837,0.04953107237815857,-0.058529678732156754,0.007000233978033066
0.0,0.0,0.0,-0.006659911945462227,-0.03136299178004265,0.007288292050361633,0.004090288653969765,-0.06405645981431007,0.019830286502838135,0.01894777361303568,-0.08926006918773055,0.020590562373399734,0.03211479540914297,-0.10059562604874372,0.01675477623939514,0.011415595188736916,-0.09911059588193893,-0.02308631967753172,0.015558402985334396,-0.12480077147483826,-0.02541958261281252,0.019994746893644333,-0.14754917472600937,-0.01813688687980175,0.020652787759900093,-0.16702891886234283,-0.017635025084018707,0.02347563370130956,-0.09038890339434147,-0.03417156427167356,0.046660128980875015,-0.10694291815161705,-0.020448056049644947,0.0425332048907876,-0.09757118858397007,0.006753869354724884,0.033909727819263935,-0.08538258797489107,0.03239422291517258,0.03733909409493208,-0.07796565582975745,-0.04128912417218089,0.057042310014367104,-0.08752275165170431,-0.021903149783611298,0.054014772176742554,-0.07767984876409173,0.0017386451363563538,0.04294487275183201,-0.0654242467135191,0.021931428462266922,0.044397931545972824,-0.05974748358130455,-0.038708286825567484,0.0616339948028326,-0.06897382065653801,-0.02580086700618267,0.061446769163012505,-0.06751994602382183,-0.0029840264469385147,0.05058416724205017,-0.057752981781959534,0.006289266049861908
0.0,0.0,0.0,-0.005917510017752647,-0.03154464811086655,0.006944552063941956,0.0050963182002305984,-0.06354768387973309,0.019566137343645096,0.018894102424383163,-0.08912017941474915,0.020399220287799835,0.03208741080015898,-0.10059325024485588,0.015728812664747238,0.011707564815878868,-0.09878385346382856,-0.022254913114011288,0.015729147009551525,-0.1236966922879219,-0.02533498127013445,0.01967271789908409,-0.146780364215374,-0.018303390592336655,0.020118916407227516,-0.16601748764514923,-0.017659472301602364,0.023271259386092424,-0.08982272865250707,-0.03411283652530983,0.04595234803855419,-0.10621356405317783,-0.020563021302223206,0.04269757121801376,-0.09710354078561068,0.0058157779276371,0.0336561044678092,-0.08564434014260769,0.030890483409166336,0.03656961489468813,-0.0777063649147749,-0.04120687488466501,0.05639619193971157,-0.0873969504609704,-0.022746575996279716,0.05398598872125149,-0.07777495309710503,0.00028358399868011475,0.04301023483276367,-0.06581162288784981,0.020283110439777374,0.04386773519217968,-0.05977413058280945,-0.039356698747724295,0.06117030791938305,-0.06934897229075432,-0.026532392017543316,0.061215488240122795,-0.06747346743941307,-0.0040576886385679245,0.05074282921850681,-0.05781587027013302,0.004820454865694046
0.0,0.0,0.0,-0.0057090166956186295,-0.031490523368120193,0.007238466292619705,0.0056637972593307495,-0.06354928202927113,0.01982082799077034,0.020047640427947044,-0.08885865658521652,0.020825188606977463,0.0335716987028718,-0.09986923541873693,0.015757549554109573,0.01252269372344017,-0.09894692152738571,-0.02209298685193062,0.01620509196072817,-0.12359010428190231,-0.025155849754810333,0.020289529114961624,-0.146516315639019,-0.018158651888370514,0.020854344591498375,-0.16635427623987198,-0.01793054398149252,0.024029559921473265,-0.08981819357722998,-0.03403322893427685,0.046796271577477455,-0.10605283081531525,-0.02006442751735449,0.04359859600663185,-0.09684680216014385,0.006295442581176758,0.03454894106835127,-0.08561894739978015,0.03154686838388443,0.03727056086063385,-0.0774651593528688,-0.04108417499810457,0.05717603862285614,-0.08705678954720497,-0.02226720843464136,0.05479090102016926,-0.07732796063646674,0.0007748939096927643,0.04385562986135483,-0.06529538333415985,0.02087089791893959,0.044284503906965256,-0.0594271756708622,-0.0390690341591835,0.06176641024649143,-0.0686897374689579,-0.02589149819687009,0.06177734397351742,-0.06677505560219288,-0.003361193463206291,0.05138661712408066,-0.057162150740623474,0.005258485674858093
0.0,0.0,0.0,-0.005907459184527397,-0.031502023339271545,0.007180247455835342,0.0054300706833601,-0.06359991617500782,0.019890811294317245,0.019759169314056635,-0.08900421904399991,0.020972125232219696,0.033200441394001245,-0.10013962909579277,0.016042198985815048,0.01225980930030346,-0.09922802448272705,-0.022020532749593258,0.015999779105186462,-0.12388236820697784,-0.025130728259682655,0.020078271627426147,-0.14687220752239227,-0.0181770958006382,0.02064361982047558,-0.16664084792137146,-0.018121395260095596,0.02383219124749303,-0.09005044959485531,-0.03392044041538611,0.04655001871287823,-0.10637747123837471,-0.020022676326334476,0.04328710958361626,-0.09716770797967911,0.006332181394100189,0.03431352507323027,-0.08587844762951136,0.03163612261414528,0.037047903053462505,-0.07769533339887857,-0.04102828539907932,0.05687481164932251,-0.0873985318467021,-0.022227579727768898,0.05445667542517185,-0.0776763278990984,0.0007946975529193878,0.04357220605015755,-0.06561029702425003,0.02089228853583336,0.044142795726656914,-0.05957762524485588,-0.039023892022669315,0.06150238402187824,-0.06894976459443569,-0.02589759323745966,0.06153560243546963,-0.06713265925645828,-0.0034179426729679108,0.05110316164791584,-0.05743083730340004,0.005307544022798538
0.0,0.0,0.0,-0.013220205903053284,-0.03497360274195671,-0.003833577036857605,-0.001633673906326294,-0.06664816848933697,0.00537576898932457,0.02292739786207676,-0.09331542253494263,0.010126002132892609,0.044181729666888714,-0.09852035157382488,0.006278589367866516,0.011383572593331337,-0.10242036916315556,-0.036539108492434025,0.020937887951731682,-0.13469739258289337,-0.033878439106047153,0.023130323737859726,-0.1634054034948349,-0.0222093528136611,0.022314205765724182,-0.1894034445285797,-0.016289282590150833,0.0353666169103235,-0.09040785674005747,-0.040544415125623345,0.0514181274920702,-0.10883361846208572,-0.02171248197555542,0.04453395865857601,-0.09954310022294521,0.007701024413108826,0.03106467891484499,-0.08905950328335166,0.032339196652173996,0.0554884634912014,-0.0742271589115262,-0.03759712018654682,0.06488963030278683,-0.08492997474968433,-0.01143328845500946,0.05650418810546398,-0.07738436944782734,0.01219484955072403,0.046798419672995806,-0.06354155391454697,0.028172705322504044,0.06558433547616005,-0.05552083067595959,-0.02493101265281439,0.07404854148626328,-0.06833520531654358,-0.010005807504057884,0.07159847766160965,-0.06534440442919731,0.011920027434825897,0.06095992587506771,-0.05471569299697876,0.01632004603743553
0.0,0.0,0.0,-0.005920717492699623,-0.031532447785139084,0.006914474070072174,0.005172086879611015,-0.06362910196185112,0.019232138991355896,0.019747226033359766,-0.0888753505423665,0.01998329535126686,0.03300532419234514,-0.10004200879484415,0.015110336244106293,0.012081225402653217,-0.09885250590741634,-0.02292234357446432,0.015978887677192688,-0.12367601320147514,-0.025912636891007423,0.020224738866090775,-0.14659657329320908,-0.01890641637146473,0.020912373438477516,-0.1662285104393959,-0.018636826425790787,0.02370122168213129,-0.08969692001119256,-0.034538387204520404,0.04638989828526974,-0.10603921860456467,-0.020702832378447056,0.042975371703505516,-0.0968784922733903,0.005842126905918121,0.033882486168295145,-0.08538826880976558,0.031083986163139343,0.0370633527636528,-0.07744355080649257,-0.04145003855228424,0.05658583901822567,-0.0869796872138977,-0.0225722286850214,0.05401862971484661,-0.07736471900716424,0.0005565248429775238,0.04313725419342518,-0.06524027325212955,0.020585432648658752,0.0441665593534708,-0.05932316929101944,-0.03922260366380215,0.06134672276675701,-0.06871959939599037,-0.026219149585813284,0.0612052958458662,-0.06690533459186554,-0.0036770906299352646,0.05068792216479778,-0.05708710476756096,0.0049468837678432465
0.0,0.0,0.0,-0.005892205983400345,-0.0317465141415596,0.007269378751516342,0.004979774355888367,-0.06368173472583294,0.019978933036327362,0.018916932865977287,-0.0891775107011199,0.021085739135742188,0.032552504912018776,-0.10040901042521,0.01616106554865837,0.011752834543585777,-0.09893586672842503,-0.022075532004237175,0.015702765434980392,-0.12391406297683716,-0.02501090243458748,0.01999201811850071,-0.1469457522034645,-0.01827714778482914,0.020441506057977676,-0.1659906506538391,-0.018178604543209076,0.023376025957986712,-0.08992246119305491,-0.033803160884417593,0.04656468331813812,-0.10629366524517536,-0.02028544992208481,0.04313267767429352,-0.09726446680724621,0.006121397018432617,0.03444283176213503,-0.08585237804800272,0.031807590276002884,0.03688738029450178,-0.07750466046854854,-0.04142726678401232,0.05692160129547119,-0.08735616784542799,-0.02268479485064745,0.05473722144961357,-0.07772827567532659,0.0004735589027404785,0.04360196180641651,-0.06561287492513657,0.020778775215148926,0.04394485428929329,-0.05948600731790066,-0.03959363512694836,0.061625782400369644,-0.06867864355444908,-0.026665975805372,0.06181272119283676,-0.06728643923997879,-0.004116714000701904,0.05119496211409569,-0.057852838188409805,0.0052831657230854034
0.0,0.0,0.0,-0.005202777683734894,-0.03166593238711357,0.00793997198343277,0.0062096454203128815,-0.0629806350916624,0.021635007113218307,0.020617204252630472,-0.08833355363458395,0.024692680686712265,0.035116886254400015,-0.09862016513943672,0.019691359251737595,0.01267342921346426,-0.09919103235006332,-0.01954611949622631,0.017172700725495815,-0.12390832602977753,-0.022817661054432392,0.02149650827050209,-0.14718803018331528,-0.016958930529654026,0.02170858159661293,-0.16667133569717407,-0.016836799681186676,0.024245976004749537,-0.09001064114272594,-0.03225173006649129,0.04791450500488281,-0.10575060173869133,-0.018874148838222027,0.045395879074931145,-0.09594957809895277,0.0067201219499111176,0.03565543284639716,-0.08530903281643987,0.03184190019965172,0.03738664276897907,-0.07740463688969612,-0.040420214645564556,0.058803312480449677,-0.08686294220387936,-0.022185759618878365,0.057165902107954025,-0.07732309959828854,0.0002931728959083557,0.046005282551050186,-0.06515921466052532,0.019805587828159332,0.044824495911598206,-0.059499341994524,-0.03975951857864857,0.06355931237339973,-0.06881896778941154,-0.026870556641370058,0.06365973129868507,-0.06673973985016346,-0.004392029717564583,0.05338435620069504,-0.05772222764790058,0.004432175308465958
0.0,0.0,0.0,-0.005638526752591133,-0.03206193447113037,0.008374691009521484,0.005820810794830322,-0.06360469944775105,0.022770311683416367,0.019780590198934078,-0.08991385204717517,0.026721816509962082,0.03409944986924529,-0.10095095448195934,0.02226557582616806,0.01235920749604702,-0.1009655138477683,-0.018615269102156162,0.017720768228173256,-0.12600522488355637,-0.02158665843307972,0.02245144359767437,-0.14903191477060318,-0.015314802527427673,0.02211247943341732,-0.16746000200510025,-0.015063157305121422,0.02453805273398757,-0.09165843203663826,-0.031221164856106043,0.049302225932478905,-0.10795578919351101,-0.017514518462121487,0.046440957114100456,-0.09831390902400017,0.009153719991445541,0.037131745368242264,-0.08740478497929871,0.035638172179460526,0.03800254035741091,-0.07854489237070084,-0.04017514456063509,0.060430629178881645,-0.08855805452913046,-0.021059180609881878,0.05840727873146534,-0.07912573963403702,0.002468094229698181,0.04679514840245247,-0.06658431515097618,0.02243661880493164,0.0453079454600811,-0.060148127377033234,-0.0391469756141305,0.06479097343981266,-0.06976989656686783,-0.02623769361525774,0.06462290324270725,-0.06874283961951733,-0.003188852220773697,0.05392529256641865,-0.05966908112168312,0.007677819579839706
0.0,0.0,0.0,-0.0055862367153167725,-0.031976938247680664,0.008367791771888733,0.006080476567149162,-0.06334063783288002,0.022928640246391296,0.02021049242466688,-0.08972468134015799,0.027420390397310257,0.034686511382460594,-0.10048295371234417,0.02308124676346779,0.01248076744377613,-0.10083633661270142,-0.018168022856116295,0.01779357250779867,-0.12575504183769226,-0.021279577165842056,0.022440161556005478,-0.1488858237862587,-0.015229083597660065,0.02211352437734604,-0.16738294064998627,-0.01481078565120697,0.024705472867935896,-0.09139449521899223,-0.030974639830674278,0.04921729117631912,-0.10768131911754608,-0.017102859914302826,0.046671731397509575,-0.09802507981657982,0.00942165032029152,0.03699585888534784,-0.08730053598992527,0.035587526857852936,0.03796052932739258,-0.07834546267986298,-0.0398295521736145,0.06039772927761078,-0.08821410499513149,-0.020832466892898083,0.05845944583415985,-0.07895258720964193,0.0025118328630924225,0.04686049744486809,-0.06636921502649784,0.02231256663799286,0.04542556777596474,-0.05989460460841656,-0.03901021461933851,0.06499762460589409,-0.06979509070515633,-0.026081531774252653,0.06462069228291512,-0.06874248199164867,-0.0032522939145565033,0.054050661623477936,-0.059592029079794884,0.007326953113079071
0.0,0.0,0.0,-0.004984620958566666,-0.03127012401819229,0.008212439715862274,0.007045365869998932,-0.06242433935403824,0.02208738401532173,0.022368557285517454,-0.08734450908377767,0.025646336376667023,0.037157999351620674,-0.09702184610068798,0.020809262990951538,0.013118787668645382,-0.09832009393721819,-0.019612529315054417,0.017552013508975506,-0.1227835938334465,-0.022737461142241955,0.022327430546283722,-0.14563260972499847,-0.01679188199341297,0.022369861602783203,-0.16597465425729752,-0.017447933554649353,0.024747647810727358,-0.08887405740097165,-0.031750024121720344,0.04875605180859566,-0.10478704608976841,-0.01812049187719822,0.04644159600138664,-0.09559204615652561,0.007842380553483963,0.03662347421050072,-0.08495940966531634,0.03310064598917961,0.03732438664883375,-0.0768677368760109,-0.0395779088139534,0.05931518040597439,-0.08555165864527225,-0.02050075586885214,0.05714149959385395,-0.07670454680919647,0.0017435401678085327,0.046473948284983635,-0.06433827430009842,0.021265771239995956,0.04439916834235191,-0.059163281694054604,-0.038330222479999065,0.06378074362874031,-0.0679447203874588,-0.025444414000958204,0.06347617506980896,-0.06633156538009644,-0.003099840134382248,0.053295984864234924,-0.05764968320727348,0.00568230077624321
0.0,0.0,0.0,-0.006967514753341675,-0.03055499866604805,-0.005897015333175659,0.012932846322655678,-0.05252423044294119,0.0024657249450683594,0.03734118491411209,-0.06657622335478663,0.0003446526825428009,0.05238965526223183,-0.06726394174620509,-0.0013350583612918854,0.02682614978402853,-0.07735946029424667,-0.03868517716182396,0.03340004198253155,-0.10189515352249146,-0.035216306103393435,0.03895190544426441,-0.1260802447795868,-0.023970982059836388,0.04318878427147865,-0.14754348993301392,-0.017492379993200302,0.0399459102191031,-0.0671646916307509,-0.04042764799669385,0.06022033840417862,-0.0811387486755848,-0.02862307708710432,0.0548726012930274,-0.07595442607998848,-0.0010262615978717804,0.04335350543260574,-0.06687927432358265,0.028290722519159317,0.051117933355271816,-0.054517251905053854,-0.03906757739605382,0.06628984585404396,-0.06160729844123125,-0.01993706449866295,0.06120224483311176,-0.05515102343633771,0.0010830089449882507,0.04738331865519285,-0.04374574311077595,0.02117283269762993,0.05607855413109064,-0.03802275285124779,-0.026362868957221508,0.06990860030055046,-0.04440477676689625,-0.013667214661836624,0.06805882789194584,-0.04048255831003189,0.005364544689655304,0.056319741532206535,-0.031244991347193718,0.013585973531007767
0.0,0.0,0.0,-0.007075604051351547,-0.034128591418266296,-0.005050409585237503,0.011456206440925598,-0.059350683353841305,-0.0006696470081806183,0.03696359135210514,-0.0772220860235393,-0.005856752395629883,0.0557961231097579,-0.07732402114197612,-0.013669127598404884,0.02272975817322731,-0.08618314005434513,-0.04237634014862124,0.03132576122879982,-0.11424307525157928,-0.041031024884432554,0.036485277116298676,-0.13950757682323456,-0.03087235614657402,0.03761804848909378,-0.16224310547113419,-0.027618137188255787,0.038877648301422596,-0.07559474837034941,-0.04442499787546694,0.061870353296399117,-0.09029526449739933,-0.03319734428077936,0.05499834753572941,-0.08605469577014446,-0.008096329867839813,0.04134588595479727,-0.07714522117748857,0.021981988102197647,0.05303901247680187,-0.060105918906629086,-0.043000146630220115,0.06922798231244087,-0.07053996063768864,-0.024066781625151634,0.06175941228866577,-0.06273473473265767,-0.004013843834400177,0.04803354712203145,-0.05143708176910877,0.01670002192258835,0.058521876111626625,-0.0430902112275362,-0.031176108866930008,0.07231448777019978,-0.05206966772675514,-0.019189689308404922,0.06850078888237476,-0.047072237357497215,-0.00038696080446243286,0.056355465203523636,-0.03702844679355621,0.0070226602256298065
0.0,0.0,0.0,-0.008137788623571396,-0.03484416380524635,-0.005407031625509262,0.008628163486719131,-0.05974810104817152,-0.0017655417323112488,0.03439195407554507,-0.07746627228334546,-0.006851956248283386,0.05330936796963215,-0.07658566534519196,-0.012680057436227798,0.022178025916218758,-0.085133271291852,-0.042919401777908206,0.030888177454471588,-0.11442749574780464,-0.03985984914470464,0.03544113039970398,-0.13860199600458145,-0.029913772828876972,0.03660745918750763,-0.16146636754274368,-0.02416897565126419,0.03880268381908536,-0.07558042788878083,-0.04354847362264991,0.06241937167942524,-0.0912509523332119,-0.03211028967052698,0.05495703686028719,-0.0866596382111311,-0.006229054182767868,0.04120500013232231,-0.07807113602757454,0.022378485649824142,0.05375371780246496,-0.06065639201551676,-0.040976516756927595,0.06922004371881485,-0.07033406291157007,-0.021819651126861572,0.062169335782527924,-0.06540099531412125,-0.002305544912815094,0.04865743778645992,-0.05362104810774326,0.017894916236400604,0.05940963514149189,-0.04340697266161442,-0.02765410952270031,0.07269339263439178,-0.05213011056184769,-0.015892520546913147,0.06844529509544373,-0.04772177338600159,0.0017607510089874268,0.05734608136117458,-0.03853620961308479,0.0075593553483486176
0.0,0.0,0.0,-0.010204892605543137,-0.03515974059700966,-0.00348702073097229,0.006866537034511566,-0.06125643663108349,0.0002368055284023285,0.033339505549520254,-0.0796833480708301,-0.00271553173661232,0.051564667373895645,-0.07982897013425827,-0.009795023128390312,0.020613117143511772,-0.0890202596783638,-0.04019486054312438,0.02979242615401745,-0.11759360134601593,-0.03849462198559195,0.0324765145778656,-0.1402049958705902,-0.02691394742578268,0.03236068785190582,-0.16421297192573547,-0.019191022962331772,0.037669586949050426,-0.07807946484535933,-0.041588971856981516,0.06165672838687897,-0.09550577588379383,-0.030442687682807446,0.05454535409808159,-0.09008587896823883,-0.002085600048303604,0.04039407102391124,-0.08261913806200027,0.026187535375356674,0.05300966743379831,-0.06381302699446678,-0.03943708795122802,0.06913136690855026,-0.07361327391117811,-0.01987287402153015,0.06203407421708107,-0.07002271991223097,0.00018693134188652039,0.05009083449840546,-0.05734245199710131,0.02275741845369339,0.06021538935601711,-0.045504674315452576,-0.02623769734054804,0.07362682744860649,-0.05544518679380417,-0.013505982235074043,0.06972354836761951,-0.05208863504230976,0.0051291324198246,0.0590804610401392,-0.04131898283958435,0.012584637850522995
0.0,0.0,0.0,-0.017419546842575073,-0.03432069346308708,-0.0056757330894470215,-0.007733069360256195,-0.06735497433692217,0.00047504156827926636,0.012629777193069458,-0.09727039746940136,-0.0014197714626789093,0.03297868277877569,-0.10202629491686821,-0.003949027508497238,0.005109008401632309,-0.09742647409439087,-0.04288181057199836,0.010743016377091408,-0.1293824389576912,-0.03701817453838885,0.014094030484557152,-0.15944529324769974,-0.025515266694128513,0.012725062668323517,-0.18252665549516678,-0.01648150570690632,0.03030634392052889,-0.08706844691187143,-0.043973164865747094,0.043955941684544086,-0.11040637455880642,-0.024108542129397392,0.034023853950202465,-0.10253246873617172,0.006955869495868683,0.024620724841952324,-0.09167782124131918,0.034863702952861786,0.05243533104658127,-0.07153942156583071,-0.03890868416056037,0.055803004652261734,-0.08550361543893814,-0.01342032104730606,0.048157429322600365,-0.07782609015703201,0.011833511292934418,0.03832128457725048,-0.06486106105148792,0.027864068746566772,0.06082814373075962,-0.05330991372466087,-0.024602249264717102,0.06685954704880714,-0.06746629253029823,-0.007683809846639633,0.062207888811826706,-0.06606072746217251,0.014436803758144379,0.05375823564827442,-0.056502316147089005,0.01852285861968994
0.0,0.0,0.0,-0.013560187071561813,-0.035233721137046814,-0.003907192498445511,-0.002250850200653076,-0.06722402200102806,0.005092982202768326,0.022625887766480446,-0.09401168115437031,0.010154981166124344,0.04421977512538433,-0.09912494104355574,0.006742950528860092,0.011475222185254097,-0.10240957513451576,-0.036825118178967386,0.021223586052656174,-0.1351417601108551,-0.03393468260765076,0.023633986711502075,-0.16403158009052277,-0.02223335299640894,0.022886361926794052,-0.18995286524295807,-0.015935981646180153,0.03574873507022858,-0.09039945807307959,-0.04059826023876667,0.0515021625906229,-0.1094151958823204,-0.021410811692476273,0.04421628173440695,-0.10069901868700981,0.007621482014656067,0.03078490123152733,-0.09011036017909646,0.032668136060237885,0.056381916627287865,-0.07414885237812996,-0.03724075608261046,0.06501817516982555,-0.08558033872395754,-0.010740896686911583,0.05628005042672157,-0.07807782664895058,0.012898333370685577,0.046548419166356325,-0.06447462365031242,0.02863943576812744,0.0661838911473751,-0.05552171915769577,-0.0244110319763422,0.07415296137332916,-0.06863345392048359,-0.009081471711397171,0.07127021253108978,-0.06578861176967621,0.013012830168008804,0.060322294011712074,-0.05539531633257866,0.01729658991098404
0.0,0.0,0.0,-0.00934496521949768,-0.033481474965810776,-0.005909144878387451,0.007849998772144318,-0.059499895200133324,-0.0013181231915950775,0.034144905395805836,-0.07706768484786153,-0.006350088864564896,0.05177914444357157,-0.07731442479416728,-0.011992832645773888,0.021665925160050392,-0.08501658402383327,-0.04484946792945266,0.030659202486276627,-0.11400511860847473,-0.04140091175213456,0.03499394841492176,-0.13796677440404892,-0.03070024959743023,0.03645812347531319,-0.16140448302030563,-0.024059003219008446,0.03791988780722022,-0.07527841068804264,-0.04517019144259393,0.06102132424712181,-0.09110347926616669,-0.03394742961972952,0.053931018337607384,-0.08674882724881172,-0.005850899964570999,0.04097553133033216,-0.07662928011268377,0.024349529296159744,0.05249764770269394,-0.060563177801668644,-0.04238492978038266,0.06826646812260151,-0.07039845269173384,-0.02271937020123005,0.06143890507519245,-0.06545376684516668,-0.0018752701580524445,0.04867275431752205,-0.05279986932873726,0.019472748041152954,0.058656416833400726,-0.04333163797855377,-0.027884631417691708,0.07226954400539398,-0.052921198308467865,-0.01631155051290989,0.06860850751399994,-0.049377793446183205,0.002461720257997513,0.05808587744832039,-0.038790905848145485,0.01027144119143486
0.0,0.0,0.0,-0.007174335420131683,-0.033540599048137665,-0.006908703595399857,0.01109623908996582,-0.058102414943277836,-0.0021241270005702972,0.034650602377951145,-0.07388955960050225,-0.008317917585372925,0.05140720587223768,-0.0745169441215694,-0.014317825436592102,0.023284628987312317,-0.08137809950858355,-0.04530112794600427,0.029693263582885265,-0.10910909622907639,-0.04198466124944389,0.03452407009899616,-0.13509942591190338,-0.03320897836238146,0.03616882860660553,-0.1590234935283661,-0.029358052648603916,0.03775355406105518,-0.07255101203918457,-0.04654672555625439,0.05998413823544979,-0.0873285997658968,-0.03535166475921869,0.05227740667760372,-0.08389164321124554,-0.0103289894759655,0.04049919452518225,-0.07509560417383909,0.01986415684223175,0.051075239665806293,-0.058009400963783264,-0.04469997971318662,0.06471243314445019,-0.06895430572330952,-0.026316681876778603,0.05973764508962631,-0.0617853756994009,-0.004869028925895691,0.04787092749029398,-0.05079789645969868,0.014367811381816864,0.05577794276177883,-0.042536335065960884,-0.03134121838957071,0.06862330809235573,-0.0523510230705142,-0.020296793431043625,0.06604167260229588,-0.048207055777311325,-0.0015722289681434631,0.055665697902441025,-0.03787754848599434,0.004810255020856857
0.0,0.0,0.0,-0.006484426558017731,-0.03367452695965767,-0.006547674536705017,0.011501122266054153,-0.05865072086453438,-0.00010614842176437378,0.03609358472749591,-0.07701127510517836,-0.003920603543519974,0.054629191756248474,-0.07696835789829493,-0.010153360664844513,0.02368686906993389,-0.08509739115834236,-0.041913701767043676,0.030892799608409405,-0.11246796697378159,-0.04047132236883044,0.03550950810313225,-0.13915320485830307,-0.031213194131851196,0.03653258457779884,-0.16302940249443054,-0.028899631462991238,0.03977866703644395,-0.07446465222164989,-0.044255062472075224,0.06164617836475372,-0.08921643905341625,-0.03118899744004011,0.05449121072888374,-0.08494728244841099,-0.006791148334741592,0.04176739207468927,-0.07624841202050447,0.02335498481988907,0.053448223508894444,-0.059353345073759556,-0.042452899331692606,0.06791157647967339,-0.06963702384382486,-0.023072734475135803,0.06143200770020485,-0.061308725737035275,-0.001976843923330307,0.048873791471123695,-0.05031154304742813,0.01636258140206337,0.058729805052280426,-0.04258386231958866,-0.030406064353883266,0.0712421853095293,-0.05222387611865997,-0.018031787127256393,0.06809855625033379,-0.04738127999007702,0.0007335096597671509,0.05653081741183996,-0.03651861101388931,0.0069259777665138245
0.0,0.0,0.0,-0.006625082343816757,-0.0338701494038105,-0.005566366016864777,0.011590205132961273,-0.059072503820061684,-0.0009630322456359863,0.03779826406389475,-0.0761630623601377,-0.004498261958360672,0.05696317460387945,-0.07702145725488663,-0.011273380368947983,0.024562114849686623,-0.08658166974782944,-0.04132126522017643,0.03237227350473404,-0.1134730838239193,-0.04069190224981867,0.037467729300260544,-0.13886383175849915,-0.031905374489724636,0.03758188709616661,-0.16333822906017303,-0.03182877227663994,0.040940646547824144,-0.0747384992428124,-0.0432041825260967,0.0643809512257576,-0.08908848837018013,-0.03161303512752056,0.05752780754119158,-0.08493650332093239,-0.007586318999528885,0.04494048724882305,-0.07614309713244438,0.022233087569475174,0.05524448212236166,-0.058972928673028946,-0.041783236840274185,0.07180280983448029,-0.0692363390699029,-0.022600214928388596,0.0636163167655468,-0.06155277322977781,-0.0033895112574100494,0.051121206022799015,-0.0501721166074276,0.015663202852010727,0.060437656939029694,-0.04090822674334049,-0.030135768465697765,0.07386310398578644,-0.05038128420710564,-0.017855634912848473,0.07022213004529476,-0.04647423140704632,-0.00015930458903312683,0.0582679882645607,-0.03522603213787079,0.0063337720930576324
0.0,0.0,0.0,-0.008012335747480392,-0.03334610164165497,-0.0048597343266010284,0.01027439534664154,-0.058447884395718575,0.0018865801393985748,0.03547197673469782,-0.07656512735411525,-0.0004596225917339325,0.05310527328401804,-0.0763974734582007,-0.005043882876634598,0.0232516098767519,-0.08537803776562214,-0.04038783558644354,0.03111011628061533,-0.11268747970461845,-0.03681738278828561,0.03671357221901417,-0.13848905265331268,-0.02779290731996298,0.03874310478568077,-0.16239182651042938,-0.021519845351576805,0.039682441391050816,-0.07521698856726289,-0.0421466869302094,0.06167086958885193,-0.09086915105581284,-0.0288459537550807,0.05418950878083706,-0.0863876175135374,-0.002565179020166397,0.042584385722875595,-0.07861426286399364,0.02630479633808136,0.05403474438935518,-0.0596746988594532,-0.03986742265988141,0.06786999106407166,-0.07030345592647791,-0.019809531047940254,0.06219446659088135,-0.06250607362017035,0.0025694407522678375,0.05029974225908518,-0.05168985761702061,0.02111544832587242,0.05946885235607624,-0.04284461960196495,-0.026936648413538933,0.07241776213049889,-0.051814742386341095,-0.013834977522492409,0.06861764006316662,-0.04709581099450588,0.004709675908088684,0.05716577172279358,-0.03756340220570564,0.01090194657444954
0.0,0.0,0.0,-0.008530434221029282,-0.03360608592629433,-0.006991874426603317,0.00923766940832138,-0.058295358903706074,-0.00024302303791046143,0.033355501014739275,-0.07650287356227636,-0.003638938069343567,0.05136815831065178,-0.07673042127862573,-0.008578043431043625,0.02080743946135044,-0.0854325108230114,-0.04252610384719446,0.028307301923632622,-0.11265119165182114,-0.04023104358930141,0.03327852301299572,-0.13927094638347626,-0.031400918029248714,0.03521667793393135,-0.16270826756954193,-0.025881513953208923,0.037713450379669666,-0.07559625571593642,-0.04453798942267895,0.05949573777616024,-0.09134983457624912,-0.03182982932776213,0.052037034183740616,-0.08659764006733894,-0.006692066788673401,0.041141886031255126,-0.07807385362684727,0.023284010589122772,0.052076609805226326,-0.06020051892846823,-0.04257174633676186,0.06506328284740448,-0.07183406222611666,-0.023482760414481163,0.05947377346456051,-0.06277802400290966,-0.001471828669309616,0.04832901246845722,-0.05204774625599384,0.017441492527723312,0.05828041955828667,-0.043470319360494614,-0.030528826639056206,0.06989248842000961,-0.052796173840761185,-0.01858179271221161,0.06612376868724823,-0.048245744779706,0.000420641154050827,0.05510757304728031,-0.03855830803513527,0.006979212164878845
0.0,0.0,0.0,-0.008272688835859299,-0.03305595740675926,-0.006262890994548798,0.010167373344302177,-0.05779180862009525,0.0008587650954723358,0.03414819436147809,-0.07544474443420768,-0.0026635490357875824,0.05140072666108608,-0.07453341037034988,-0.0075196921825408936,0.02231382392346859,-0.08454911038279533,-0.04215247603133321,0.029123874381184578,-0.11184808611869812,-0.03986120433546603,0.034762514755129814,-0.1377493068575859,-0.031127995811402798,0.03619849309325218,-0.16127408295869827,-0.02568994741886854,0.03854836570098996,-0.07425635540857911,-0.04350052331574261,0.06007303670048714,-0.09018689393997192,-0.030658378265798092,0.052765303291380405,-0.08562938496470451,-0.004812940955162048,0.041485377587378025,-0.07742361817508936,0.025193296372890472,0.05298625398427248,-0.05883664917200804,-0.041549778543412685,0.06684621423482895,-0.07036679610610008,-0.021752629429101944,0.060931723564863205,-0.06172008812427521,0.0005511157214641571,0.048791986890137196,-0.05074849724769592,0.019648440182209015,0.0589101929217577,-0.04243169166147709,-0.029094324447214603,0.07087362930178642,-0.05141192302107811,-0.01621118374168873,0.06721049547195435,-0.04628133028745651,0.00284629687666893,0.0554677490144968,-0.037215206772089005,0.009934790432453156
0.0,0.0,0.0,-0.008309789001941681,-0.034391093999147415,-0.005650050938129425,0.008106961846351624,-0.060365607030689716,0.0008013062179088593,0.03396655432879925,-0.079193115234375,-0.0007275938987731934,0.05348204169422388,-0.07931705377995968,-0.004588332027196884,0.022107044234871864,-0.08838655799627304,-0.039905023761093616,0.03067849762737751,-0.11729245260357857,-0.03734151599928737,0.03631625324487686,-0.14367152750492096,-0.027715387754142284,0.03877561166882515,-0.16707877069711685,-0.021785849705338478,0.0402095653116703,-0.07740831701084971,-0.04220248619094491,0.06289112567901611,-0.09358488954603672,-0.028845700435340405,0.05580826289951801,-0.08802451193332672,-0.0031008534133434296,0.043572484748438,-0.07847709860652685,0.025781195610761642,0.0558678824454546,-0.061015745624899864,-0.04048254666849971,0.0694291777908802,-0.07281158771365881,-0.020078424364328384,0.06268333829939365,-0.06432561250403523,0.0011574514210224152,0.050290639977902174,-0.05271347984671593,0.019279755651950836,0.06237439252436161,-0.043310439214110374,-0.02826947718858719,0.07408007606863976,-0.052554287016391754,-0.016266342252492905,0.06992829591035843,-0.0480334535241127,0.002781946212053299,0.05751971062272787,-0.03857845067977905,0.008723575621843338
0.0,0.0,0.0,-0.006365876644849777,-0.03347424417734146,-0.006939154118299484,0.010222356766462326,-0.05843279976397753,-0.0013480521738529205,0.03631443716585636,-0.07437267666682601,-0.0043991729617118835,0.055620402097702026,-0.07344740722328424,-0.009019818156957626,0.02500443160533905,-0.08455821126699448,-0.04211227812629659,0.03235357254743576,-0.11340807005763054,-0.03953759977594018,0.037120409309864044,-0.1388312429189682,-0.029932698234915733,0.040953099727630615,-0.16281188279390335,-0.02283211424946785,0.04111811192706227,-0.07493486953899264,-0.04458830016665161,0.06357961893081665,-0.08907798118889332,-0.03297600336372852,0.0559243755415082,-0.08326074294745922,-0.008609794080257416,0.044149677734822035,-0.07319975178688765,0.021049093455076218,0.0562874348834157,-0.058998907916247845,-0.04286252794554457,0.06973320618271828,-0.06965994834899902,-0.023555846884846687,0.06284485571086407,-0.061641952488571405,-0.0039132386445999146,0.050597638823091984,-0.051209842786192894,0.014002673327922821,0.06203997693955898,-0.04253394156694412,-0.031797793693840504,0.07333832420408726,-0.050596222281455994,-0.0206772368401289,0.07035266794264317,-0.045623792335391045,-0.0012016184628009796,0.057907585985958576,-0.03722235932946205,0.0028167739510536194
0.0,0.0,0.0,-0.007100161164999008,-0.033754926174879074,-0.0068171024322509766,0.009629126638174057,-0.05850032437592745,-0.0019640475511550903,0.03492438094690442,-0.07400057278573513,-0.006778296083211899,0.053134359419345856,-0.07410128135234118,-0.012876641005277634,0.022868674248456955,-0.08474137261509895,-0.04353572695981711,0.03017229028046131,-0.11245813593268394,-0.04192924685776234,0.03560156375169754,-0.13711077719926834,-0.032507965341210365,0.039428114891052246,-0.1606711968779564,-0.0257224440574646,0.03877152921631932,-0.07447498477995396,-0.046141803031787276,0.0617021843791008,-0.08970581367611885,-0.03535329457372427,0.05475367698818445,-0.08392273727804422,-0.00995900109410286,0.043133276514708996,-0.07443189807236195,0.020347803831100464,0.053741663694381714,-0.05907227657735348,-0.04506219527684152,0.06770531833171844,-0.07051178254187107,-0.025834625586867332,0.061577802523970604,-0.06263409508392215,-0.005107346922159195,0.049601754173636436,-0.05150280520319939,0.013714957982301712,0.06031571142375469,-0.042678650468587875,-0.03356280829757452,0.0726591944694519,-0.051717083901166916,-0.022990336641669273,0.06942736729979515,-0.04715902544558048,-0.002858169376850128,0.056704916059970856,-0.038197100162506104,0.0032546930015087128
0.0,0.0,0.0,-0.013247117400169373,-0.03447101265192032,-0.0038596652448177338,-0.0020551681518554688,-0.06592399626970291,0.0055550262331962585,0.022288206964731216,-0.09269556775689125,0.010107655078172684,0.04317492060363293,-0.09855187591165304,0.005814727395772934,0.010936850681900978,-0.10202774778008461,-0.03611187112983316,0.02031351812183857,-0.13405133038759232,-0.033833157271146774,0.022383011877536774,-0.1627764105796814,-0.021960542537271976,0.021357260644435883,-0.18913563340902328,-0.015320667997002602,0.035199686884880066,-0.09023445192724466,-0.04030142794363201,0.05075136758387089,-0.10879268869757652,-0.02135983482003212,0.043934510089457035,-0.09973671101033688,0.008393965661525726,0.030911344103515148,-0.08987562917172909,0.03331359848380089,0.05534874461591244,-0.0743065383285284,-0.03771098604192957,0.06440824270248413,-0.0846978947520256,-0.010874031111598015,0.056186603382229805,-0.07736068684607744,0.013451430946588516,0.047052123583853245,-0.06367918476462364,0.02987964078783989,0.06555972993373871,-0.05539444833993912,-0.02500468958169222,0.0736350528895855,-0.06828856654465199,-0.00981290452182293,0.07142680510878563,-0.0659546684473753,0.012481894344091415,0.060571640729904175,-0.05512579157948494,0.01812797412276268
0.0,0.0,0.0,-0.008559323847293854,-0.034039415419101715,-0.007200729101896286,0.009109687060117722,-0.06006095930933952,-0.0030274279415607452,0.03312975540757179,-0.07809742912650108,-0.008886836469173431,0.050957425497472286,-0.07964218687266111,-0.013835813850164413,0.019932765513658524,-0.08387100137770176,-0.046889104109141044,0.02547998819500208,-0.11160293221473694,-0.04670131831699109,0.03039868362247944,-0.13761727511882782,-0.03988551627844572,0.03392444923520088,-0.1618051528930664,-0.03703344892710447,0.035656450083479285,-0.07256462145596743,-0.048817180562764406,0.05857975035905838,-0.09185506403446198,-0.038800825364887714,0.05219891481101513,-0.08739638142287731,-0.010893840342760086,0.0394944092258811,-0.0766247371211648,0.020096302032470703,0.05068842973560095,-0.057581198401749134,-0.047496965795289725,0.0658649206161499,-0.07206039223819971,-0.029191628098487854,0.06036185100674629,-0.06624574679881334,-0.005864940583705902,0.04822047986090183,-0.054475572891533375,0.014470644295215607,0.05631234683096409,-0.04180222563445568,-0.03474665433168411,0.06959948129951954,-0.054559133015573025,-0.023635420948266983,0.06766483187675476,-0.053180827759206295,-0.0032733194530010223,0.05808119475841522,-0.043197840452194214,0.005236733704805374
0.0,0.0,0.0,-0.009297963231801987,-0.0349560771137476,-0.010219473391771317,0.005610726773738861,-0.06035374104976654,-0.0076846107840538025,0.028360248543322086,-0.07771095633506775,-0.015014704316854477,0.04513684380799532,-0.07805066462606192,-0.02231939136981964,0.017101701349020004,-0.08223520591855049,-0.05314302281476557,0.022648336365818977,-0.10922319069504738,-0.051678400312084705,0.026900220662355423,-0.1338164508342743,-0.04117491655051708,0.027969222515821457,-0.1556949019432068,-0.028113696724176407,0.03412700118497014,-0.07037854287773371,-0.05365308956243098,0.05953997187316418,-0.096478171646595,-0.04675466800108552,0.055321160703897476,-0.09842213988304138,-0.02258680760860443,0.04491114988923073,-0.08826078474521637,0.0064893923699855804,0.05035929661244154,-0.05594988353550434,-0.050925792718771845,0.06519873812794685,-0.07237118016928434,-0.03581554163247347,0.06169725954532623,-0.06944878958165646,-0.012849308550357819,0.05046529695391655,-0.05679085198789835,0.010509535670280457,0.056567469611763954,-0.04024042747914791,-0.036497801542282104,0.07056846097111702,-0.05478332377970219,-0.026492889970541,0.06861525401473045,-0.05626162979751825,-0.005644030869007111,0.06055901199579239,-0.04645499959588051,0.004157006740570068
0.0,0.0,0.0,-0.030216215178370476,-0.01913418620824814,0.0034526027739048004,-0.033003661781549454,-0.04484111815690994,0.03628409933298826,-0.03248349949717522,-0.06899386085569859,0.06217615120112896,-0.034671589732170105,-0.08075969899073243,0.08025784604251385,-0.0252333153039217,-0.08625972061417997,0.02741840435191989,-0.032886993139982224,-0.1152571439743042,0.034425415098667145,-0.03773896396160126,-0.14376164227724075,0.03318108478561044,-0.04582291841506958,-0.1702629029750824,0.02116846665740013,-0.013409274281002581,-0.08721168141346425,0.027046981849707663,-0.0248093968257308,-0.10250654444098473,0.051142819225788116,-0.03221154399216175,-0.0912783513776958,0.05629171431064606,-0.03258749283850193,-0.09071866190060973,0.04809622839093208,-0.0023021679371595383,-0.08829791517928243,0.027723621460609138,-0.014471093658357859,-0.08484984643291682,0.052870066836476326,-0.017211328726261854,-0.07565178442746401,0.06155839003622532,-0.012712634052149951,-0.0736296633258462,0.05473333224654198,-0.0028970111161470413,-0.06794312968850136,0.029998198384419084,-0.008675780845806003,-0.07151723559945822,0.046217262744903564,-0.01028300216421485,-0.07083075027912855,0.05938630737364292,-0.0069783939979970455,-0.06542056798934937,0.0467132031917572
0.0,0.0,0.0,-0.032082222402095795,-0.020088300108909607,0.0024544186890125275,-0.034011390060186386,-0.04513169825077057,0.03712692204862833,-0.034722670912742615,-0.06971219182014465,0.0629453044384718,-0.03656633757054806,-0.0814366890117526,0.08253221400082111,-0.027653124183416367,-0.0875399720389396,0.03024369105696678,-0.03732563927769661,-0.11759632080793381,0.038031041622161865,-0.04061530530452728,-0.14680132642388344,0.03644722141325474,-0.048559583723545074,-0.17176226526498795,0.022764354944229126,-0.015177871799096465,-0.08841719478368759,0.028615056042326614,-0.028270527720451355,-0.10319029353559017,0.053760308772325516,-0.03441078960895538,-0.0904393969103694,0.057556772604584694,-0.03483591228723526,-0.08836399530991912,0.0494385939091444,-0.004617474973201752,-0.09021957917138934,0.028961926931515336,-0.017421568278223276,-0.08573362225433812,0.05309869535267353,-0.019852777011692524,-0.07400897424668074,0.06196691654622555,-0.01395528414286673,-0.07233284320682287,0.05469099245965481,-0.0062207747250795364,-0.06866422481834888,0.02932946605142206,-0.010823430493474007,-0.07140570972114801,0.04463578388094902,-0.013558282982558012,-0.0704183466732502,0.05540572293102741,-0.009017609525471926,-0.06461558863520622,0.04151166416704655
0.0,0.0,0.0,-0.03088318556547165,-0.0196513831615448,0.004478173330426216,-0.032479722052812576,-0.04516242444515228,0.039734465070068836,-0.03184223733842373,-0.06975533440709114,0.06732158176600933,-0.0325454268604517,-0.08169880602508783,0.08834795840084553,-0.024370336905121803,-0.08772132988087833,0.03296878607943654,-0.03236421011388302,-0.117678202688694,0.04130317643284798,-0.03635709919035435,-0.14649546146392822,0.04058758169412613,-0.04353596083819866,-0.17202243208885193,0.02869076281785965,-0.012490054941736162,-0.08791629737243056,0.03120058885542676,-0.023967082612216473,-0.10308517515659332,0.0565181840211153,-0.03094414621591568,-0.09135718736797571,0.0603308230638504,-0.032381610944867134,-0.08900273055769503,0.051969366148114204,-0.0017273612320423126,-0.08903693128377199,0.03140287764836103,-0.013526891358196735,-0.08589306782232597,0.05604168213903904,-0.016420584172010422,-0.07507128082215786,0.06436621956527233,-0.012216279283165932,-0.07314415089786053,0.057589130476117134,-0.003096548840403557,-0.06778010167181492,0.03177809400949627,-0.007631592685356736,-0.07114843465387821,0.04741981811821461,-0.010377652710303664,-0.07118222676217556,0.05949864163994789,-0.006805978715419769,-0.06496885046362877,0.04708488844335079
0.0,0.0,0.0,-0.03177461959421635,-0.01963350921869278,0.0034057069569826126,-0.03472701087594032,-0.045290376991033554,0.03649826813489199,-0.034231485798954964,-0.07048864755779505,0.06139063648879528,-0.03501882404088974,-0.08094462053850293,0.07990558259189129,-0.027034091763198376,-0.08687678934074938,0.030442566378042102,-0.034858232364058495,-0.11482710018754005,0.037107923068106174,-0.039495889097452164,-0.14367298781871796,0.03731771185994148,-0.0462256483733654,-0.17099440842866898,0.026816421188414097,-0.014246985781937838,-0.08773567224852741,0.029529919382184744,-0.026959204114973545,-0.10174944996833801,0.05381903424859047,-0.03342103771865368,-0.0902571571059525,0.05937044695019722,-0.034416962414979935,-0.08845429867506027,0.053118996322155,-0.0033101672306656837,-0.0887218383140862,0.02915078937076032,-0.0167149705812335,-0.08469840092584491,0.05498036555945873,-0.018764923326671124,-0.07339822314679623,0.0645833071321249,-0.01422327570617199,-0.07167542912065983,0.059552013874053955,-0.0030562635511159897,-0.06792103685438633,0.030733094550669193,-0.01033362396992743,-0.07172958366572857,0.04627380892634392,-0.01170515944249928,-0.07065529935061932,0.0593065470457077,-0.00871789176017046,-0.0646161325275898,0.048216236755251884
0.0,0.0,0.0,-0.03236468322575092,-0.019693031907081604,0.0021662525832653046,-0.034171732142567635,-0.04588652029633522,0.035345541313290596,-0.03376204892992973,-0.07157319504767656,0.05982179008424282,-0.03589981608092785,-0.08184448536485434,0.07837840728461742,-0.02673879638314247,-0.08777750213630497,0.028809862211346626,-0.03606339171528816,-0.11681611649692059,0.03534770105034113,-0.040417781099677086,-0.14561044424772263,0.03465829137712717,-0.0474372748285532,-0.17323469370603561,0.023301801178604364,-0.014925884082913399,-0.08853483106940985,0.02833357162307948,-0.028058746829628944,-0.1039023119956255,0.05172073468565941,-0.03462626226246357,-0.09185695461928844,0.05552801489830017,-0.035872651264071465,-0.08999594138003886,0.04740770906209946,-0.004790928214788437,-0.08984355814754963,0.028633671579882503,-0.018126604612916708,-0.08601212844951078,0.05327419005334377,-0.02009005518630147,-0.07473762799054384,0.06211508996784687,-0.015143263153731823,-0.07315749023109674,0.05541429854929447,-0.005335349589586258,-0.06864781677722931,0.030733689898625016,-0.01219439972192049,-0.07297764904797077,0.04535456374287605,-0.014178539859130979,-0.07184628490358591,0.05676582455635071,-0.01179229049012065,-0.0656435638666153,0.044025689363479614
0.0,0.0,0.0,-0.03212282620370388,-0.019510164856910706,0.003586960956454277,-0.03443819843232632,-0.04512661322951317,0.038405357394367456,-0.0337128397077322,-0.07072870433330536,0.06461074389517307,-0.03471943736076355,-0.08182218158617616,0.0854810681194067,-0.026313441805541515,-0.0880564518738538,0.03245670744217932,-0.034681038931012154,-0.11763780750334263,0.0406852588057518,-0.0388856902718544,-0.14626777917146683,0.03986180201172829,-0.04693194665014744,-0.17227502167224884,0.027740205405279994,-0.014100535423494875,-0.08859548112377524,0.03163150337059051,-0.025937204249203205,-0.10384631343185902,0.05645637400448322,-0.03280043974518776,-0.09171142987906933,0.05980033986270428,-0.03433302417397499,-0.08965813415125012,0.050973694771528244,-0.003511364571750164,-0.0901947794482112,0.03216071682982147,-0.01578465849161148,-0.08600789256161079,0.057067856192588806,-0.018387132324278355,-0.07494559604674578,0.06563836522400379,-0.013738480978645384,-0.07372883893549442,0.05779890902340412,-0.0042067356407642365,-0.06826519034802914,0.033166002947837114,-0.009781674481928349,-0.07212523184716702,0.048791421577334404,-0.012515845242887735,-0.07183085102587938,0.060979416593909264,-0.009218575898557901,-0.0655395146459341,0.04763912409543991
0.0,0.0,0.0,-0.0317700169980526,-0.01927289366722107,0.0028835218399763107,-0.03356769680976868,-0.04438697546720505,0.03749881265684962,-0.033426281064748764,-0.06931692734360695,0.06427220813930035,-0.03450905345380306,-0.08025760902091861,0.08564106561243534,-0.026386037468910217,-0.08669389539863914,0.03217895177658647,-0.03545556962490082,-0.11608000099658966,0.03993306960910559,-0.040014948695898056,-0.1449887566268444,0.03924288880079985,-0.0476507730782032,-0.1709301769733429,0.026622245088219643,-0.014834698289632797,-0.08762791915796697,0.03157260810257867,-0.027543953619897366,-0.10209483653306961,0.05530101992189884,-0.034235766157507896,-0.08974460093304515,0.057479821145534515,-0.035936566069722176,-0.08735207375138998,0.048353929072618484,-0.004645956680178642,-0.08919536741450429,0.031721686595119536,-0.01749179163016379,-0.08453272166661918,0.05587043985724449,-0.01959613338112831,-0.0729249706491828,0.0633422750979662,-0.014967728406190872,-0.0710741588845849,0.055627161636948586,-0.0055579133331775665,-0.06778807379305363,0.03266193834133446,-0.011632779147475958,-0.0709233395755291,0.047459375113248825,-0.013838929822668433,-0.07027152087539434,0.0581484567373991,-0.010555836372077465,-0.06399645283818245,0.04426122363656759
0.0,0.0,0.0,-0.030752010643482208,-0.019080139696598053,0.0030524618923664093,-0.03327750042080879,-0.045659616589546204,0.03497921768575907,-0.03217115253210068,-0.0713181309401989,0.0624528843909502,-0.031308041885495186,-0.08257446205243468,0.08327133767306805,-0.02497301623225212,-0.0854466175660491,0.026540205464698374,-0.030845291912555695,-0.11568723246455193,0.03483294043689966,-0.03670150227844715,-0.1449323482811451,0.03338434919714928,-0.04250969737768173,-0.17139706760644913,0.021879481384530663,-0.012844793498516083,-0.08680461905896664,0.026320123812183738,-0.023952377028763294,-0.10050457529723644,0.04948842339217663,-0.03003007173538208,-0.08763080020435154,0.05511374957859516,-0.030037570744752884,-0.0844883811660111,0.047993673011660576,-0.00025626271963119507,-0.08652723394334316,0.026077673654071987,-0.012341543333604932,-0.08369919692631811,0.051131563261151314,-0.013976182322949171,-0.07350821327418089,0.059979842975735664,-0.01040908694267273,-0.06918869912624359,0.05324764922261238,0.0008528362959623337,-0.0669015422463417,0.028831917326897383,-0.005393967032432556,-0.07068401109427214,0.04473280906677246,-0.006495391018688679,-0.06964229512959719,0.05731080658733845,-0.003953652456402779,-0.06287326849997044,0.04561043344438076
0.0,0.0,0.0,-0.014240089803934097,-0.03462966904044151,-0.004546906799077988,-0.002894274890422821,-0.06622018292546272,0.004057731479406357,0.02182925119996071,-0.0927803535014391,0.00847671553492546,0.04370552347972989,-0.09822064638137817,0.004368651658296585,0.01068023033440113,-0.1015305407345295,-0.037229881243547425,0.020473821088671684,-0.1344262808561325,-0.03466600482352078,0.022686179727315903,-0.16412944346666336,-0.023131662979722023,0.021605581045150757,-0.190016508102417,-0.016411500051617622,0.035520908422768116,-0.0898159733042121,-0.04078194568865001,0.050822071731090546,-0.10950684361159801,-0.02181878313422203,0.0434256624430418,-0.10103149525821209,0.007194735109806061,0.030564118176698685,-0.09119558986276388,0.032504159957170486,0.0561042744666338,-0.07390454038977623,-0.037484078191482695,0.06422977894544601,-0.0854212511330843,-0.010830707848072052,0.055581022053956985,-0.0777398538775742,0.013429976999759674,0.04607806168496609,-0.06426231190562248,0.029560621827840805,0.06608308106660843,-0.05497362278401852,-0.024396808817982674,0.07334130629897118,-0.06859321147203445,-0.008856536820530891,0.07062768936157227,-0.06601644307374954,0.013163067400455475,0.05968502350151539,-0.05534915253520012,0.018585864454507828
0.0,0.0,0.0,-0.030262738466262817,-0.01831819862127304,0.005975931882858276,-0.03392702154815197,-0.0452578142285347,0.04112162068486214,-0.03341672569513321,-0.07116448320448399,0.07353834435343742,-0.03285597264766693,-0.08370929351076484,0.0973770059645176,-0.02574114315211773,-0.08771716069895774,0.035978731233626604,-0.03191873989999294,-0.1172485239803791,0.0442827632650733,-0.03781064413487911,-0.1467556618154049,0.044234635308384895,-0.04420873336493969,-0.17409923672676086,0.03413816448301077,-0.012916582636535168,-0.0884863012470305,0.03509521402884275,-0.023773150518536568,-0.10363310389220715,0.05953809432685375,-0.03026716411113739,-0.09196124039590359,0.06513243168592453,-0.030939467251300812,-0.08879395318217576,0.05904349312186241,-0.0002555474638938904,-0.08794928877614439,0.033723787986673415,-0.011642241384834051,-0.08619481041387189,0.06077469326555729,-0.013588785426691175,-0.07579053938388824,0.06977267563343048,-0.01130524161271751,-0.07190846465528011,0.06438278965651989,0.0015068072825670242,-0.06775078177452087,0.03542786720208824,-0.005009529180824757,-0.07187829539179802,0.05181814543902874,-0.0067427875474095345,-0.07133094407618046,0.06540421396493912,-0.005315904971212149,-0.06432552449405193,0.0543354507535696
0.0,0.0,0.0,-0.030645150691270828,-0.019607365131378174,0.003787510097026825,-0.03278737887740135,-0.04612041637301445,0.03843110520392656,-0.033078234642744064,-0.07157579623162746,0.06754265911877155,-0.033365774899721146,-0.08419563435018063,0.08857470564544201,-0.025673027150332928,-0.08865689358208328,0.03245553933084011,-0.03262912482023239,-0.11871843412518501,0.04055554512888193,-0.037718938663601875,-0.14865637943148613,0.03910785727202892,-0.044417232275009155,-0.17466414719820023,0.027628528652712703,-0.013895932119339705,-0.08939506718888879,0.031248532235622406,-0.02464098297059536,-0.10461334139108658,0.05475829727947712,-0.0310361310839653,-0.09209816483780742,0.05777514725923538,-0.03147532977163792,-0.08962985221296549,0.050412265583872795,-0.002122931182384491,-0.08946297992952168,0.03074365685461089,-0.013704767683520913,-0.08679881165153347,0.05496899411082268,-0.015288251684978604,-0.07583017461001873,0.0632894691079855,-0.012252051616087556,-0.07299671601504087,0.055883681401610374,-0.0019322913140058517,-0.06825186125934124,0.03168539598118514,-0.007730837445706129,-0.07156152836978436,0.04712051339447498,-0.009552199393510818,-0.07125198468565941,0.05915781296789646,-0.007392289582639933,-0.06430880539119244,0.04649411700665951
0.0,0.0,0.0,-0.03094068355858326,-0.01930970698595047,0.0044142864644527435,-0.03284164145588875,-0.045205820351839066,0.03899809438735247,-0.03167429193854332,-0.06981282867491245,0.06630406714975834,-0.03249925374984741,-0.08253558957949281,0.08725724928081036,-0.02542023826390505,-0.08622645353898406,0.03016474097967148,-0.03307141549885273,-0.11672162637114525,0.03874783776700497,-0.037348922342061996,-0.1467306837439537,0.03866470791399479,-0.044196197763085365,-0.17242374271154404,0.028712959785480052,-0.013649557367898524,-0.08675050106830895,0.02844115492189303,-0.024777987971901894,-0.10277002118527889,0.052645888179540634,-0.03128029592335224,-0.09073968324810266,0.057387327775359154,-0.03289051540195942,-0.08797406498342752,0.050265224650502205,-0.0029341448098421097,-0.08824020298197865,0.028553314332384616,-0.014179905410856009,-0.08554555277805775,0.05298591963946819,-0.016286147758364677,-0.07458182610571384,0.0620917659252882,-0.012609710916876793,-0.07203665655106306,0.05546431988477707,-0.0033854562789201736,-0.06752980127930641,0.029844777774997056,-0.007709921337664127,-0.07121703214943409,0.04457372799515724,-0.010349526070058346,-0.0711436178535223,0.057460034266114235,-0.007252436131238937,-0.06437145173549652,0.04611457511782646
0.0,0.0,0.0,-0.03145981952548027,-0.01988108456134796,0.0029030703008174896,-0.03344695456326008,-0.04606415703892708,0.0362714733928442,-0.03363795205950737,-0.07180041819810867,0.06223936751484871,-0.034665852785110474,-0.08402793807908893,0.08120614662766457,-0.026251861825585365,-0.08854243159294128,0.028826694004237652,-0.03518857806921005,-0.11974244564771652,0.037154181860387325,-0.03937392309308052,-0.14964033663272858,0.037667338736355305,-0.046668972820043564,-0.17459191381931305,0.02717587639199337,-0.014373522833921015,-0.0892968075349927,0.02770169184077531,-0.026147893629968166,-0.10709148645401001,0.05295784957706928,-0.03254366107285023,-0.0946716908365488,0.05789048224687576,-0.03363580256700516,-0.0909637464210391,0.0514261182397604,-0.0036466792225837708,-0.09076796472072601,0.028197126812301576,-0.01541594578884542,-0.0891299198847264,0.052714912220835686,-0.017588629387319088,-0.07672787737101316,0.06273391097784042,-0.013169064652174711,-0.07330292370170355,0.05697327293455601,-0.004375039599835873,-0.0699274092912674,0.029427368426695466,-0.009121497627347708,-0.07393950689584017,0.043958134949207306,-0.012307522352784872,-0.07275753188878298,0.055391546338796616,-0.008848335593938828,-0.06539963185787201,0.04279986210167408
0.0,0.0,0.0,-0.03317900188267231,-0.020662367343902588,0.00022024661302566528,-0.03374473936855793,-0.046282630413770676,0.0363578861579299,-0.03408090956509113,-0.07171663455665112,0.0606811847537756,-0.03656245768070221,-0.0837204959243536,0.08153618313372135,-0.027067363262176514,-0.08975918602664024,0.02781623916234821,-0.03733923099935055,-0.12159702181816101,0.036370158195495605,-0.03963535465300083,-0.15156546235084534,0.03541704826056957,-0.048159679397940636,-0.17449693381786346,0.02376850601285696,-0.015098715433850884,-0.08984638238325715,0.02584338071756065,-0.027290811762213707,-0.10772813484072685,0.053214821964502335,-0.034337881952524185,-0.0946671087294817,0.056593453511595726,-0.03687850199639797,-0.09141951613128185,0.04765293933451176,-0.00585322268307209,-0.09277945896610618,0.028276139637455344,-0.017649078741669655,-0.08867374356486835,0.051767945289611816,-0.020812546834349632,-0.0763106420636177,0.06198208965361118,-0.015190196689218283,-0.07494456227868795,0.05386336334049702,-0.008988037705421448,-0.07000073604285717,0.028961863601580262,-0.011750456877052784,-0.07325878739356995,0.043320802971720695,-0.016011452535167336,-0.07343765161931515,0.05388334020972252,-0.01119587803259492,-0.06607800163328648,0.03888863977044821
0.0,0.0,0.0,-0.033006928861141205,-0.021387994289398193,-0.000171734020113945,-0.03367416746914387,-0.04619040712714195,0.03501462936401367,-0.03402755968272686,-0.07087147794663906,0.05657780542969704,-0.03610605373978615,-0.08245952427387238,0.07527763023972511,-0.02646702714264393,-0.09006643074098974,0.024810659233480692,-0.03665153309702873,-0.12150634452700615,0.03280353080481291,-0.03883412480354309,-0.15104224532842636,0.030753455124795437,-0.04795451648533344,-0.173272006213665,0.017954967450350523,-0.01479533122619614,-0.08973389910534024,0.022273959824815392,-0.026532948948442936,-0.10674139857292175,0.049042096361517906,-0.03360748291015625,-0.09378871973603964,0.052013928070664406,-0.03581997565925121,-0.09173492016270757,0.04357723519206047,-0.005678360350430012,-0.09298086352646351,0.024825311731547117,-0.017243252601474524,-0.08798201091121882,0.04676855355501175,-0.020963263232260942,-0.07564406376332045,0.056679874658584595,-0.014832452172413468,-0.07515347562730312,0.04845074564218521,-0.009694308508187532,-0.06956622190773487,0.024801327264867723,-0.011730074184015393,-0.07213976979255676,0.03868390619754791,-0.015918652759864926,-0.0728275990113616,0.048735395073890686,-0.010368048213422298,-0.06614405289292336,0.03302751760929823
0.0,0.0,0.0,-0.0328045729547739,-0.02079257369041443,0.0008797869086265564,-0.03413202613592148,-0.04599447548389435,0.03594932332634926,-0.034145288169384,-0.07075558044016361,0.059222759678959846,-0.03396902047097683,-0.08117554988712072,0.07857036031782627,-0.026592452079057693,-0.08934264874551445,0.02703921962529421,-0.03604891709983349,-0.12037892639636993,0.03519194293767214,-0.03856562450528145,-0.1499004177749157,0.03373746108263731,-0.04732402041554451,-0.1731853410601616,0.02051802258938551,-0.014881293813232332,-0.08953707327600569,0.02517510240431875,-0.026913383975625038,-0.10590224899351597,0.05118887685239315,-0.03313162364065647,-0.09281895775347948,0.05399511195719242,-0.034564463421702385,-0.09008229966275394,0.045699216425418854,-0.0051370589062571526,-0.09219518676400185,0.02668931317748502,-0.017196376342326403,-0.08748538338113576,0.0495678149163723,-0.0202122968621552,-0.07522853463888168,0.05888480134308338,-0.01454096008092165,-0.07356174290180206,0.05036073923110962,-0.008336902130395174,-0.06964012049138546,0.027291515027172863,-0.011546102352440357,-0.07255034241825342,0.04175516776740551,-0.015494941035285592,-0.0730655686929822,0.051862338557839394,-0.010341100860387087,-0.06609525717794895,0.03578146919608116
0.0,0.0,0.0,-0.028143079951405525,-0.02418871968984604,-0.012300823582336307,-0.026317043229937553,-0.04795580357313156,0.01575065334327519,-0.0256338007748127,-0.06819198094308376,0.0278779708314687,-0.024853520095348358,-0.07329583540558815,0.039957839297130704,-0.015022548381239176,-0.08504390367306769,-0.0021497339475899935,-0.024089965969324112,-0.11552049964666367,0.0025156382616842166,-0.024519138038158417,-0.14591702073812485,-0.0046537809539586306,-0.03145938366651535,-0.16917356848716736,-0.022599157644435763,-0.009808146045543253,-0.0843315371312201,0.0012756757205352187,-0.023993884213268757,-0.09922209195792675,0.020446398528292775,-0.03306827135384083,-0.08467952720820904,0.015364692779257894,-0.031577832996845245,-0.08051219256594777,0.002297252882272005,-0.005445422604680061,-0.08599574957042933,0.007519033504649997,-0.020628061145544052,-0.07998655550181866,0.023166147293522954,-0.02459618728607893,-0.06851515360176563,0.02542048250325024,-0.020361514762043953,-0.06387748941779137,0.013087858678773046,-0.015314634889364243,-0.06494502164423466,0.01590377395041287,-0.020069289952516556,-0.06469426304101944,0.02438044478185475,-0.022815187461674213,-0.0664765015244484,0.026978972600772977,-0.02062772773206234,-0.05919383466243744,0.004053250304423273
0.0,0.0,0.0,-0.02689981833100319,-0.022684752941131592,-0.012840814772062004,-0.02537976484745741,-0.04551005735993385,0.012237872113473713,-0.025724444538354874,-0.06498798727989197,0.02464940689969808,-0.026113569736480713,-0.07150823716074228,0.033638467197306454,-0.01563977263867855,-0.08240318245952949,-0.005904218531213701,-0.027158470824360847,-0.111689742654562,-0.0019304584711790085,-0.02892644703388214,-0.14284920319914818,-0.007725604227744043,-0.03494676575064659,-0.167636476457119,-0.023492094944231212,-0.013192197366151959,-0.0832218654686585,-0.002692252804990858,-0.02883773483335972,-0.09741269797086716,0.014790271525271237,-0.0361897349357605,-0.0816270112991333,0.011154134874232113,-0.03354678861796856,-0.07772795157507062,0.0016528760315850377,-0.009953348897397518,-0.0862530181184411,0.0028217380167916417,-0.02559463307261467,-0.08036243729293346,0.01749000803101808,-0.028122080489993095,-0.06794828362762928,0.020798436482436955,-0.022725356742739677,-0.06142759881913662,0.009814602439291775,-0.019055555574595928,-0.06714110169559717,0.011597393197007477,-0.025036338716745377,-0.06692985072731972,0.01853358664084226,-0.02606613840907812,-0.06686982605606318,0.01998014294076711,-0.024434108287096024,-0.05836288630962372,-0.0019235086801927537
0.0,0.0,0.0,-0.028733152896165848,-0.024371955543756485,-0.012791504384949803,-0.026609222404658794,-0.047505903989076614,0.01615390437655151,-0.026114558801054955,-0.06845342367887497,0.026967366924509406,-0.02510134130716324,-0.07408015988767147,0.040151111548766494,-0.016253020148724318,-0.08684259350411594,-0.0014343217480927706,-0.026131941936910152,-0.11740335449576378,0.003447105293162167,-0.026580244302749634,-0.14811179041862488,-0.002833424834534526,-0.034590212628245354,-0.16984939575195312,-0.021106394240632653,-0.010829595907125622,-0.08564691210631281,0.0006979354657232761,-0.024618386290967464,-0.10022367909550667,0.020294284215196967,-0.032516052946448326,-0.08481713710352778,0.013998443959280849,-0.03145208582282066,-0.0808767955750227,0.0016979486681520939,-0.006766584701836109,-0.08835207391530275,0.007225740468129516,-0.020312003791332245,-0.08200676180422306,0.02166790491901338,-0.024132350459694862,-0.0694761797785759,0.02348542376421392,-0.0189911937341094,-0.06566397659480572,0.00952305761165917,-0.016775443218648434,-0.06608818098902702,0.014344688272103667,-0.02001247927546501,-0.06585237942636013,0.02224837034009397,-0.02255130745470524,-0.06823643669486046,0.024007932981476188,-0.019948754459619522,-0.060914088040590286,0.0008171298541128635
0.0,0.0,0.0,-0.015235021710395813,-0.03541254252195358,-0.00449979305267334,-0.003845885396003723,-0.06655490957200527,0.0030399002134799957,0.020718511193990707,-0.09302219282835722,0.006351090967655182,0.04288160800933838,-0.0973404934629798,0.0018563978374004364,0.009360315278172493,-0.10184085182845592,-0.03793855871481355,0.019804291427135468,-0.134768046438694,-0.03512443206273019,0.022421300411224365,-0.16445010900497437,-0.023174104280769825,0.021353378891944885,-0.18974569439888,-0.015598872676491737,0.03496445156633854,-0.08973055891692638,-0.04147832631133497,0.050272789783775806,-0.11058620736002922,-0.02223803661763668,0.0425033294595778,-0.10272935405373573,0.006628144532442093,0.02907115686684847,-0.09249154850840569,0.031930699944496155,0.056421734392642975,-0.07332131639122963,-0.037787990033393726,0.06399581953883171,-0.08670648746192455,-0.011390265077352524,0.05540231429040432,-0.07925788266584277,0.013499107211828232,0.04559733346104622,-0.06574482843279839,0.030310899019241333,0.06699841655790806,-0.054406844079494476,-0.024363450706005096,0.07337567955255508,-0.06895576044917107,-0.008475514128804207,0.06995633617043495,-0.06707421503961086,0.013628091663122177,0.05926666036248207,-0.05666091665625572,0.01868671551346779
0.0,0.0,0.0,-0.028987162746489048,-0.023573696613311768,-0.010224052239209414,-0.02674048487097025,-0.04612613841891289,0.02015405287966132,-0.02712312713265419,-0.06622054800391197,0.030616344418376684,-0.02760015707463026,-0.0747038060799241,0.042144383769482374,-0.017875167774036527,-0.08642160845920444,0.002540846820920706,-0.031157653778791428,-0.11737237498164177,0.008856226690113544,-0.031131425872445107,-0.1474681943655014,0.0035423038352746516,-0.039998771622776985,-0.1676562801003456,-0.015065618325024843,-0.014170103590004146,-0.08463142154505476,0.0008741712663322687,-0.028351126238703728,-0.10011751390993595,0.02308655297383666,-0.03506793826818466,-0.08201434276998043,0.01915212208405137,-0.034141235053539276,-0.07752540335059166,0.008577735628932714,-0.012118553277105093,-0.08959288103505969,0.006176722934469581,-0.02511950396001339,-0.08133962657302618,0.01934790564700961,-0.028668401762843132,-0.0667229276150465,0.024350868072360754,-0.01994363171979785,-0.06283492408692837,0.012643953319638968,-0.022496997378766537,-0.06698698550462723,0.009731950238347054,-0.024076908826828003,-0.0664951242506504,0.017747579608112574,-0.026205910369753838,-0.06842910312116146,0.02116993209347129,-0.021138274110853672,-0.05927824787795544,-0.0018590670078992844
0.0,0.0,0.0,-0.02845127508044243,-0.022697169333696365,-0.008985943626612425,-0.02674379851669073,-0.044787656515836716,0.022175221238285303,-0.0274343965575099,-0.06398368254303932,0.034433616790920496,-0.028122286312282085,-0.07266868650913239,0.04763347702100873,-0.01814251602627337,-0.08459617337211967,0.005550251837121323,-0.03165547735989094,-0.11489389836788177,0.011758568231016397,-0.031931787729263306,-0.1442343406379223,0.004829489509575069,-0.04138507694005966,-0.16467364877462387,-0.016738987993448973,-0.014880553935654461,-0.08310972462641075,0.0034244759008288383,-0.029932400211691856,-0.09716827981173992,0.024467448238283396,-0.036571186035871506,-0.0784601210616529,0.01830698410049081,-0.035496944561600685,-0.07448273990303278,0.004853959195315838,-0.013293103547766805,-0.08801893098279834,0.007820636732503772,-0.02668443415313959,-0.07858076225966215,0.020091079641133547,-0.030139369890093803,-0.06455710902810097,0.02267394820228219,-0.020908242091536522,-0.06054984591901302,0.009028540924191475,-0.023827792145311832,-0.06562137603759766,0.011185797397047281,-0.02594464272260666,-0.06408891454339027,0.01866954332217574,-0.02793276123702526,-0.06551472470164299,0.020624293480068445,-0.0220225783996284,-0.05687994137406349,-0.0032939440570771694
0.0,0.0,0.0,-0.026593520306050777,-0.02280266210436821,-0.008779090829193592,-0.02436528354883194,-0.0455026738345623,0.02171890251338482,-0.02373851090669632,-0.0628733579069376,0.034262463450431824,-0.023498548194766045,-0.06944203190505505,0.046101413667201996,-0.014721108716912568,-0.08288500877097249,0.003269542125053704,-0.027137392200529575,-0.11127092503011227,0.008174893446266651,-0.027395542711019516,-0.1404494345188141,0.0013742486480623484,-0.03598800674080849,-0.16229544579982758,-0.01950320601463318,-0.012803005054593086,-0.08084280311595649,0.0023387717083096504,-0.026165778748691082,-0.09392794035375118,0.022342577576637268,-0.03392629139125347,-0.07716785185039043,0.015409877523779869,-0.03320125490427017,-0.07353351730853319,0.0010541677474975586,-0.011360437609255314,-0.08474531630054116,0.00742927729152143,-0.02487514726817608,-0.0758399204351008,0.01966765895485878,-0.02790048159658909,-0.06297875382006168,0.019976594485342503,-0.021170251071453094,-0.059092624112963676,0.0064349755411967635,-0.022521905601024628,-0.06345212832093239,0.011996762361377478,-0.024844877421855927,-0.061214249581098557,0.019241614267230034,-0.02640431374311447,-0.06285055167973042,0.021627159789204597,-0.022174745798110962,-0.05517270602285862,-0.004299279302358627
0.0,0.0,0.0,-0.028404326178133488,-0.020747292786836624,-0.0033004935830831528,-0.02864932920783758,-0.04404166713356972,0.030136101879179478,-0.029132314026355743,-0.06241578608751297,0.04611387476325035,-0.03109776135534048,-0.07060096878558397,0.06180861033499241,-0.022228902205824852,-0.08432022074703127,0.01680396357551217,-0.03625229746103287,-0.11198743805289268,0.022631019353866577,-0.03830423578619957,-0.14088214188814163,0.01793869456741959,-0.046606555581092834,-0.16338562965393066,0.001136397011578083,-0.01755218009930104,-0.08381859655492008,0.014680986292660236,-0.031655107624828815,-0.0966015225276351,0.03625178523361683,-0.03827785886824131,-0.08096763910725713,0.03302524611353874,-0.03799757733941078,-0.07803739653900266,0.022509293630719185,-0.014198200777173042,-0.08709842851385474,0.017699299030937254,-0.027561593800783157,-0.07809595996513963,0.03223101422190666,-0.02928550634533167,-0.06368112564086914,0.036399997770786285,-0.02292174333706498,-0.06134744919836521,0.026258159428834915,-0.02225236315280199,-0.06555480696260929,0.019338016863912344,-0.02449569245800376,-0.06378285214304924,0.02742780651897192,-0.026493363082408905,-0.06337472796440125,0.032854266464710236,-0.022078647278249264,-0.056738561019301414,0.010976228397339582
0.0,0.0,0.0,-0.029900251887738705,-0.020195454359054565,0.001588471233844757,-0.030924346297979355,-0.04592924192547798,0.035152288153767586,-0.032375868409872055,-0.06891918554902077,0.059699175879359245,-0.03624365292489529,-0.0792446262203157,0.07682774029672146,-0.026371772401034832,-0.08729842468164861,0.025669989350717515,-0.03819820284843445,-0.11597497016191483,0.03218448348343372,-0.04315029829740524,-0.14637551829218864,0.030667019076645374,-0.05059698224067688,-0.17150849103927612,0.017940198071300983,-0.017711548949591815,-0.08839874609839171,0.024376073270104825,-0.030997236259281635,-0.10325590893626213,0.050249069929122925,-0.037001168355345726,-0.09117496386170387,0.0529849398881197,-0.037642065435647964,-0.08950493298470974,0.044177474454045296,-0.010259180329740047,-0.09024758823215961,0.026436785352416337,-0.0229004742577672,-0.08580830891150981,0.04968706704676151,-0.02357429452240467,-0.07349140755832195,0.05829857476055622,-0.018656841479241848,-0.07159822434186935,0.05016063526272774,-0.013696302194148302,-0.06921316310763359,0.02851529000326991,-0.017211472615599632,-0.07101710885763168,0.042720282450318336,-0.01869739789981395,-0.07011712715029716,0.0531806405633688,-0.015248898416757584,-0.06378616392612457,0.037185211665928364
0.0,0.0,0.0,-0.030147678218781948,-0.020856164395809174,0.0042913518846035,-0.03073667734861374,-0.04606420546770096,0.04124751593917608,-0.03233590256422758,-0.06879825703799725,0.06889511086046696,-0.035559386014938354,-0.08083659503608942,0.09014890901744366,-0.027739682234823704,-0.08692234707996249,0.03147120145149529,-0.039951737970113754,-0.11731666326522827,0.03937147185206413,-0.044194238260388374,-0.1482006162405014,0.03938122559338808,-0.05037287622690201,-0.17266881465911865,0.028361476899590343,-0.018263127538375556,-0.088575933361426,0.028151886770501733,-0.030871822498738766,-0.10450700670480728,0.05296199955046177,-0.036533236503601074,-0.09195839846506715,0.05594645068049431,-0.03656516596674919,-0.08995944634079933,0.04942271672189236,-0.009044002741575241,-0.09089759876951575,0.02812793815974146,-0.021877173334360123,-0.08748242107685655,0.0498373806476593,-0.021788607351481915,-0.07436779048293829,0.05894780345261097,-0.015079431468620896,-0.07307199388742447,0.05207429826259613,-0.011625830084085464,-0.07043439522385597,0.02690506656654179,-0.015460118651390076,-0.07313346024602652,0.04046586528420448,-0.016659383894875646,-0.07144129369407892,0.050928257405757904,-0.011465910356491804,-0.06590179167687893,0.03592707682400942
0.0,0.0,0.0,-0.031166953966021538,-0.02143586426973343,0.0019060652703046799,-0.030805851332843304,-0.04579780623316765,0.03779828920960426,-0.0325454194098711,-0.068666135892272,0.06317359209060669,-0.03527872823178768,-0.08027581498026848,0.08219200000166893,-0.027413465082645416,-0.08777047833427787,0.027674041222780943,-0.03829842992126942,-0.118577491492033,0.03596745617687702,-0.04064721241593361,-0.15003590285778046,0.03655686788260937,-0.04612909257411957,-0.17426470667123795,0.027487414656206965,-0.017477539367973804,-0.08955773105844855,0.024572797818109393,-0.029208781197667122,-0.10534505732357502,0.050565192475914955,-0.034744324162602425,-0.09275891538709402,0.05406419560313225,-0.03551647253334522,-0.09104855614714324,0.04789111018180847,-0.008484682068228722,-0.0928248493000865,0.025721179088577628,-0.020830790046602488,-0.0878634633263573,0.04668712988495827,-0.02166321175172925,-0.07426341995596886,0.057019103318452835,-0.014258954441174865,-0.07263137679547071,0.05114148184657097,-0.011785038746893406,-0.07211808674037457,0.024526453227736056,-0.014582697069272399,-0.07357138954102993,0.03794198855757713,-0.016470577102154493,-0.07189827226102352,0.048355937004089355,-0.010700425133109093,-0.06540904566645622,0.03378282766789198
0.0,0.0,0.0,-0.029599983245134354,-0.02083638310432434,0.003634961321949959,-0.030636977404356003,-0.04478504881262779,0.04170570522546768,-0.032670147716999054,-0.06643940880894661,0.06894613429903984,-0.03595719300210476,-0.07775337528437376,0.08998217806220055,-0.02698721457272768,-0.08504794677719474,0.0327051670756191,-0.03835108131170273,-0.11448953673243523,0.04066291078925133,-0.04139263927936554,-0.14570170268416405,0.04038013517856598,-0.046420348808169365,-0.17105742543935776,0.028702048410195857,-0.018086811061948538,-0.08697497041430324,0.029099283845425816,-0.031155508011579514,-0.10150839760899544,0.05450906790792942,-0.03689827583730221,-0.08917551836930215,0.05513649247586727,-0.037570951506495476,-0.08841492049396038,0.04582232981920242,-0.009961782488971949,-0.0897437441162765,0.029308679775567725,-0.02327766129747033,-0.08454728091601282,0.05106407031416893,-0.023530369624495506,-0.07121371570974588,0.059291940182447433,-0.016705042915418744,-0.07082913164049387,0.050243932753801346,-0.013516724342480302,-0.06904702447354794,0.028054186957888305,-0.017247622832655907,-0.07051740027964115,0.04187554772943258,-0.01894862507469952,-0.06904717721045017,0.05226314254105091,-0.013661815319210291,-0.06281998381018639,0.035949272103607655
0.0,0.0,0.0,-0.03249751403927803,-0.021235011518001556,0.00040796399116516113,-0.0326102077960968,-0.04484760761260986,0.03811015374958515,-0.034596292302012444,-0.06733124703168869,0.06156494840979576,-0.03815595246851444,-0.07870513154193759,0.08290116488933563,-0.027465511113405228,-0.08705140231177211,0.030005867360159755,-0.038343481719493866,-0.1177109070122242,0.03918523993343115,-0.03945372812449932,-0.14873173087835312,0.037660001777112484,-0.04605307802557945,-0.1722412258386612,0.024745122995227575,-0.016238568729022518,-0.08775431383401155,0.02660189149901271,-0.029185532592236996,-0.10235028527677059,0.05401579849421978,-0.036143675446510315,-0.08827497251331806,0.05429854057729244,-0.03896675445139408,-0.08642925415188074,0.044089920818805695,-0.007558575831353664,-0.09136929456144571,0.029100516345351934,-0.02069038199260831,-0.08424654696136713,0.0498907882720232,-0.023277930915355682,-0.06963463500142097,0.05864339880645275,-0.01630838681012392,-0.0697055421769619,0.04849560372531414,-0.012351530604064465,-0.06856979988515377,0.027564357093069702,-0.014630154706537724,-0.06974711269140244,0.04112860932946205,-0.018152256030589342,-0.06883106753230095,0.04976559057831764,-0.012283593881875277,-0.06208706647157669,0.03280268330127001
0.0,0.0,0.0,-0.03464744985103607,-0.02214542031288147,-0.0021673161536455154,-0.03514933027327061,-0.04584796354174614,0.033497623167932034,-0.036395393311977386,-0.07009896263480186,0.05320393852889538,-0.03871339373290539,-0.0812798161059618,0.07240916229784489,-0.029400920495390892,-0.0914570209570229,0.025438875483814627,-0.04046574793756008,-0.12314443290233612,0.034560712054371834,-0.03968258947134018,-0.15427326411008835,0.03329434711486101,-0.04741513915359974,-0.17610877007246017,0.02009145962074399,-0.016600037430180237,-0.09149890462867916,0.022759813582524657,-0.028341172263026237,-0.10721485316753387,0.052129898220300674,-0.03514280542731285,-0.09215058758854866,0.05489792674779892,-0.03793009743094444,-0.0889550014398992,0.04802880249917507,-0.007089005783200264,-0.09556219866499305,0.026440632296726108,-0.018615744076669216,-0.08813042740803212,0.04777851514518261,-0.022733621299266815,-0.07258466072380543,0.05895189009606838,-0.015884270425885916,-0.07217374071478844,0.050781991332769394,-0.011444200295954943,-0.07117029465734959,0.025788626400753856,-0.012365610338747501,-0.07316998951137066,0.038904485292732716,-0.017065811436623335,-0.07229811511933804,0.0468992255628109,-0.01094488613307476,-0.06436801329255104,0.02984501514583826
0.0,0.0,0.0,-0.014180157333612442,-0.035479314625263214,-0.0033556781709194183,-0.003501385450363159,-0.06730757094919682,0.005631580948829651,0.020472291857004166,-0.09397979732602835,0.010471764951944351,0.042124871630221605,-0.09957542177289724,0.007886752486228943,0.010482599958777428,-0.10308920033276081,-0.03612001275178045,0.02038789540529251,-0.13596723601222038,-0.03354856395162642,0.022602662444114685,-0.16565169394016266,-0.02150716632604599,0.022151127457618713,-0.19195303320884705,-0.015442607924342155,0.03560748463496566,-0.0909347552806139,-0.040054842364043,0.051491815596818924,-0.11111866123974323,-0.020685864612460136,0.04346283245831728,-0.10352205298841,0.008291281759738922,0.030560290440917015,-0.09192105242982507,0.03398372232913971,0.05701752379536629,-0.07399856764823198,-0.03713089015218429,0.06493917107582092,-0.08764646202325821,-0.009953655302524567,0.05593094415962696,-0.07978095766156912,0.014633793383836746,0.046366327442228794,-0.06659101881086826,0.030857063829898834,0.06690696626901627,-0.05500803515315056,-0.024545407854020596,0.07360789179801941,-0.06967054679989815,-0.008234409615397453,0.07093259692192078,-0.06799039989709854,0.014359064400196075,0.059667445719242096,-0.05757223442196846,0.019426215440034866
0.0,0.0,0.0,-0.03258505370467901,-0.018373694270849228,0.0005411077290773392,-0.03357293736189604,-0.03950602188706398,0.035453652031719685,-0.03629637695848942,-0.057763317599892616,0.052985094487667084,-0.03899608924984932,-0.06326804030686617,0.07024320401251316,-0.030743682757019997,-0.07748066971544176,0.02827465842710808,-0.04321903549134731,-0.1013596598058939,0.034218857530504465,-0.04600309953093529,-0.12989400327205658,0.03086340776644647,-0.052718283608555794,-0.15478117763996124,0.013014404103159904,-0.02155059890355915,-0.07766940398141742,0.02734075515763834,-0.03847059980034828,-0.0850540092214942,0.05186188034713268,-0.04347624070942402,-0.07343108090572059,0.04976429603993893,-0.04452619329094887,-0.07395358267240226,0.03424006886780262,-0.0157677186653018,-0.08035838138312101,0.03006561938673258,-0.030421162955462933,-0.06951731396839023,0.05100810341536999,-0.030446278862655163,-0.05755291320383549,0.05512712150812149,-0.02412342675961554,-0.05926541984081268,0.043699461966753006,-0.0196374065708369,-0.05909498780965805,0.03004685463383794,-0.024249053094536066,-0.0584261380136013,0.04398149624466896,-0.02651652740314603,-0.05641656927764416,0.049890900030732155,-0.020931958686560392,-0.05184161849319935,0.030600147787481546
0.0,0.0,0.0,-0.03489532507956028,-0.022299952805042267,-0.003868676722049713,-0.0345277413725853,-0.04614265635609627,0.03220896236598492,-0.03524618223309517,-0.0694811400026083,0.045597607269883156,-0.03810138627886772,-0.07951921597123146,0.06294299848377705,-0.029324505478143692,-0.09183604898862541,0.02083552447584225,-0.04155392572283745,-0.12175912037491798,0.028829487040638924,-0.03949393145740032,-0.15158113092184067,0.02660609781742096,-0.046988558024168015,-0.17347438633441925,0.012768702581524849,-0.018775377597194165,-0.09005080675706267,0.018141665728762746,-0.03113660402595997,-0.10549889318645,0.045666998252272606,-0.03860257752239704,-0.08951475052163005,0.04532483406364918,-0.04171878844499588,-0.08718697633594275,0.035222021862864494,-0.012208005413413048,-0.09429311845451593,0.022611058549955487,-0.02326143952086568,-0.0858144429512322,0.041552284732460976,-0.027344029396772385,-0.07115001045167446,0.049810703843832016,-0.020459530409425497,-0.07229717820882797,0.038766173645853996,-0.017928312998265028,-0.06849762797355652,0.02256237913388759,-0.018329205457121134,-0.07010240666568279,0.03349441383033991,-0.02360835997387767,-0.07085800729691982,0.040456123650074005,-0.017710883170366287,-0.06380784139037132,0.020818858552956954
0.0,0.0,0.0,-0.03385857678949833,-0.020737893879413605,-0.004118368029594421,-0.03527747467160225,-0.04701653867959976,0.026085108518600464,-0.03596987761557102,-0.07240517064929008,0.041772544384002686,-0.03905627317726612,-0.08269731653854251,0.05802813544869423,-0.029565857723355293,-0.09196769259870052,0.017713310313411057,-0.04103713482618332,-0.12310773134231567,0.025736066978424788,-0.04110337421298027,-0.15378838032484055,0.025522136129438877,-0.04733859375119209,-0.17857961356639862,0.011382917873561382,-0.017864003457361832,-0.09197848383337259,0.018103090347722173,-0.03135060332715511,-0.10737260431051254,0.04466859996318817,-0.03772984445095062,-0.09118436370044947,0.04889327101409435,-0.03856382891535759,-0.08445545565336943,0.04256473667919636,-0.008994036354124546,-0.09560270234942436,0.022441280772909522,-0.02099257055670023,-0.08969056879868731,0.04391945339739323,-0.024963296484202147,-0.07371573708951473,0.05406241491436958,-0.01872398448176682,-0.07075843028724194,0.047415971755981445,-0.01146599929779768,-0.07231730222702026,0.025376249104738235,-0.015163322677835822,-0.07538626063615084,0.036636026576161385,-0.019891579635441303,-0.07368898577988148,0.04202175699174404,-0.015152398496866226,-0.0634364727884531,0.025150626432150602
0.0,0.0,0.0,-0.031640585511922836,-0.018849864602088928,0.0002917889505624771,-0.033467307686805725,-0.04440748319029808,0.030364369973540306,-0.034351175650954247,-0.06758750230073929,0.04961381293833256,-0.036752911284565926,-0.07761079398915172,0.0633747037500143,-0.026913574896752834,-0.08522048126906157,0.024072595173493028,-0.036160869523882866,-0.11276187747716904,0.030091744381934404,-0.03815632313489914,-0.14299197122454643,0.030543875880539417,-0.04161473549902439,-0.17214352637529373,0.019008337054401636,-0.01684746064711362,-0.08536525722593069,0.0239881954039447,-0.030764480121433735,-0.09928727522492409,0.04743209667503834,-0.036620067432522774,-0.0861627352423966,0.049603722989559174,-0.036956196650862694,-0.08406440494582057,0.04057006910443306,-0.007962057366967201,-0.08713617781177163,0.02484297438059002,-0.020883020013570786,-0.0817111732903868,0.048660844564437866,-0.022493453696370125,-0.06950405705720186,0.056692762300372124,-0.018843360478058457,-0.06691074185073376,0.04937708377838135,-0.008426791056990623,-0.06598908081650734,0.027951513417065144,-0.01526941079646349,-0.06767061538994312,0.0411171019077301,-0.018024525605142117,-0.06743152253329754,0.0502909105271101,-0.01566737238317728,-0.05858864635229111,0.036425841972231865
0.0,0.0,0.0,-0.03133689798414707,-0.01998469978570938,-0.0006186068058013916,-0.03274894878268242,-0.045229531824588776,0.029301050119102,-0.03338616155087948,-0.06812801025807858,0.0458779688924551,-0.036081116646528244,-0.078005307354033,0.0585109181702137,-0.026618090458214283,-0.08703215513378382,0.020238596305716783,-0.035963406786322594,-0.1155426949262619,0.025580781511962414,-0.03851484693586826,-0.14530602097511292,0.02518963674083352,-0.04315161518752575,-0.17297282069921494,0.01344603719189763,-0.016914816456846893,-0.08662726962938905,0.02004706411389634,-0.029696837067604065,-0.10181856527924538,0.04219089075922966,-0.03656029887497425,-0.08914505783468485,0.04338041692972183,-0.0375569686293602,-0.08766076620668173,0.034090195782482624,-0.008721960708498955,-0.08850093116052449,0.02153995749540627,-0.020163007080554962,-0.08440701401559636,0.04381753131747246,-0.022356733679771423,-0.0730697326362133,0.05092856474220753,-0.019231132697314024,-0.07097125984728336,0.04257080517709255,-0.010420692153275013,-0.06649170815944672,0.02484411559998989,-0.01581177138723433,-0.06808704510331154,0.03718237765133381,-0.018880550283938646,-0.06899617426097393,0.046517789363861084,-0.016202818602323532,-0.06168284825980663,0.03185650706291199
0.0,0.0,0.0,-0.03410281799733639,-0.021010488271713257,-0.002996707335114479,-0.03502015769481659,-0.04585152491927147,0.029934770427644253,-0.035048436373472214,-0.06956147402524948,0.04557812213897705,-0.03788185305893421,-0.07958632940426469,0.0627481322735548,-0.02884899079799652,-0.08861087169498205,0.019124057405861095,-0.038876183331012726,-0.11793294921517372,0.025220725685358047,-0.03992452844977379,-0.14786456525325775,0.023821839597076178,-0.04600287042558193,-0.17332818359136581,0.0108701316639781,-0.018472927913535386,-0.08804833854082972,0.018193657277151942,-0.03218073584139347,-0.10233024694025517,0.041009826585650444,-0.038953887298703194,-0.08839738019742072,0.03930317983031273,-0.041195377707481384,-0.08686047047376633,0.026838216930627823,-0.010804631747305393,-0.09090444818139076,0.021511138416826725,-0.022622517310082912,-0.08392985351383686,0.041411880403757095,-0.02543622814118862,-0.07262328173965216,0.046983733773231506,-0.020739275496453047,-0.07223006244748831,0.035263463854789734,-0.013261488638818264,-0.06717633455991745,0.024448332842439413,-0.017804458970203996,-0.0686021950095892,0.03519277647137642,-0.02171810483559966,-0.06995400972664356,0.042999688535928726,-0.018070850986987352,-0.06337443739175797,0.02499165153130889
0.0,0.0,0.0,-0.0348292775452137,-0.01969808340072632,-0.005073362961411476,-0.03546389564871788,-0.04358820989727974,0.025829611346125603,-0.03559545613825321,-0.06568559259176254,0.03927448205649853,-0.039169976487755775,-0.07425089925527573,0.05452609620988369,-0.029471103101968765,-0.08504323416855186,0.015639002493117005,-0.04082326218485832,-0.11257091350853443,0.02090561157092452,-0.04208310507237911,-0.14161201566457748,0.01846392173320055,-0.048615580424666405,-0.16760221868753433,0.0027844002470374107,-0.01961668682633899,-0.08446888555772603,0.01548734522657469,-0.03481962997466326,-0.09627087786793709,0.03620896115899086,-0.04153403267264366,-0.08179224515333772,0.034131355583667755,-0.04304862022399902,-0.08007504139095545,0.02034073742106557,-0.012844513170421124,-0.08778014313429594,0.018738065380603075,-0.02562195621430874,-0.07824139762669802,0.03663618862628937,-0.028719947673380375,-0.06691299192607403,0.04129254259169102,-0.022653127554804087,-0.06660651229321957,0.03038924280554056,-0.015222275629639626,-0.06432154588401318,0.021594004705548286,-0.020619030110538006,-0.06433656625449657,0.030986662954092026,-0.024534428492188454,-0.06482037901878357,0.03615346923470497,-0.01979054929688573,-0.057783132418990135,0.01743926922790706
0.0,0.0,0.0,-0.03232718165963888,-0.019638240337371826,-0.0019354987889528275,-0.03379904478788376,-0.04341671243309975,0.028761766850948334,-0.03486950881779194,-0.06468280591070652,0.04489556513726711,-0.03687097318470478,-0.07439044211059809,0.058314356952905655,-0.028061678633093834,-0.0848042971920222,0.020044323639012873,-0.03827939182519913,-0.11224023997783661,0.02572127664461732,-0.04028685763478279,-0.14190879091620445,0.023335091304033995,-0.04540212266147137,-0.16867373883724213,0.008104749023914337,-0.018830044311471283,-0.0845365363638848,0.01966930818161927,-0.032765245996415615,-0.09767361544072628,0.039996445178985596,-0.039085447788238525,-0.08376967604272068,0.03731062076985836,-0.039664898067712784,-0.0825805296190083,0.025947398506104946,-0.01136463275179267,-0.08672009990550578,0.02118816412985325,-0.02363392198458314,-0.08032944542355835,0.03992162086069584,-0.025210512802004814,-0.06850418448448181,0.044968508183956146,-0.020801318576559424,-0.06728289928287268,0.03430400229990482,-0.013262957334518433,-0.06448482163250446,0.023544047959148884,-0.018867225851863623,-0.06520973145961761,0.03395333606749773,-0.021846015937626362,-0.06556123681366444,0.04077024757862091,-0.018546897917985916,-0.05858665704727173,0.023541104048490524
0.0,0.0,0.0,-0.03301548585295677,-0.02083829790353775,-0.0035143550485372543,-0.03419584035873413,-0.04484857618808746,0.028329480439424515,-0.0351229477673769,-0.06596147269010544,0.041657961905002594,-0.03762945346534252,-0.07511142455041409,0.056996555998921394,-0.02854498289525509,-0.08614036696963012,0.01712329321890138,-0.03988909348845482,-0.11385511606931686,0.023263283539563417,-0.04042406938970089,-0.14343493431806564,0.019940772326663136,-0.046272048726677895,-0.16828691214323044,0.004707434214651585,-0.019105021114228293,-0.08528104051947594,0.016387989395298064,-0.03329828102141619,-0.09812277555465698,0.03864428214728832,-0.039819493889808655,-0.08409887878224254,0.03552781604230404,-0.041272686794400215,-0.08206829382106662,0.022011470515280962,-0.012058539316058159,-0.0881181308068335,0.01962373568676412,-0.024384967982769012,-0.08037477638572454,0.03789029270410538,-0.026353102177381516,-0.0684643192216754,0.04241943359375,-0.021597667830064893,-0.06806421838700771,0.030045964755117893,-0.015633011236786842,-0.06504173763096333,0.021755121182650328,-0.01976160891354084,-0.06525150313973427,0.03216858208179474,-0.022997917141765356,-0.06585841439664364,0.03927278146147728,-0.01907708588987589,-0.05980418436229229,0.02006435627117753
0.0,0.0,0.0,-0.03203824069350958,-0.01793673262000084,-0.0008586719632148743,-0.03372937627136707,-0.041742317378520966,0.029487296007573605,-0.03459569066762924,-0.06209499202668667,0.04610339179635048,-0.03832000494003296,-0.07018177025020123,0.05993065424263477,-0.0288284569978714,-0.08022746862843633,0.02248580491868779,-0.04100616089999676,-0.1047370433807373,0.026364801917225122,-0.044520577415823936,-0.13353338837623596,0.023882346227765083,-0.049343058839440346,-0.1616859883069992,0.00795069057494402,-0.02153398934751749,-0.08081610314548016,0.02259804552886635,-0.0379975363612175,-0.09039350599050522,0.0410558246076107,-0.04322161711752415,-0.07724441774189472,0.03781967796385288,-0.044027211144566536,-0.07693703100085258,0.02452787128277123,-0.015308421105146408,-0.08257249603047967,0.023627367801964283,-0.029069842770695686,-0.07440770650282502,0.042663343250751495,-0.029232977889478207,-0.0639460040256381,0.04564857669174671,-0.02538006193935871,-0.06332571804523468,0.03439122810959816,-0.01681842072866857,-0.06166256032884121,0.02617952786386013,-0.02471872791647911,-0.06161314435303211,0.03610923979431391,-0.026875024661421776,-0.06067736633121967,0.0423489473760128,-0.02376507455483079,-0.05426896549761295,0.024334047688171268
0.0,0.0,0.0,-0.01348307728767395,-0.03522827476263046,-0.0027198009192943573,-0.0020821765065193176,-0.06662709079682827,0.006852541118860245,0.021837253123521805,-0.09320618771016598,0.0125940702855587,0.04282181290909648,-0.09903449658304453,0.010417573153972626,0.011742422357201576,-0.1030439231544733,-0.034627747256308794,0.021681733429431915,-0.1358088254928589,-0.032492809696123004,0.023738782852888107,-0.16493064165115356,-0.020686951465904713,0.02377277985215187,-0.1915123239159584,-0.014726489782333374,0.0360871204175055,-0.09105006232857704,-0.03914902522228658,0.05244803428649902,-0.11037496663630009,-0.020295951515436172,0.04399621719494462,-0.1020414438098669,0.008311498910188675,0.031447893008589745,-0.09011431410908699,0.034534942358732224,0.05715095438063145,-0.0740768862888217,-0.03691628290107474,0.0656769871711731,-0.0869699651375413,-0.010321337729692459,0.05675262399017811,-0.07870196085423231,0.014272261410951614,0.04748751875013113,-0.0655755065381527,0.030374187976121902,0.06711735390126705,-0.05502813495695591,-0.024747926741838455,0.0739843025803566,-0.06910463888198137,-0.008690141141414642,0.07163974270224571,-0.06721819750964642,0.013734769076108932,0.060022084042429924,-0.05710025690495968,0.01858997717499733
0.0,0.0,0.0,-0.03325161151587963,-0.01758795976638794,-0.00015231221914291382,-0.03606186155229807,-0.041584182530641556,0.03379216697067022,-0.03753911145031452,-0.06259910762310028,0.052803924307227135,-0.04026695154607296,-0.07130653318017721,0.07044867053627968,-0.03082636184990406,-0.08218698028940707,0.026514621451497078,-0.04211018234491348,-0.10834505967795849,0.03133058128878474,-0.04469507560133934,-0.1371099017560482,0.028705355245620012,-0.04996817372739315,-0.16363795846700668,0.01243660505861044,-0.02162975090323016,-0.08271410572342575,0.025834259657131042,-0.03689413517713547,-0.09404584020376205,0.04841458052396774,-0.04217882454395294,-0.08083049301058054,0.046512043103575706,-0.04374474659562111,-0.08057833951897919,0.03271886985749006,-0.01485050143674016,-0.08472476876340806,0.027636491926386952,-0.027232707478106022,-0.07721506804227829,0.04903632029891014,-0.028483230154961348,-0.06626234017312527,0.05320042185485363,-0.024686817079782486,-0.06631493382155895,0.04208200238645077,-0.01632107049226761,-0.06287998519837856,0.030190686229616404,-0.02220298268366605,-0.0633786004036665,0.04166201874613762,-0.025757386814802885,-0.06294477544724941,0.04910304397344589,-0.021647288231179118,-0.0563022755086422,0.03150141052901745
0.0,0.0,0.0,-0.03256122209131718,-0.016743037849664688,-0.0004490800201892853,-0.03627982083708048,-0.04011993110179901,0.02920496603474021,-0.03834882192313671,-0.059770604595541954,0.04624655470252037,-0.040145453065633774,-0.06552401557564735,0.05915866605937481,-0.031227124854922295,-0.07882783573586494,0.023214613873278722,-0.04288565553724766,-0.10119063034653664,0.026349149411544204,-0.04731982201337814,-0.12908867746591568,0.02469145378563553,-0.0529626477509737,-0.1584286317229271,0.008465181104838848,-0.022148884483613074,-0.07939116610214114,0.024315163725987077,-0.03914463333785534,-0.08754731714725494,0.04373956099152565,-0.043899208307266235,-0.07619460043497384,0.04105167090892792,-0.04489890672266483,-0.07688579079695046,0.027754473499953747,-0.01501422468572855,-0.08058811072260141,0.025681725703179836,-0.029460275545716286,-0.07253799587488174,0.046492744237184525,-0.02894835127517581,-0.06234842166304588,0.04957686364650726,-0.025540165603160858,-0.06223717611283064,0.04005052521824837,-0.015471567865461111,-0.06074933893978596,0.02836397849023342,-0.02354997186921537,-0.05988193675875664,0.03982296586036682,-0.02614074293524027,-0.05858450569212437,0.046490054577589035,-0.02284047193825245,-0.05159413255751133,0.028994048945605755
0.0,0.0,0.0,-0.03202851675450802,-0.017952315509319305,0.000407414510846138,-0.03496166691184044,-0.042330194264650345,0.03308989945799112,-0.03607234172523022,-0.06391722336411476,0.05239764042198658,-0.039024561643600464,-0.07219719979912043,0.06987483240664005,-0.029418633319437504,-0.08244126767385751,0.025715880445204675,-0.04012292064726353,-0.10875510238111019,0.030773132108151913,-0.04405171796679497,-0.13727184757590294,0.027799883391708136,-0.04931549355387688,-0.16442960500717163,0.011459308676421642,-0.0208833217038773,-0.08300438849255443,0.025204132951330394,-0.035814326256513596,-0.09434002079069614,0.04623551480472088,-0.041710635647177696,-0.0815375498495996,0.044151103124022484,-0.04248538613319397,-0.08096488052979112,0.030129557009786367,-0.01379767432808876,-0.08441200060769916,0.026203361456282437,-0.026709035970270634,-0.07785610714927316,0.0475755650550127,-0.027675024699419737,-0.06742041651159525,0.05144577659666538,-0.023632013238966465,-0.06700074300169945,0.03987346775829792,-0.015283767133951187,-0.06285678781569004,0.02855528425425291,-0.021844369475729764,-0.06368735991418362,0.04031737148761749,-0.0248288968577981,-0.06363501027226448,0.04850774258375168,-0.021261975867673755,-0.057067932561039925,0.031359133310616016
0.0,0.0,0.0,-0.03224256355315447,-0.018185526132583618,-0.0019748304039239883,-0.034536915831267834,-0.04303492605686188,0.029315312393009663,-0.03494479414075613,-0.06398378685116768,0.04522673226892948,-0.03877449594438076,-0.0727235684171319,0.060563625767827034,-0.02914785873144865,-0.08480081835296005,0.0195096253301017,-0.041492678225040436,-0.11160105653107166,0.024090081453323364,-0.04352998360991478,-0.14036590233445168,0.022196055855602026,-0.04928816109895706,-0.16747258603572845,0.006264291703701019,-0.021001117129344493,-0.0845364878186956,0.018766520399367437,-0.03671291656792164,-0.09679152444005013,0.03983241133391857,-0.04217579588294029,-0.0826423226390034,0.03807083144783974,-0.0433368980884552,-0.08062530215829611,0.025767553597688675,-0.015408714301884174,-0.0870230277068913,0.021089622983708978,-0.027471031993627548,-0.07985047344118357,0.040250442922115326,-0.029682936146855354,-0.06775699183344841,0.043848298490047455,-0.024979878216981888,-0.06702211685478687,0.033926800824701786,-0.018328294157981873,-0.06488603912293911,0.024044340010732412,-0.02359112468548119,-0.06536774337291718,0.033037262968719006,-0.027035051956772804,-0.06487863324582577,0.039154380559921265,-0.022704082541167736,-0.057355159893631935,0.020657692104578018
0.0,0.0,0.0,-0.03057390172034502,-0.017407730221748352,-0.00010406598448753357,-0.03403118904680014,-0.04322202876210213,0.03031330043449998,-0.034483348950743675,-0.0640576109290123,0.050899624824523926,-0.036320747807621956,-0.0719752348959446,0.06646631471812725,-0.02867101226001978,-0.08267006825190037,0.02313081594184041,-0.03969218768179417,-0.10798456147313118,0.027050817385315895,-0.04433630779385567,-0.13652341067790985,0.023525860044173896,-0.04905574768781662,-0.1660982444882393,0.006681574508547783,-0.021237207227386534,-0.08359198737889528,0.024417825625278056,-0.03665178455412388,-0.09398720040917397,0.04267971217632294,-0.04215569235384464,-0.08022792590782046,0.03919156268239021,-0.04122528061270714,-0.0791095292661339,0.024689828394912183,-0.013903413899242878,-0.08402517018839717,0.024736423045396805,-0.027413083240389824,-0.07737159170210361,0.04530877247452736,-0.027372376061975956,-0.06723921932280064,0.046195684000849724,-0.02391392458230257,-0.0649412926286459,0.03465419076383114,-0.014620144385844469,-0.06363492459058762,0.02885446511209011,-0.02235418581403792,-0.06353524513542652,0.03930806182324886,-0.024765181355178356,-0.06339068338274956,0.04501373507082462,-0.022545866668224335,-0.056494131684303284,0.02540248166769743
0.0,0.0,0.0,-0.029597054235637188,-0.01660975068807602,0.00011640414595603943,-0.03406265564262867,-0.0437343455851078,0.028998517896980047,-0.034204721450805664,-0.06632786057889462,0.051144739612936974,-0.03485412895679474,-0.07391733676195145,0.06536535918712616,-0.027799959294497967,-0.08374101994559169,0.02294023660942912,-0.037284163758158684,-0.10911095514893532,0.025793660432100296,-0.043862054124474525,-0.13746163621544838,0.02233881747815758,-0.04777960851788521,-0.1689191609621048,0.006724530830979347,-0.019716137321665883,-0.0854449172038585,0.025425100000575185,-0.034852372482419014,-0.09586409199982882,0.04369984194636345,-0.04022504203021526,-0.0829950226470828,0.042097246274352074,-0.03880893625319004,-0.08163004461675882,0.029358163941651583,-0.01091743167489767,-0.0840873890556395,0.025623655412346125,-0.024378489702939987,-0.07994381850585341,0.0486882608383894,-0.024148935917764902,-0.07043563202023506,0.05065360479056835,-0.02248876867815852,-0.06681325100362301,0.04034225828945637,-0.009891573339700699,-0.06468191184103489,0.03162853233516216,-0.01960485288873315,-0.0661474633961916,0.04378834366798401,-0.021228844998404384,-0.06545064970850945,0.05093815550208092,-0.020026487298309803,-0.0578298456966877,0.03393707796931267
0.0,0.0,0.0,-0.030059135518968105,-0.01660134643316269,-0.002054419368505478,-0.03345630690455437,-0.04257548972964287,0.026896892581135035,-0.03439746145159006,-0.06293977051973343,0.047478388994932175,-0.03602414671331644,-0.07012538611888885,0.06211748905479908,-0.028592733200639486,-0.08185664063785225,0.020544331870041788,-0.040673358365893364,-0.10655181296169758,0.02369163162074983,-0.04584016092121601,-0.1349537968635559,0.020616730413166806,-0.050564756616950035,-0.16501858085393906,0.003288961946964264,-0.021983255399391055,-0.0831259461119771,0.022827905602753162,-0.0396150778979063,-0.0928834117949009,0.04118892550468445,-0.04417858272790909,-0.07906736759468913,0.038765545934438705,-0.04261770844459534,-0.07648304477334023,0.025264716241508722,-0.015538002829998732,-0.08349380036816001,0.023821641225367785,-0.029819133691489697,-0.0770653453655541,0.04451221041381359,-0.02970297820866108,-0.06592431850731373,0.04548596031963825,-0.026169130578637123,-0.06228182464838028,0.03558137267827988,-0.01658399449661374,-0.06395811960101128,0.028723438270390034,-0.025667929090559483,-0.06391549855470657,0.03894428350031376,-0.027722768019884825,-0.06240001320838928,0.04330940172076225,-0.024865427520126104,-0.05422105826437473,0.023726251674816012
0.0,0.0,0.0,-0.029452078975737095,-0.017435044050216675,-0.0014362744987010956,-0.03194696828722954,-0.04318530112504959,0.02774055628105998,-0.03227580524981022,-0.06418303400278091,0.04681561328470707,-0.0341740008443594,-0.07266245223581791,0.06085592694580555,-0.02572332415729761,-0.08346259000245482,0.020542864716844633,-0.03664460405707359,-0.10887303948402405,0.024061907548457384,-0.041222745552659035,-0.13786834105849266,0.020246537103957962,-0.04604544676840305,-0.1674680858850479,0.003633631393313408,-0.019355304073542356,-0.08406580425798893,0.021485965000465512,-0.035058518871665,-0.09559919219464064,0.04054255969822407,-0.039916304871439934,-0.08213661285117269,0.03790126368403435,-0.03883936069905758,-0.08065326837822795,0.025277546141296625,-0.013397639617323875,-0.08464312367141247,0.022115846164524555,-0.026108521968126297,-0.07887911750003695,0.04265699163079262,-0.026704211719334126,-0.06849995441734791,0.0453503280878067,-0.023737201001495123,-0.06611995957791805,0.03498688153922558,-0.015342251863330603,-0.06406793557107449,0.02631314331665635,-0.022775612771511078,-0.06471901386976242,0.03738239035010338,-0.024890651926398277,-0.0651681162416935,0.04402894712984562,-0.022916977759450674,-0.05793767794966698,0.026075529865920544
0.0,0.0,0.0,-0.03059985116124153,-0.01854614168405533,-0.0030135419219732285,-0.03337111044675112,-0.04409439489245415,0.025379954371601343,-0.033789328299462795,-0.06581946276128292,0.0420066062361002,-0.035667628049850464,-0.0736270509660244,0.05538066104054451,-0.027133895084261894,-0.08600667945574969,0.017517015163321048,-0.03813299722969532,-0.11212684586644173,0.020958163309842348,-0.04150940291583538,-0.14090870320796967,0.017028814181685448,-0.04697626084089279,-0.16954511404037476,0.0004872586578130722,-0.01930005114991218,-0.08634490985423326,0.018813586852047592,-0.03459444083273411,-0.09792113490402699,0.03839677572250366,-0.04067772440612316,-0.08395289536565542,0.03702978231012821,-0.04031514748930931,-0.08207597862929106,0.02537883073091507,-0.012599247507750988,-0.08719782624393702,0.020550385117530823,-0.02520628832280636,-0.08094073482789099,0.04094637185335159,-0.027148030698299408,-0.06961469259113073,0.04419614560902119,-0.024115274194628,-0.06735348701477051,0.034541429951786995,-0.014660391956567764,-0.06566279008984566,0.025059692095965147,-0.02201730548404157,-0.06647900119423866,0.03577817231416702,-0.024954795371741056,-0.06602215953171253,0.041589006781578064,-0.022360560949891806,-0.05819312855601311,0.023183212149888277
0.0,0.0,0.0,-0.02876394148916006,-0.016941942274570465,-0.0010461024940013885,-0.03243826702237129,-0.04305989295244217,0.026741455309093,-0.032370973378419876,-0.06459809094667435,0.048004062846302986,-0.033488767221570015,-0.07230385020375252,0.06285891868174076,-0.025269368663430214,-0.08261083986144513,0.019819320586975664,-0.03545292094349861,-0.10793441161513329,0.023799168644472957,-0.04137432388961315,-0.13735435530543327,0.02005338278831914,-0.04561586305499077,-0.16846256703138351,0.003100290894508362,-0.01825031917542219,-0.08358027436770499,0.022215914679691195,-0.03400365635752678,-0.0929442960768938,0.0399274043738842,-0.03919124975800514,-0.07841812958940864,0.03823200613260269,-0.03794160112738609,-0.0759150730445981,0.02535189874470234,-0.010672520380467176,-0.08391645457595587,0.022775789257138968,-0.024012582376599312,-0.07686595665290952,0.043836187571287155,-0.02464826125651598,-0.06629375834017992,0.045705441385507584,-0.022303348872810602,-0.06143626756966114,0.034896666184067726,-0.011034078430384398,-0.06410613842308521,0.028563493862748146,-0.02003033016808331,-0.06425599381327629,0.03979878127574921,-0.022315334528684616,-0.06349853798747063,0.04529613070189953,-0.02107416419312358,-0.05474231019616127,0.027103762608021498
0.0,0.0,0.0,-0.013904809951782227,-0.03534049913287163,-0.003511279821395874,-0.0022782981395721436,-0.0665102694183588,0.005108486860990524,0.02199462614953518,-0.09222057648003101,0.009660221636295319,0.043493883684277534,-0.09735811781138182,0.007335115224123001,0.011379970237612724,-0.10194526799023151,-0.03595282486639917,0.021058207377791405,-0.13482140004634857,-0.0340992973651737,0.023322109133005142,-0.16410046815872192,-0.022941894829273224,0.02320820465683937,-0.19046273827552795,-0.016800276935100555,0.035832498921081424,-0.09002398326992989,-0.04033092688769102,0.052318258211016655,-0.1093728318810463,-0.021459167823195457,0.04396533081308007,-0.10129342414438725,0.0064097121357917786,0.03130481857806444,-0.08937650453299284,0.032773520797491074,0.05726868286728859,-0.07299144193530083,-0.03766590775921941,0.06546266376972198,-0.08634152077138424,-0.011505849659442902,0.05659155361354351,-0.07810131413862109,0.013152770698070526,0.0472141676582396,-0.06530717015266418,0.029005583375692368,0.06723917834460735,-0.05404389463365078,-0.025454081594944,0.07385105639696121,-0.06859109178185463,-0.009208230301737785,0.07127495110034943,-0.06693588197231293,0.01319083571434021,0.059575917199254036,-0.05707303434610367,0.01773747056722641
0.0,0.0,0.0,-0.03047432005405426,-0.01673378050327301,-0.0036358237266540527,-0.03351079858839512,-0.04259204864501953,0.021744480822235346,-0.03407726064324379,-0.06396787986159325,0.03987250663340092,-0.03534133546054363,-0.0703174201771617,0.052426768466830254,-0.02725514117628336,-0.08096268412191421,0.014362164656631649,-0.03842316009104252,-0.10493800044059753,0.01710808789357543,-0.04480655491352081,-0.13452809303998947,0.014101989101618528,-0.04890775494277477,-0.16616934537887573,-0.0018565542995929718,-0.020856674294918776,-0.08292945893481374,0.017757987836375833,-0.038639599457383156,-0.09084486588835716,0.035083165392279625,-0.043749839067459106,-0.07676282245665789,0.03537566959857941,-0.04106929339468479,-0.07482113037258387,0.02450217492878437,-0.013456847053021193,-0.08380273077636957,0.0188878090120852,-0.029046238400042057,-0.07575976708903909,0.0401446595788002,-0.029044775292277336,-0.06498044729232788,0.043789904564619064,-0.025540261063724756,-0.06023911386728287,0.03465255908668041,-0.013615626841783524,-0.0651607234030962,0.025571435689926147,-0.02478090627118945,-0.06433674320578575,0.03703306242823601,-0.025806687772274017,-0.062681769952178,0.042024705559015274,-0.023768939077854156,-0.05378835275769234,0.02475348301231861
0.0,0.0,0.0,-0.02969849854707718,-0.016760706901550293,-0.0027763955295085907,-0.032481107860803604,-0.04194043204188347,0.023156653624027967,-0.033189610578119755,-0.061664607375860214,0.042341431602835655,-0.034571352414786816,-0.06835348065942526,0.0542239248752594,-0.027375799138098955,-0.08025870495475829,0.01730376697378233,-0.039977092295885086,-0.10390497371554375,0.02076215948909521,-0.045463092625141144,-0.13358981162309647,0.018435891630360857,-0.04929189756512642,-0.16456464678049088,0.0020594391971826553,-0.02176440868061036,-0.08187073096632957,0.02017195033840835,-0.040282536298036575,-0.0893147774040699,0.03679168410599232,-0.04463528282940388,-0.07469604397192597,0.03549899347126484,-0.04146123491227627,-0.07199011649936438,0.02546320389956236,-0.015127867925912142,-0.0827903647441417,0.02094917302019894,-0.030896132811903954,-0.07469672430306673,0.04042511619627476,-0.030451687052845955,-0.06277123838663101,0.04257449693977833,-0.026169086806476116,-0.05819481611251831,0.03418179415166378,-0.01604584138840437,-0.06418272666633129,0.026363114826381207,-0.026665715500712395,-0.06302773393690586,0.03623634763062,-0.027818670496344566,-0.060929564759135246,0.03916548751294613,-0.02531839068979025,-0.05216354690492153,0.020209542475640774
0.0,0.0,0.0,-0.027640250977128744,-0.016620207577943802,-0.0018132776021957397,-0.02984810620546341,-0.03962816670536995,0.024802838917821646,-0.031089425086975098,-0.0544867105782032,0.04362502507865429,-0.03330918960273266,-0.060116251930594444,0.054179608821868896,-0.025421390077099204,-0.07315494876820594,0.018302121956367046,-0.0397025179117918,-0.09322616457939148,0.020661264657974243,-0.045242637395858765,-0.12274652346968651,0.017303563756286167,-0.048877106979489326,-0.1538277268409729,-0.002052450552582741,-0.02303078561089933,-0.0740219100844115,0.019882766297087073,-0.04310858063399792,-0.07845518132671714,0.03431808575987816,-0.047077205032110214,-0.06476906314492226,0.02920498512685299,-0.043509382754564285,-0.064274987205863,0.015781253343448043,-0.019806314492598176,-0.07521551847457886,0.019416271708905697,-0.03647796530276537,-0.0647532856091857,0.03682968392968178,-0.03433085419237614,-0.05379193089902401,0.03566594794392586,-0.02954420493915677,-0.05097950994968414,0.02528016921132803,-0.0223301921505481,-0.05755330249667168,0.023543584626168013,-0.03288104850798845,-0.054629672318696976,0.032375252805650234,-0.03269953280687332,-0.05271284841001034,0.0344662107527256,-0.029800369404256344,-0.04492722637951374,0.013592112809419632
0.0,0.0,0.0,-0.02988551277667284,-0.020131200551986694,-0.003437391482293606,-0.03221399337053299,-0.045130837708711624,0.02626816090196371,-0.031908310018479824,-0.06582967564463615,0.04134553764015436,-0.032715966925024986,-0.07445541955530643,0.054093015380203724,-0.024853007402271032,-0.08755772560834885,0.01509972513304092,-0.03605218045413494,-0.11454331316053867,0.01916653593070805,-0.03821876458823681,-0.14351045712828636,0.015499269546126015,-0.04389755427837372,-0.1703014373779297,-0.0017357254400849342,-0.017860281193861738,-0.08639230974949896,0.015014671022072434,-0.032529912889003754,-0.09795264527201653,0.03400727640837431,-0.038867294788360596,-0.08283784426748753,0.03073815070092678,-0.038605766370892525,-0.08049713494256139,0.019470945931971073,-0.012524331919848919,-0.08747228910215199,0.01724106865003705,-0.024316975846886635,-0.08094308199360967,0.034413873217999935,-0.0268921023234725,-0.06867799907922745,0.03674864675849676,-0.023236017674207687,-0.06625373847782612,0.02580426726490259,-0.01652223151177168,-0.06532900221645832,0.021078023128211498,-0.022023858968168497,-0.06580418720841408,0.03001865465193987,-0.02493148110806942,-0.06598928570747375,0.03505950514227152,-0.022580374032258987,-0.05858763866126537,0.015166899902396835
0.0,0.0,0.0,-0.030084969475865364,-0.017539553344249725,-0.0026483405381441116,-0.033211831003427505,-0.04326512664556503,0.024737197905778885,-0.03250794671475887,-0.0658206157386303,0.04304444044828415,-0.033326540142297745,-0.07414030283689499,0.056586431339383125,-0.02474845666438341,-0.08394258213229477,0.01563026272924617,-0.03453460708260536,-0.11017397046089172,0.018879410345107317,-0.038985852152109146,-0.13964533060789108,0.015772486163768917,-0.04290427267551422,-0.16936977207660675,0.00020426325500011444,-0.0175406081834808,-0.08478963992092758,0.017494384897872806,-0.03356129862368107,-0.09633141569793224,0.036054667085409164,-0.038544319570064545,-0.08149529760703444,0.03535608761012554,-0.037478007376194,-0.07832993939518929,0.023900128435343504,-0.010441736783832312,-0.08607021812349558,0.01902167242951691,-0.023782882373780012,-0.08027319354005158,0.03983653709292412,-0.024898855946958065,-0.06983654573559761,0.04294546879827976,-0.02199080865830183,-0.06463486328721046,0.032627690583467484,-0.01148209534585476,-0.06609292887151241,0.02542900014668703,-0.020000979769974947,-0.06702138856053352,0.0364393163472414,-0.023161693010479212,-0.067459587007761,0.04275648854672909,-0.021329371724277735,-0.05817269720137119,0.025159153155982494
0.0,0.0,0.0,-0.03026008140295744,-0.02041594684123993,-0.004685821942985058,-0.03325407952070236,-0.046084724366664886,0.023061656393110752,-0.0320691280066967,-0.06783751770853996,0.03726646397262812,-0.03183791600167751,-0.07681621331721544,0.04917725268751383,-0.024385331198573112,-0.08745412388816476,0.011075189977418631,-0.03360884264111519,-0.11491787061095238,0.014346439158543944,-0.037200670689344406,-0.14411398395895958,0.011500702476041624,-0.042580874636769295,-0.17117610573768616,-0.0024949563667178154,-0.016240745433606207,-0.08685824717395008,0.011670980158669408,-0.03059848677366972,-0.09972852095961571,0.02919332031160593,-0.03656958416104317,-0.08592511853203177,0.026542779989540577,-0.035932645201683044,-0.08322785282507539,0.01565793389454484,-0.009131545200943947,-0.08773980243131518,0.013868264388293028,-0.021379245445132256,-0.08285409770905972,0.031925118528306484,-0.023055856116116047,-0.0726727731525898,0.03397685941308737,-0.019907727371901274,-0.06967698968946934,0.022306183353066444,-0.011757886502891779,-0.06626763939857483,0.018889456521719694,-0.01756066409870982,-0.06784160621464252,0.02805610839277506,-0.020753598771989346,-0.0701149869710207,0.03437459748238325,-0.019182338379323483,-0.06385358236730099,0.015205961419269443
0.0,0.0,0.0,-0.031238445080816746,-0.021817408502101898,-0.0061666881665587425,-0.03271937742829323,-0.04600982367992401,0.02397122886031866,-0.03177962638437748,-0.06739304028451443,0.03524509537965059,-0.03248218074440956,-0.0756765678524971,0.04902445059269667,-0.024650976061820984,-0.08857295382767916,0.009600591263733804,-0.03583262674510479,-0.11634772643446922,0.014894846826791763,-0.03702521696686745,-0.14552456885576248,0.010330684257496614,-0.044022317975759506,-0.16930247843265533,-0.0066186534240841866,-0.016686545073753223,-0.08678332634735852,0.008540088660083711,-0.030429544858634472,-0.09863800927996635,0.030177603475749493,-0.03734155371785164,-0.08336774772033095,0.027725699357688427,-0.037459442391991615,-0.07976413797587156,0.015806710347533226,-0.011299596633762121,-0.08921987749636173,0.012434621574357152,-0.022961752954870462,-0.08138906210660934,0.029374376870691776,-0.025952540338039398,-0.06952381879091263,0.03326614107936621,-0.020868718158453703,-0.06768440082669258,0.020687884651124477,-0.016675520222634077,-0.06589869782328606,0.015557383187115192,-0.019896916579455137,-0.06613674014806747,0.02473258413374424,-0.023814077023416758,-0.06756634265184402,0.030795169062912464,-0.019798398483544588,-0.06066013500094414,0.010359102416259702
0.0,0.0,0.0,-0.030489645898342133,-0.02006179839372635,-0.0039331912994384766,-0.03268182557076216,-0.04499638080596924,0.025393731892108917,-0.032787516713142395,-0.06630077958106995,0.04022160731256008,-0.03459865041077137,-0.07406512089073658,0.05392022244632244,-0.026010217610746622,-0.08685794449411333,0.01429448337876238,-0.037560198456048965,-0.11319366656243801,0.017783978721126914,-0.04015048407018185,-0.14193173497915268,0.013089671148918569,-0.04658454284071922,-0.1682818904519081,-0.0052210427820682526,-0.01886068456224166,-0.08603928610682487,0.014363610825967044,-0.034373002126812935,-0.0976701620966196,0.03371639735996723,-0.04050487279891968,-0.0825450960546732,0.031610580161213875,-0.039966726675629616,-0.07994817895814776,0.019107868429273367,-0.013287397101521492,-0.08778660837560892,0.01665019616484642,-0.026133050676435232,-0.08070896286517382,0.034791961312294006,-0.02832820452749729,-0.06905606668442488,0.03796951286494732,-0.023702850565314293,-0.0665147565305233,0.026214737445116043,-0.016938991378992796,-0.06553840637207031,0.02038944000378251,-0.023056975565850735,-0.06599507108330727,0.03018075507134199,-0.02599052945151925,-0.0660440232604742,0.03563779592514038,-0.02254402544349432,-0.05824175849556923,0.01579683122690767
0.0,0.0,0.0,-0.03054570034146309,-0.019472286105155945,-0.004282280802726746,-0.03318245429545641,-0.045123565942049026,0.023838190361857414,-0.03338702395558357,-0.06665168888866901,0.03913942910730839,-0.03449817933142185,-0.0740118594840169,0.05172254703938961,-0.026185316033661366,-0.08691948745399714,0.013980998657643795,-0.03745042905211449,-0.11318700760602951,0.017281044740229845,-0.040433619171381,-0.14220812171697617,0.013124250806868076,-0.04616461135447025,-0.16932476311922073,-0.004237804561853409,-0.01863569370470941,-0.08691313397139311,0.015494751743972301,-0.03459258936345577,-0.09846682101488113,0.034811561927199364,-0.040405165404081345,-0.08371735131368041,0.03369826823472977,-0.03953152149915695,-0.08052711235359311,0.02263194927945733,-0.012444086372852325,-0.08800369035452604,0.017899192636832595,-0.025968939065933228,-0.08175642066635191,0.03682376258075237,-0.027565792202949524,-0.06968168448656797,0.040304483845829964,-0.023630797397345304,-0.0666248481720686,0.03040187805891037,-0.015451734187081456,-0.06660226546227932,0.022547577042132616,-0.022711941972374916,-0.06745407730340958,0.03244325704872608,-0.02570343390107155,-0.06674071028828621,0.037583278492093086,-0.022567291744053364,-0.058790579438209534,0.0183764745015651
0.0,0.0,0.0,-0.02817225456237793,-0.017926804721355438,-0.0018960610032081604,-0.03192167356610298,-0.04495430737733841,0.023345688357949257,-0.031461432576179504,-0.06734030321240425,0.04284464009106159,-0.03217141330242157,-0.07467185985296965,0.05472907796502113,-0.024276887997984886,-0.08532041613943875,0.015618431265465915,-0.03409123420715332,-0.1112602949142456,0.018839787575416267,-0.04020613059401512,-0.13963191583752632,0.015634383424185216,-0.04465150460600853,-0.17108044773340225,-0.0004645437002182007,-0.01700570562388748,-0.0861505966167897,0.019099070923402905,-0.03280718810856342,-0.09648405760526657,0.03646882250905037,-0.03887958638370037,-0.08220084151253104,0.03724597208201885,-0.03624729998409748,-0.07930396869778633,0.02721020020544529,-0.008678104262799025,-0.08573687542229891,0.020044063217937946,-0.022442687302827835,-0.08070775680243969,0.041966406628489494,-0.023651492781937122,-0.07039382308721542,0.044862957671284676,-0.021130744833499193,-0.06459270790219307,0.03589538671076298,-0.00884768320247531,-0.06651412509381771,0.02688161190599203,-0.018611761508509517,-0.06745820678770542,0.03865688107907772,-0.02068420872092247,-0.06653379462659359,0.04485655389726162,-0.019455522764474154,-0.0577117670327425,0.027717809192836285
0.0,0.0,0.0,-0.013427887111902237,-0.03536038100719452,-0.003645598888397217,-0.0017690733075141907,-0.06689152121543884,0.004898015409708023,0.022210804745554924,-0.09272724110633135,0.009066272526979446,0.043820662423968315,-0.09811338782310486,0.0069207847118377686,0.012265946716070175,-0.10138321667909622,-0.03611388325225562,0.021955154836177826,-0.13423484563827515,-0.03388397325761616,0.024052675813436508,-0.16412805765867233,-0.022680086083710194,0.02397329732775688,-0.19045963138341904,-0.01639244332909584,0.036361463367938995,-0.0896404143422842,-0.04051822586916387,0.05281717702746391,-0.10932643339037895,-0.021020036190748215,0.044159605633467436,-0.10170147940516472,0.0066148266196250916,0.03166601248085499,-0.08970514265820384,0.03323403373360634,0.057746220380067825,-0.07260268926620483,-0.037539909477345645,0.06576796621084213,-0.08681313786655664,-0.011176010593771935,0.05705828219652176,-0.07821392873302102,0.01389269158244133,0.04750013304874301,-0.06602589413523674,0.02952520176768303,0.06756208837032318,-0.05400460585951805,-0.02513058576732874,0.07401200011372566,-0.069136050529778,-0.008707718923687935,0.07169394940137863,-0.06765417102724314,0.013706658035516739,0.059768715873360634,-0.05797177739441395,0.0180700421333313
0.0,0.0,0.0,-0.02931180316954851,-0.017257869243621826,-0.0033433130010962486,-0.032868146896362305,-0.04455729201436043,0.022870825603604317,-0.032490212470293045,-0.0668077077716589,0.04164987150579691,-0.03362231329083443,-0.07452843338251114,0.05306402314454317,-0.025994185358285904,-0.08461424661800265,0.013391998945735395,-0.03629029355943203,-0.10983918234705925,0.01548122544772923,-0.04243083298206329,-0.13848119974136353,0.012346603209152818,-0.04731030948460102,-0.16902758926153183,-0.0031646424904465675,-0.01908955874387175,-0.08547284733504057,0.01652870187535882,-0.03588987700641155,-0.09618134424090385,0.03259446378797293,-0.04114099591970444,-0.08182059461250901,0.030773683451116085,-0.03879320248961449,-0.07950181839987636,0.019073787610977888,-0.011723872274160385,-0.08519921265542507,0.017925503430888057,-0.025857253931462765,-0.08009265456348658,0.03780560102313757,-0.02622709609568119,-0.07032001111656427,0.03903525974601507,-0.02364965435117483,-0.06545870378613472,0.028902863152325153,-0.012157388962805271,-0.06580104865133762,0.024865289218723774,-0.02185230515897274,-0.06649589724838734,0.03502738941460848,-0.024352021515369415,-0.06668428145349026,0.039955015294253826,-0.022932148072868586,-0.05867555923759937,0.021372475661337376
0.0,0.0,0.0,-0.030234442092478275,-0.018204525113105774,-0.0032585132867097855,-0.03433184139430523,-0.044972147792577744,0.024234827607870102,-0.034544819965958595,-0.06749814376235008,0.04159597493708134,-0.03451156243681908,-0.07456884253770113,0.05418921075761318,-0.02732253633439541,-0.08731015748344362,0.014909441699273884,-0.03841769881546497,-0.11348444037139416,0.018495297757908702,-0.04382370971143246,-0.14222735166549683,0.014737668563611805,-0.04978598468005657,-0.1707509458065033,-0.0017568357288837433,-0.019570398959331214,-0.08764186245389283,0.01729909994173795,-0.0359396580606699,-0.09844807349145412,0.03460456430912018,-0.040992265567183495,-0.08355535566806793,0.03336274437606335,-0.03925877436995506,-0.07995651103556156,0.02206937735900283,-0.012402529828250408,-0.08756871148943901,0.01889237854629755,-0.025757291354238987,-0.08211485692299902,0.03787645325064659,-0.026621749624609947,-0.07159715052694082,0.03999811410903931,-0.023109253961592913,-0.06669494695961475,0.029684188775718212,-0.013561557978391647,-0.06669515930116177,0.024514228105545044,-0.02149819233454764,-0.06777160242199898,0.034265514463186264,-0.024539967998862267,-0.06748431362211704,0.038486283272504807,-0.02206069976091385,-0.0589746218174696,0.019253592938184738
0.0,0.0,0.0,-0.030449128709733486,-0.0177767351269722,-0.0032572876662015915,-0.034604938700795174,-0.044847194105386734,0.02414250187575817,-0.03443467244505882,-0.06699105724692345,0.04230239428579807,-0.034663137048482895,-0.07357028312981129,0.055160367861390114,-0.028353109024465084,-0.08681760064791888,0.015914345742203295,-0.03906186483800411,-0.11272742226719856,0.018056785338558257,-0.044629305601119995,-0.1410706639289856,0.012988782953470945,-0.05049492418766022,-0.1709384322166443,-0.003744734451174736,-0.02053875825367868,-0.08768937247805297,0.019214494386687875,-0.03620780259370804,-0.09794768039137125,0.03532881662249565,-0.041710225865244865,-0.08407332841306925,0.0335108395665884,-0.039962321519851685,-0.08091593161225319,0.02132564689964056,-0.012674468103796244,-0.08641026413533837,0.02053072676062584,-0.026223602704703808,-0.08128054067492485,0.03985370881855488,-0.026522024534642696,-0.07114852964878082,0.040550267323851585,-0.02414693497121334,-0.06712555885314941,0.03036999236792326,-0.013155135791748762,-0.06569405272603035,0.026831556111574173,-0.021350179566070437,-0.06743842549622059,0.036523252725601196,-0.024033808149397373,-0.06688816845417023,0.04096245393157005,-0.0225284481421113,-0.060272883623838425,0.020939989248290658
0.0,0.0,0.0,-0.029395010322332382,-0.016649551689624786,-0.0024746041744947433,-0.03318547271192074,-0.043389905244112015,0.0272853160277009,-0.03442090563476086,-0.0650372039526701,0.04727000370621681,-0.03510313853621483,-0.07181489747017622,0.061307767406105995,-0.027154205832630396,-0.08452776563353837,0.0209452694398351,-0.03955821692943573,-0.11032185144722462,0.023371235467493534,-0.04600432701408863,-0.1378364861011505,0.01858086045831442,-0.05115129426121712,-0.16774305701255798,0.0002957005053758621,-0.021297421772032976,-0.08576286002062261,0.02408145205117762,-0.03854999132454395,-0.09583522751927376,0.04011061228811741,-0.04336854815483093,-0.08184373565018177,0.03571657743304968,-0.04057709686458111,-0.0786058446392417,0.02113785094115883,-0.015382491517812014,-0.08437198773026466,0.024475818034261465,-0.03048514388501644,-0.07967780553735793,0.04340909421443939,-0.02918265573680401,-0.06898254156112671,0.042402880266308784,-0.024548478424549103,-0.06482917815446854,0.03164863493293524,-0.016338926507160068,-0.06462974660098553,0.029998446814715862,-0.025224965065717697,-0.06636546552181244,0.03938023000955582,-0.027209277264773846,-0.06603549979627132,0.04142652451992035,-0.024506662972271442,-0.05866836756467819,0.01952735590748489
0.0,0.0,0.0,-0.03110536653548479,-0.0191909521818161,-0.005447417497634888,-0.03363768197596073,-0.04470914602279663,0.023148315958678722,-0.03456566669046879,-0.06649878993630409,0.037570372223854065,-0.034416915848851204,-0.07319649960845709,0.04966308921575546,-0.027878858149051666,-0.08757116133347154,0.01300092099700123,-0.040492892265319824,-0.11518482118844986,0.017273838398978114,-0.04479913040995598,-0.14395369589328766,0.012714822310954332,-0.05216510035097599,-0.16941601783037186,-0.004978204146027565,-0.020430963137187064,-0.08756096684373915,0.014925289317034185,-0.03568568639457226,-0.09898103214800358,0.03323666378855705,-0.04130969196557999,-0.08366429014131427,0.03010062500834465,-0.039924247190356255,-0.0790096428245306,0.01724692527204752,-0.014715156517922878,-0.08787204348482192,0.017061700578778982,-0.02761621493846178,-0.08219282515347004,0.03393051028251648,-0.028310171328485012,-0.06976423971354961,0.03562299720942974,-0.023134094197303057,-0.06585691496729851,0.02417572122067213,-0.017568103270605206,-0.0663047507405281,0.021140578668564558,-0.022712022298946977,-0.06713300757110119,0.029400144703686237,-0.025520887691527605,-0.06639771349728107,0.03147982619702816,-0.021500912494957447,-0.05910923704504967,0.00928482785820961
0.0,0.0,0.0,-0.031750927679240704,-0.020212262868881226,-0.00419062003493309,-0.03459225781261921,-0.04686422646045685,0.024815980345010757,-0.03465798310935497,-0.0702535081654787,0.04045366868376732,-0.03477149084210396,-0.07785549387335777,0.05364987440407276,-0.028025965206325054,-0.09087801701389253,0.014399433857761323,-0.04021671414375305,-0.11947673559188843,0.01923682726919651,-0.044950155541300774,-0.1483830362558365,0.015526403905823827,-0.05221826396882534,-0.17440904676914215,0.0008215950801968575,-0.019325853209011257,-0.09040648164227605,0.015913876457489096,-0.032917320728302,-0.10342632792890072,0.03614385612308979,-0.03943726234138012,-0.08864198159426451,0.03513737767934799,-0.03852161951363087,-0.08494901144877076,0.024351018480956554,-0.011720837559551,-0.09063427848741412,0.0184152671135962,-0.023898356594145298,-0.08572657406330109,0.03786967508494854,-0.02515725325793028,-0.07428306434303522,0.04156375862658024,-0.021008028648793697,-0.07127668522298336,0.030298957601189613,-0.01409034850075841,-0.06802822090685368,0.02253914624452591,-0.018635793589055538,-0.07005334459245205,0.03302723728120327,-0.021923570660874248,-0.07083320803940296,0.03822837397456169,-0.019008574075996876,-0.06393652409315109,0.01805586414411664
0.0,0.0,0.0,-0.03146546706557274,-0.01963755488395691,-0.0026507116854190826,-0.03426984325051308,-0.04627333581447601,0.025998569559305906,-0.035369303077459335,-0.07041585631668568,0.04352033883333206,-0.0356593020260334,-0.0795013066381216,0.05700058490037918,-0.028286537155508995,-0.09099687659181654,0.01816629443783313,-0.04001445882022381,-0.12074359878897667,0.023133964277803898,-0.04500117525458336,-0.1489146687090397,0.01952400425216183,-0.05262872204184532,-0.17590603232383728,0.0036782296374440193,-0.018858164898119867,-0.0910021192394197,0.01954325009137392,-0.03172498010098934,-0.10446462593972683,0.040208352729678154,-0.038194580003619194,-0.08963955845683813,0.039335865527391434,-0.03718530014157295,-0.08583808853290975,0.028576107695698738,-0.010071837343275547,-0.09078389778733253,0.021656783763319254,-0.021440438693389297,-0.08711581071838737,0.04229682497680187,-0.023430995177477598,-0.07561990153044462,0.045799681916832924,-0.01970761688426137,-0.07216703332960606,0.034661032259464264,-0.011245902627706528,-0.06909698434174061,0.025976682547479868,-0.016437424812465906,-0.07125130482017994,0.03753321059048176,-0.019518626853823662,-0.0718000940978527,0.04304216802120209,-0.017360478173941374,-0.0652984119951725,0.02282157982699573
0.0,0.0,0.0,-0.031681391410529613,-0.019017338752746582,-0.002723982557654381,-0.03398842178285122,-0.04505598545074463,0.02771203313022852,-0.03572632186114788,-0.06779611110687256,0.04615241847932339,-0.036966197192668915,-0.07719224225729704,0.059391651302576065,-0.028531283140182495,-0.08810592535883188,0.018144142522942275,-0.0412009060382843,-0.11731920018792152,0.023052895441651344,-0.045935964211821556,-0.1453370898962021,0.018782432436637464,-0.0541299544274807,-0.17113225162029266,0.00245540589094162,-0.02051908284192905,-0.08814798970706761,0.019035594596061856,-0.034186084754765034,-0.10142021160572767,0.04029758274555206,-0.040803393349051476,-0.08661398477852345,0.03766825422644615,-0.039507629349827766,-0.0840869180392474,0.02498329570516944,-0.013473410625010729,-0.08869116171263158,0.021018548170104623,-0.025516957510262728,-0.08399919513612986,0.04123259335756302,-0.02646180521696806,-0.07247789762914181,0.043834757059812546,-0.021616660291329026,-0.06973402574658394,0.03243024367839098,-0.01538547221571207,-0.06725560687482357,0.024742812383919954,-0.019891525153070688,-0.06880208849906921,0.03660481795668602,-0.0226631136611104,-0.06985153630375862,0.04197274334728718,-0.019941578153520823,-0.0638829693198204,0.021001718007028103
0.0,0.0,0.0,-0.031364464201033115,-0.017904050648212433,-0.0010535884648561478,-0.03478378430008888,-0.04503452405333519,0.029583251103758812,-0.03624811954796314,-0.06873769126832485,0.05181710235774517,-0.037614572793245316,-0.07790013588964939,0.06686365231871605,-0.029727322980761528,-0.08853330556303263,0.022906783764483407,-0.04141595400869846,-0.1178988441824913,0.028428140096366405,-0.047058507800102234,-0.1459764800965786,0.02505117072723806,-0.054142460227012634,-0.1734934076666832,0.009092454798519611,-0.020535549614578485,-0.08974852249957621,0.02470555726904422,-0.03449256718158722,-0.10235196724534035,0.04564514942467213,-0.04026976227760315,-0.08733182586729527,0.045481834560632706,-0.03864431008696556,-0.08349052746780217,0.034868703223764896,-0.011757472530007362,-0.08965975628234446,0.02564819878898561,-0.023984700441360474,-0.08550994750112295,0.0477862935513258,-0.024751593824476004,-0.0733718192204833,0.051028596237301826,-0.021026910981163383,-0.06894304603338242,0.04134642519056797,-0.011347837746143341,-0.06888892129063606,0.029590121936053038,-0.017356632044538856,-0.07078549265861511,0.041783180087804794,-0.0203766617923975,-0.07050838135182858,0.047057051211595535,-0.018216361291706562,-0.06288052164018154,0.02764880796894431
0.0,0.0,0.0,-0.0297138299793005,-0.017103388905525208,0.0008971374481916428,-0.033728115260601044,-0.045051947236061096,0.029201853089034557,-0.035680731758475304,-0.06870154291391373,0.051869647577404976,-0.036612823605537415,-0.07875930611044168,0.06406858190894127,-0.028153526596724987,-0.08715893514454365,0.02080074378318386,-0.03924236074090004,-0.1160191223025322,0.026144055649638176,-0.04637850262224674,-0.14446927979588509,0.024201674852520227,-0.052519336342811584,-0.17394117265939713,0.011140172369778156,-0.020212482195347548,-0.08866889053024352,0.02259018283803016,-0.03423878736793995,-0.10223599895834923,0.043291447684168816,-0.039778152480721474,-0.08845784910954535,0.04371039941906929,-0.03735211677849293,-0.08515526750124991,0.03332787565886974,-0.011419729329645634,-0.08771161735057831,0.0227652236353606,-0.024183463770896196,-0.08597295824438334,0.04620019905269146,-0.023475797846913338,-0.07466829102486372,0.05000821128487587,-0.01982531393878162,-0.06946023739874363,0.041181689128279686,-0.010321413166821003,-0.06893983669579029,0.02771239448338747,-0.017248772317543626,-0.0713723935186863,0.04086985997855663,-0.019500156049616635,-0.07101983483880758,0.04797852039337158,-0.018909868551418185,-0.06377297267317772,0.03015588317066431
0.0,0.0,0.0,-0.013291493058204651,-0.03494517505168915,-0.004487611353397369,-0.0013680309057235718,-0.06599253602325916,0.004540789872407913,0.022519363090395927,-0.09234561491757631,0.009129852056503296,0.043891808949410915,-0.09770990535616875,0.006824098527431488,0.012716954573988914,-0.10047028958797455,-0.036530581826809794,0.02267332561314106,-0.13281585648655891,-0.034188427263870835,0.024898190051317215,-0.16258604824543,-0.022283506579697132,0.024795912206172943,-0.18950128555297852,-0.016166353598237038,0.036758989561349154,-0.08875314332544804,-0.040615598205477,0.05258510448038578,-0.10822571069002151,-0.02095346711575985,0.043780759908258915,-0.10062254592776299,0.007230300456285477,0.03137633763253689,-0.08854634873569012,0.034175265580415726,0.05757068283855915,-0.0721588060259819,-0.03740126398042776,0.06554879993200302,-0.08607233501970768,-0.010649818927049637,0.05649447813630104,-0.0779506484977901,0.013973630964756012,0.04718776559457183,-0.06555456481873989,0.029473844915628433,0.06714078038930893,-0.05380072444677353,-0.024292287416756153,0.07362568378448486,-0.06848357152193785,-0.008211195468902588,0.07136552967131138,-0.06730410642921925,0.013736642897129059,0.05952657200396061,-0.057420141994953156,0.018362298607826233
0.0,0.0,0.0,-0.02935691364109516,-0.017039284110069275,0.0015067718923091888,-0.03292920161038637,-0.044565748423337936,0.03208240121603012,-0.035097282379865646,-0.06755651161074638,0.05642041936516762,-0.03614325448870659,-0.07703267876058817,0.07024583965539932,-0.028212783858180046,-0.08525918610394001,0.024601663171779364,-0.03958258219063282,-0.11334467306733131,0.029518026392906904,-0.046942029148340225,-0.14157111197710037,0.02618708019144833,-0.05349170044064522,-0.1706545129418373,0.012133108451962471,-0.02082637813873589,-0.08705713110975921,0.026320334756746888,-0.03589065931737423,-0.09970688167959452,0.045969875529408455,-0.04154136963188648,-0.08687029988504946,0.04407026804983616,-0.038873106241226196,-0.08472198923118412,0.03132599266245961,-0.012007752899080515,-0.08572050742805004,0.025879309279844165,-0.0260032806545496,-0.08361799828708172,0.048415182158350945,-0.024366304278373718,-0.07315343152731657,0.05128599889576435,-0.021377584896981716,-0.0685675386339426,0.0409817099571228,-0.011895101051777601,-0.0668866578489542,0.029835075605660677,-0.019116071751341224,-0.06878730468451977,0.0435890257358551,-0.020945989061146975,-0.06887800432741642,0.051190147176384926,-0.020359906600788236,-0.06319742277264595,0.03313208743929863
0.0,0.0,0.0,-0.031060509383678436,-0.01738142967224121,-0.0004153642803430557,-0.03471154719591141,-0.04425225034356117,0.0282260631211102,-0.036534227430820465,-0.06749941408634186,0.04979586973786354,-0.035799020901322365,-0.07633065432310104,0.06147196888923645,-0.029887822456657887,-0.08665778744034469,0.022749620722606778,-0.041069990023970604,-0.11519628390669823,0.027899312786757946,-0.04790671914815903,-0.1437702439725399,0.02562859025783837,-0.054568756371736526,-0.17195182293653488,0.011380103416740894,-0.021205813391134143,-0.08797916094772518,0.02458800026215613,-0.03568282723426819,-0.10024023614823818,0.04397782310843468,-0.04097409173846245,-0.08668234827928245,0.0430731326341629,-0.03866257518529892,-0.08343204110860825,0.03241635672748089,-0.011797567829489708,-0.08678530051838607,0.024202166590839624,-0.02510855160653591,-0.08336999686434865,0.045664556324481964,-0.024310569278895855,-0.07213732693344355,0.049526529386639595,-0.02080918976571411,-0.06708693318068981,0.04081384651362896,-0.011011605150997639,-0.06672807037830353,0.028040488250553608,-0.018179831793531775,-0.06861792132258415,0.040697814896702766,-0.020910357125103474,-0.06858405843377113,0.04717796668410301,-0.018722007982432842,-0.06178802810609341,0.02934467187151313
0.0,0.0,0.0,-0.03178718499839306,-0.01841595023870468,-0.004150139167904854,-0.034494610503315926,-0.04544256627559662,0.026167388074100018,-0.035801906138658524,-0.0687981303781271,0.04409770481288433,-0.03653760068118572,-0.07833787053823471,0.05677253566682339,-0.028545673936605453,-0.08834290155209601,0.015507778734900057,-0.040769947692751884,-0.11837069690227509,0.020473238546401262,-0.0461888313293457,-0.14731908589601517,0.01657935231924057,-0.053673338145017624,-0.1736689954996109,0.0015870826318860054,-0.020468684611842036,-0.08897962840273976,0.016959366825176403,-0.034952254965901375,-0.10261614248156548,0.037258706986904144,-0.041199175640940666,-0.08766425750218332,0.03458797559142113,-0.0402371920645237,-0.08430290594696999,0.022359647322446108,-0.01312736701220274,-0.08919855020940304,0.01904006884433329,-0.02561563951894641,-0.08486603829078376,0.03814463131129742,-0.025950021110475063,-0.0728239705786109,0.04114980064332485,-0.022054780274629593,-0.06929129734635353,0.029981072060763836,-0.014637240208685398,-0.06785271316766739,0.023498233873397112,-0.01979803550057113,-0.06964360922574997,0.03412465937435627,-0.022845071274787188,-0.07043205201625824,0.0390904750674963,-0.020300432574003935,-0.06382688321173191,0.01867418526671827
0.0,0.0,0.0,-0.029803039506077766,-0.017404206097126007,-0.000934431329369545,-0.032904841005802155,-0.04556293040513992,0.028614992275834084,-0.034483641386032104,-0.06853673607110977,0.05004869028925896,-0.035369351506233215,-0.07816867856308818,0.0616128109395504,-0.027639053761959076,-0.08664649783167988,0.018531748952227645,-0.03906588815152645,-0.1154291033744812,0.02326437644660473,-0.045752283185720444,-0.1439102217555046,0.019942717044614255,-0.05232585594058037,-0.17289158701896667,0.005574177019298077,-0.02042991272173822,-0.08730139653198421,0.020214075688272715,-0.03459257073700428,-0.10101849399507046,0.03939436562359333,-0.04056130535900593,-0.08686272869817913,0.03732726164162159,-0.0380232110619545,-0.08392813988029957,0.024457459338009357,-0.012284941505640745,-0.08603760658297688,0.020575130125507712,-0.024863483849912882,-0.0835799389751628,0.041629089042544365,-0.024333651177585125,-0.07319009210914373,0.04362798295915127,-0.020680755842477083,-0.06839900091290474,0.033430274575948715,-0.012358956970274448,-0.06662788614630699,0.025237718131393194,-0.018670721678063273,-0.06902658380568027,0.037434566766023636,-0.020305969286710024,-0.06954205501824617,0.04409203492105007,-0.019872628152370453,-0.06353492103517056,0.024717362597584724
0.0,0.0,0.0,-0.030433326959609985,-0.017263151705265045,-0.001075495034456253,-0.0339799914509058,-0.04448932781815529,0.027976710814982653,-0.03556755557656288,-0.068079749122262,0.04893751069903374,-0.035890884697437286,-0.07707138638943434,0.06160927936434746,-0.02849958837032318,-0.08684095239732414,0.020182758889859542,-0.039964767172932625,-0.11522670462727547,0.02513487311080098,-0.04702663607895374,-0.14331452921032906,0.022082664887420833,-0.05384010449051857,-0.17249365150928497,0.007195133715867996,-0.020630970364436507,-0.08785418746992946,0.022469492978416383,-0.03529801778495312,-0.10046693868935108,0.041538503021001816,-0.04101187735795975,-0.08623866294510663,0.03967544995248318,-0.03935948759317398,-0.08318610792048275,0.027820894494652748,-0.01208181632682681,-0.08696511283051223,0.022986301220953465,-0.02509025949984789,-0.08358823857270181,0.04396655969321728,-0.024680347181856632,-0.07315872050821781,0.046399304643273354,-0.0216684783808887,-0.06832377798855305,0.036191124469041824,-0.012097207829356194,-0.0670156218111515,0.027772902511060238,-0.019013852812349796,-0.06882593780755997,0.03981509245932102,-0.02145218476653099,-0.06919721700251102,0.04617207124829292,-0.020282398909330368,-0.06285389326512814,0.02774000447243452
0.0,0.0,0.0,-0.03211016021668911,-0.019803926348686218,-0.003498552367091179,-0.034483471885323524,-0.04581122845411301,0.028760851360857487,-0.03538169898092747,-0.06893348135054111,0.04601388797163963,-0.03533925302326679,-0.07820298615843058,0.06157286837697029,-0.028917163610458374,-0.08846720634028316,0.018025883968221024,-0.04090365394949913,-0.11750514060258865,0.023575814440846443,-0.04588965326547623,-0.14573996141552925,0.019543135189451277,-0.05382867902517319,-0.17060021311044693,0.0033268481492996216,-0.02045203431043774,-0.08808285975828767,0.018278600182384253,-0.03405405022203922,-0.10173544473946095,0.03918525204062462,-0.040816500782966614,-0.08746281685307622,0.034472065046429634,-0.04092785716056824,-0.08505980344489217,0.01998062862548977,-0.013514445163309574,-0.08851061901077628,0.020621761213988066,-0.02526877261698246,-0.08356976392678916,0.0392640046775341,-0.02592580020427704,-0.07285028975456953,0.04146582819521427,-0.021765579003840685,-0.07135997712612152,0.02773034293204546,-0.016146940644830465,-0.06583081372082233,0.023598401807248592,-0.020539303310215473,-0.0671924464404583,0.03479323722422123,-0.02382622379809618,-0.06895888969302177,0.041284432634711266,-0.02097800769843161,-0.06376314722001553,0.020480612758547068
0.0,0.0,0.0,-0.03233041148632765,-0.01770929992198944,-0.0031020138412714005,-0.03547549340873957,-0.04494169354438782,0.028511693701148033,-0.037320032715797424,-0.06861365586519241,0.04814222827553749,-0.03874909691512585,-0.07770777586847544,0.06177821382880211,-0.03114090207964182,-0.08861241140402853,0.018670899444259703,-0.043692274019122124,-0.1182423010468483,0.023832260631024837,-0.048589374870061874,-0.1471843607723713,0.0201084682776127,-0.05619068443775177,-0.17371553927659988,0.00487170647829771,-0.022150201839394867,-0.08949052984826267,0.020177317317575216,-0.037204500287771225,-0.1025213822722435,0.0410639364272356,-0.042655929923057556,-0.0873914749827236,0.03900786116719246,-0.04200885817408562,-0.08370507461950183,0.02707089949399233,-0.014297887682914734,-0.08963945414870977,0.022312077693641186,-0.027142196893692017,-0.08499364648014307,0.04182247072458267,-0.027503347489982843,-0.07249259296804667,0.04535081796348095,-0.023410711903125048,-0.06909192726016045,0.035188617184758186,-0.01582088228315115,-0.06807820126414299,0.026649281848222017,-0.02038968028500676,-0.06996892765164375,0.03689404018223286,-0.02407779241912067,-0.07015899941325188,0.041303154081106186,-0.021493282169103622,-0.06361798383295536,0.020964709809049964
0.0,0.0,0.0,-0.03188503161072731,-0.01862955093383789,-0.0068536177277565,-0.034096406772732735,-0.04481871426105499,0.024688475765287876,-0.03543764632195234,-0.06727677769958973,0.04125962033867836,-0.035902502946555614,-0.07622740138322115,0.0546256136149168,-0.02965608797967434,-0.08712768671102822,0.011693455278873444,-0.04230775497853756,-0.11679600924253464,0.01663283328525722,-0.04713764041662216,-0.14648620784282684,0.012214729911647737,-0.054913632571697235,-0.17090288549661636,-0.004246659576892853,-0.022104617790319026,-0.08771104225888848,0.013076971590635367,-0.036550198681652546,-0.10106151178479195,0.03264262154698372,-0.042369745671749115,-0.0849241791293025,0.02740363497287035,-0.04102475941181183,-0.08139763679355383,0.014024648582562804,-0.015503206755965948,-0.08859401941299438,0.016369233140721917,-0.027957309503108263,-0.0831053857691586,0.0328544694930315,-0.028086264617741108,-0.07045218721032143,0.034427838400006294,-0.023028019350022078,-0.06736928224563599,0.021834692917764187,-0.01785578695125878,-0.06693322584033012,0.02068545576184988,-0.022191822296008468,-0.06808714009821415,0.02960001863539219,-0.025294814258813858,-0.06895153224468231,0.032791174948215485,-0.022220765706151724,-0.06266207434237003,0.009963024873286486
0.0,0.0,0.0,-0.03129956591874361,-0.017792068421840668,-0.001980997622013092,-0.03507671132683754,-0.04511784762144089,0.02838119911029935,-0.036571675911545753,-0.06880511529743671,0.04853498004376888,-0.03759945183992386,-0.0782915586605668,0.06184624135494232,-0.0304031353443861,-0.0886697294190526,0.019935166812501848,-0.04244037717580795,-0.11800488829612732,0.024970997590571642,-0.04866751469671726,-0.14642877504229546,0.022104080067947507,-0.05600135959684849,-0.17305763810873032,0.007340524345636368,-0.021419269498437643,-0.0897398516535759,0.0218286351300776,-0.035572498105466366,-0.10272353980690241,0.0420315433293581,-0.04141548462212086,-0.08872411656193435,0.04133952409029007,-0.040408093482255936,-0.08520794240757823,0.030795819126069546,-0.01289118267595768,-0.08926866855472326,0.023445673054084182,-0.02508853515610099,-0.08544139575678855,0.043641526252031326,-0.02554926462471485,-0.07387254666537046,0.047345392405986786,-0.022834627190604806,-0.06970403343439102,0.03871307894587517,-0.013298386707901955,-0.06834307126700878,0.028088167309761047,-0.01869609230197966,-0.07044020295143127,0.03878532536327839,-0.021798036410473287,-0.07050534151494503,0.044431958347558975,-0.02012868714518845,-0.06425006687641144,0.026050863321870565
0.0,0.0,0.0,-0.03131495416164398,-0.01790754497051239,-0.002496618777513504,-0.03457021713256836,-0.0446699820458889,0.02990583796054125,-0.036491937935352325,-0.06786751374602318,0.051133524626493454,-0.03856322169303894,-0.07757760398089886,0.06665312685072422,-0.03061063401401043,-0.08834729070076719,0.021343702275771648,-0.04334196075797081,-0.11781401745975018,0.027326329611241817,-0.048615848645567894,-0.14666790142655373,0.02398457215167582,-0.056718332692980766,-0.1718042492866516,0.009857164695858955,-0.021890421863645315,-0.08968669036403298,0.022585785802220926,-0.03586408216506243,-0.10274128802120686,0.04446391575038433,-0.04227903299033642,-0.08784969057887793,0.04341722093522549,-0.0417000986635685,-0.08480208879336715,0.03313058894127607,-0.013887687586247921,-0.09050463396124542,0.024723818292841315,-0.02642574394121766,-0.08522093878127635,0.044554756954312325,-0.026726359501481056,-0.07249072939157486,0.04865516722202301,-0.023189974948763847,-0.06902684271335602,0.03891832008957863,-0.015487541444599628,-0.06903766468167305,0.028446970973163843,-0.019974782364442945,-0.07041263580322266,0.039293479174375534,-0.023494103690609336,-0.07028734497725964,0.04492565430700779,-0.020806908141821623,-0.06396702490746975,0.02511440380476415
0.0,0.0,0.0,-0.013151124119758606,-0.03475075215101242,-0.0033129267394542694,-0.000835757702589035,-0.06603695265948772,0.0062461309134960175,0.023014698177576065,-0.09239103086292744,0.012063354253768921,0.04411871638149023,-0.0985527727752924,0.010016195476055145,0.013144545257091522,-0.10157599858939648,-0.03385814349167049,0.02261122316122055,-0.1337757259607315,-0.03229066776111722,0.024487480521202087,-0.16322627663612366,-0.021192412823438644,0.024484261870384216,-0.19021300971508026,-0.015125775709748268,0.03682729438878596,-0.08963127061724663,-0.03890966856852174,0.05316025670617819,-0.10837010480463505,-0.019287988543510437,0.04496371140703559,-0.10012937150895596,0.008277971297502518,0.03251991979777813,-0.0884483065456152,0.034662727266550064,0.057599375024437904,-0.0727123050019145,-0.036102866113651544,0.06602595001459122,-0.08597045857459307,-0.009901804849505424,0.057368114590644836,-0.0772936437278986,0.014860730618238449,0.04831291362643242,-0.06531423330307007,0.030550438910722733,0.06751662492752075,-0.05385302007198334,-0.023994313552975655,0.07447466254234314,-0.06867690291255713,-0.007473170757293701,0.07257590442895889,-0.06673885695636272,0.014607857912778854,0.060662854462862015,-0.05669786222279072,0.019055183976888657
0.0,0.0,0.0,-0.032033869065344334,-0.017361566424369812,-0.002261057496070862,-0.03638814762234688,-0.04487386345863342,0.028396633453667164,-0.03801274113357067,-0.06900295615196228,0.050223859027028084,-0.03826206922531128,-0.07733027823269367,0.06565127521753311,-0.03146536648273468,-0.08870528411353007,0.02176566608250141,-0.04402019828557968,-0.1176636703312397,0.02712358394637704,-0.05033704452216625,-0.14626402780413628,0.023866027360782027,-0.05778098665177822,-0.17337685823440552,0.008575459942221642,-0.022002886864356697,-0.09040856454521418,0.024398050270974636,-0.037208493798971176,-0.10194481536746025,0.0446658581495285,-0.04216576740145683,-0.0868652886711061,0.04499817080795765,-0.04084553010761738,-0.08242564648389816,0.03532269690185785,-0.012872527819126844,-0.08999674767255783,0.025740718003362417,-0.025586206931620836,-0.08511234447360039,0.04658442363142967,-0.02617510873824358,-0.07326378673315048,0.050729189068078995,-0.023047697264701128,-0.06827117502689362,0.04229148291051388,-0.012471485882997513,-0.06884765066206455,0.0303267864510417,-0.018528564367443323,-0.07099426910281181,0.041311342269182205,-0.02215477335266769,-0.07014916837215424,0.04524848237633705,-0.01957430224865675,-0.06259758397936821,0.0261839737650007
0.0,0.0,0.0,-0.0309670465067029,-0.01857006549835205,-0.0032421983778476715,-0.03425754699856043,-0.045743223279714584,0.026949089020490646,-0.03604378178715706,-0.06939658336341381,0.04687115550041199,-0.03610835410654545,-0.07831184472888708,0.06008358113467693,-0.029273217543959618,-0.08841944357845932,0.017228256620001048,-0.041488733142614365,-0.11771972477436066,0.02188399387523532,-0.04793284460902214,-0.14646759629249573,0.018307451682630926,-0.05551398545503616,-0.17292805761098862,0.0031603043898940086,-0.021804162417538464,-0.08949600229971111,0.018914419692009687,-0.03655673563480377,-0.10262147895991802,0.03810246102511883,-0.042259350419044495,-0.0879570220131427,0.03476600535213947,-0.03976987488567829,-0.08468770794570446,0.02281266450881958,-0.014001553412526846,-0.08875006390735507,0.020387475145980716,-0.027177903801202774,-0.08528590190690011,0.03993881493806839,-0.026967186015099287,-0.07386834546923637,0.04179638251662254,-0.022635349538177252,-0.06999898515641689,0.030264311470091343,-0.015434724278748035,-0.06792900525033474,0.025047393515706062,-0.02134569617919624,-0.07037815265357494,0.035923952236771584,-0.02373460540547967,-0.07100685685873032,0.0402070339769125,-0.021766618359833956,-0.06477732956409454,0.019279194064438343
0.0,0.0,0.0,-0.031149260699748993,-0.01966109126806259,-0.0037338733673095703,-0.03407149575650692,-0.04655566066503525,0.025389970280230045,-0.03525594435632229,-0.06930628418922424,0.042985863983631134,-0.034923993051052094,-0.07698769588023424,0.05494720861315727,-0.028806195594370365,-0.08923471951857209,0.01606287551112473,-0.04057977721095085,-0.11764170974493027,0.020051578525453806,-0.046599866822361946,-0.14597980678081512,0.015601461520418525,-0.05389507859945297,-0.17241547256708145,-0.00011232122778892517,-0.020895836409181356,-0.08954850141890347,0.01790121092926711,-0.03462312929332256,-0.10188188217580318,0.03571968153119087,-0.040824320167303085,-0.08800848154351115,0.0322053749114275,-0.04015135578811169,-0.08545897342264652,0.020241995342075825,-0.013072744477540255,-0.08835665369406343,0.019603842869400978,-0.02507482562214136,-0.08378740772604942,0.03774968907237053,-0.025625281035900116,-0.07361196633428335,0.038841716945171356,-0.02324777073226869,-0.07028793357312679,0.027640966698527336,-0.014880767092108727,-0.06658021919429302,0.024141868110746145,-0.020256565883755684,-0.06824680604040623,0.03406101278960705,-0.02267916197888553,-0.06933818943798542,0.038703933358192444,-0.021327807335183024,-0.06425220891833305,0.017530432145576924
0.0,0.0,0.0,-0.031321692280471325,-0.020057961344718933,-0.004987373948097229,-0.03341798298060894,-0.046145398169755936,0.026624005287885666,-0.034507010132074356,-0.06854782998561859,0.04353272169828415,-0.03420713171362877,-0.07735919114202261,0.0574882198125124,-0.027864436618983746,-0.08846112247556448,0.015103821991942823,-0.039936549961566925,-0.11787144094705582,0.020008218474686146,-0.04567333310842514,-0.1465156450867653,0.01577800871018553,-0.054047733545303345,-0.17041832208633423,-0.00017399154603481293,-0.020440242486074567,-0.08869343157857656,0.01611477299593389,-0.034197721630334854,-0.10241482965648174,0.03495033271610737,-0.04123418778181076,-0.0882267658598721,0.029736544005572796,-0.04066440649330616,-0.0861211740411818,0.01659612060757354,-0.013847583439201117,-0.08878581039607525,0.01837305072695017,-0.026054046116769314,-0.08409420400857925,0.03581158258020878,-0.0261150561273098,-0.073390306904912,0.03695359639823437,-0.022345980862155557,-0.07125821523368359,0.024351668544113636,-0.01695945276878774,-0.06654342263936996,0.02210553176701069,-0.021500975359231234,-0.06827139295637608,0.03246777132153511,-0.024158411659300327,-0.07047249376773834,0.037069689482450485,-0.021595739293843508,-0.06543207168579102,0.015155689266975969
0.0,0.0,0.0,-0.03093815967440605,-0.020459100604057312,-0.004944727756083012,-0.03352934867143631,-0.046391528099775314,0.02601096499711275,-0.03473225049674511,-0.06881189346313477,0.04213670548051596,-0.03494076058268547,-0.07756405882537365,0.05595475900918245,-0.027977275662124157,-0.08856920478865504,0.01435221650172025,-0.04040936380624771,-0.11765198037028313,0.019273840356618166,-0.046220678836107254,-0.14602086693048477,0.014313722611404955,-0.05413853004574776,-0.17008130252361298,-0.002220931462943554,-0.02088743436615914,-0.08867714740335941,0.0150592805521228,-0.0346690658479929,-0.10149841010570526,0.03436426538974047,-0.041626911610364914,-0.08710604184307158,0.0298672616481781,-0.04123492352664471,-0.08502748794853687,0.015914516989141703,-0.014509459026157856,-0.08864850783720613,0.017476859968155622,-0.026752039790153503,-0.08309940272010863,0.03502249624580145,-0.027216952294111252,-0.07287316396832466,0.03605495672672987,-0.023441777797415853,-0.07036426849663258,0.02259057993069291,-0.017837002407759428,-0.06622518226504326,0.021535994485020638,-0.02237580856308341,-0.06701315939426422,0.031465246342122555,-0.02457574475556612,-0.068422120064497,0.03650355990976095,-0.021666783839464188,-0.063257722184062,0.01458101361640729
0.0,0.0,0.0,-0.03124296758323908,-0.019946284592151642,-0.004468297585844994,-0.03396718204021454,-0.047296132892370224,0.02598896436393261,-0.03474150970578194,-0.07110854052007198,0.04314708337187767,-0.03378348704427481,-0.07914783991873264,0.05715676210820675,-0.02806614525616169,-0.08981340285390615,0.0143045992590487,-0.0393856056034565,-0.11920248717069626,0.018172216368839145,-0.04589852690696716,-0.14783090725541115,0.013534608529880643,-0.053564466536045074,-0.17329686135053635,-0.0019174199551343918,-0.019821808207780123,-0.09015111881308258,0.016480815946124494,-0.033105671405792236,-0.10440018214285374,0.03490906581282616,-0.040146585553884506,-0.09114326699636877,0.030683446675539017,-0.03936939127743244,-0.08966278983280063,0.01775776711292565,-0.011756361927837133,-0.0892364529427141,0.019238298293203115,-0.02372902538627386,-0.08616035291925073,0.037668511271476746,-0.02387816272675991,-0.07646675780415535,0.03965783305466175,-0.02175801037810743,-0.07407036703079939,0.026847340166568756,-0.01386637520045042,-0.06734433211386204,0.02452660631388426,-0.01906971028074622,-0.07006451301276684,0.03576930798590183,-0.02177584613673389,-0.07218046206980944,0.04184827208518982,-0.020507613196969032,-0.0677653718739748,0.021017141174525023
0.0,0.0,0.0,-0.030874663963913918,-0.016930535435676575,-0.0013223625719547272,-0.03532436955720186,-0.04331854730844498,0.028900217730551958,-0.036235482431948185,-0.06574460677802563,0.050023894757032394,-0.03613673243671656,-0.07341296039521694,0.06557708606123924,-0.02932191826403141,-0.08433449664153159,0.021124881808646023,-0.0412116963416338,-0.1106801275163889,0.02468179794959724,-0.04894617572426796,-0.13837580755352974,0.020630802609957755,-0.05669257417321205,-0.16702508181333542,0.004411241039633751,-0.022179788444191217,-0.08587844157591462,0.024246576009318233,-0.03802989237010479,-0.09697214886546135,0.04206415079534054,-0.043236544355750084,-0.08409501588903368,0.03908433020114899,-0.04158338904380798,-0.08252932131290436,0.025645265355706215,-0.014770590234547853,-0.08493460563477129,0.02518919436261058,-0.028358813375234604,-0.08038729196414351,0.0462125688791275,-0.02733280509710312,-0.07173186354339123,0.046939460560679436,-0.02478693798184395,-0.06817186251282692,0.03537128120660782,-0.015437258407473564,-0.06497736647725105,0.03118357714265585,-0.022712161764502525,-0.06670627556741238,0.04299828037619591,-0.025463051162660122,-0.06758864223957062,0.04836522415280342,-0.023675402160733938,-0.06230248510837555,0.02811324503272772
0.0,0.0,0.0,-0.032587165012955666,-0.019160360097885132,-0.004252932965755463,-0.035671623423695564,-0.045478325337171555,0.028129403479397297,-0.03697954677045345,-0.0691690556704998,0.04545575566589832,-0.03657668922096491,-0.07819996867328882,0.06046321801841259,-0.030528956092894077,-0.08959685475565493,0.019662061356939375,-0.043274059891700745,-0.1187072116881609,0.02496948279440403,-0.04840206727385521,-0.14687055349349976,0.021237760956864804,-0.05707261338829994,-0.1706957295536995,0.004325566813349724,-0.021813143393956125,-0.09001839044503868,0.020857251685811207,-0.03619789332151413,-0.10337164625525475,0.04116652347147465,-0.042114414274692535,-0.08822993515059352,0.037455201148986816,-0.04214957728981972,-0.08547881478443742,0.024693758692592382,-0.014963175635784864,-0.09052445460110903,0.023087515961378813,-0.026468239724636078,-0.0854085348546505,0.041164446622133255,-0.027646918781101704,-0.07432273961603642,0.04251403734087944,-0.023397319484502077,-0.07148946449160576,0.030936390161514282,-0.017050779424607754,-0.06776187382638454,0.026934592053294182,-0.02151343785226345,-0.0700459573417902,0.03641245327889919,-0.025419638492166996,-0.07100021839141846,0.03961147367954254,-0.021816622000187635,-0.06504169292747974,0.017531438963487744
0.0,0.0,0.0,-0.029659699648618698,-0.01764305680990219,-0.0016520582139492035,-0.03335884399712086,-0.04477069899439812,0.027873240411281586,-0.034548571333289146,-0.06676588207483292,0.047184187918901443,-0.0353992972522974,-0.0752609372138977,0.06090877018868923,-0.02805448044091463,-0.08588962850626558,0.01952348806662485,-0.039934560656547546,-0.1127551831305027,0.023875324055552483,-0.0469932034611702,-0.1409359686076641,0.019562062225304544,-0.05417533591389656,-0.16858918964862823,0.0030419789254665375,-0.02063745039049536,-0.08721578936092556,0.021482631447724998,-0.0349669698625803,-0.09836291521787643,0.03974834457039833,-0.040862126275897026,-0.08447499037720263,0.03761317953467369,-0.039589960128068924,-0.08229404618032277,0.025165671482682228,-0.012870436534285545,-0.08646702312398702,0.022415221435949206,-0.025144753511995077,-0.08203981746919453,0.041712697595357895,-0.025125185027718544,-0.07201602309942245,0.043419281020760536,-0.02326314663514495,-0.06794219464063644,0.03273842856287956,-0.013850819319486618,-0.06644733622670174,0.027366663329303265,-0.020093698985874653,-0.06797011382877827,0.03781481459736824,-0.02235757210291922,-0.06791280396282673,0.042646098881959915,-0.02113788272254169,-0.062157027423381805,0.022943517891690135
0.0,0.0,0.0,-0.02867679949849844,-0.01643269509077072,0.0004563983529806137,-0.032620010897517204,-0.043493468314409256,0.030475588981062174,-0.03400872088968754,-0.0647681038826704,0.05391930416226387,-0.035678740590810776,-0.07342065684497356,0.06879356130957603,-0.027600313536822796,-0.0833082483150065,0.023990516689991637,-0.03953147307038307,-0.10937588661909103,0.027263278607279062,-0.04807973653078079,-0.1373707801103592,0.022956467233598232,-0.054384514689445496,-0.16718165576457977,0.007625356316566467,-0.021211747778579593,-0.08507403125986457,0.02663080208003521,-0.03644043393433094,-0.09546184167265892,0.04329968988895416,-0.04188086465001106,-0.0828609203454107,0.040262620896101,-0.039716269820928574,-0.08103045169264078,0.027990000322461128,-0.013382290955632925,-0.08327579323668033,0.026479257037863135,-0.0266274381428957,-0.07928745914250612,0.04630889557301998,-0.025181286968290806,-0.06964997109025717,0.047358438372612,-0.024435932748019695,-0.06531969085335732,0.037055100314319134,-0.013646674808114767,-0.0640817042440176,0.031666015740484,-0.0211494208779186,-0.06532630883157253,0.0428529791533947,-0.022922223201021552,-0.06568526104092598,0.048236045986413956,-0.023254902102053165,-0.060246365144848824,0.029471086338162422
0.0,0.0,0.0,-0.018452562391757965,-0.03308867663145065,-0.0021982435137033463,-0.011294364929199219,-0.06519024446606636,0.008289478719234467,0.010142290964722633,-0.09435422904789448,0.014111895114183426,0.031822276301681995,-0.10045075044035912,0.016156721860170364,0.0029262788593769073,-0.09975491091609001,-0.029715348733589053,0.009393014013767242,-0.13302237167954445,-0.023042924236506224,0.012381967157125473,-0.1618119701743126,-0.012060902081429958,0.009710215032100677,-0.18553300946950912,-0.006347499787807465,0.029788911808282137,-0.0893478523939848,-0.03108736011199653,0.044054687954485416,-0.11108422465622425,-0.008990895003080368,0.03498385101556778,-0.10247212275862694,0.019077200442552567,0.024993564933538437,-0.09098172932863235,0.0430271215736866,0.052441829815506935,-0.07382883597165346,-0.02667805104283616,0.056047745048999786,-0.0855523282662034,0.0010508429259061813,0.047726756893098354,-0.07825486129149795,0.02278679609298706,0.038747166749089956,-0.06439477950334549,0.03758220747113228,0.06217112019658089,-0.05455068498849869,-0.014450041577219963,0.06770867854356766,-0.06683354638516903,0.003989052027463913,0.062016988173127174,-0.06433212757110596,0.02491123601794243,0.053045643493533134,-0.05327162705361843,0.027329858392477036
0.0,0.0,0.0,-0.01370394229888916,-0.03509392589330673,-0.0027385838329792023,-0.0021928995847702026,-0.06667717918753624,0.006685178726911545,0.021970711648464203,-0.09266558848321438,0.01286250725388527,0.04398661945015192,-0.09834368899464607,0.01097891479730606,0.01207161508500576,-0.10178199224174023,-0.03309852967504412,0.02179398573935032,-0.13429474458098412,-0.03110255440697074,0.02388283610343933,-0.16360782831907272,-0.02046773210167885,0.023833729326725006,-0.1904718577861786,-0.013824181631207466,0.036567946430295706,-0.09008217649534345,-0.03783916449174285,0.05283096991479397,-0.1091072503477335,-0.01851319521665573,0.04395650513470173,-0.1012136023491621,0.008616182953119278,0.03166522178798914,-0.08990447642281651,0.03472317010164261,0.05785636976361275,-0.07299147918820381,-0.035223878803662956,0.06577480584383011,-0.08638231735676527,-0.0088149793446064,0.05686059594154358,-0.07800209522247314,0.015925463289022446,0.047796149738132954,-0.0659303329885006,0.0308401957154274,0.06754211522638798,-0.054150309413671494,-0.023529773578047752,0.07430291548371315,-0.06863526813685894,-0.006502021104097366,0.07192064076662064,-0.06679309159517288,0.016044698655605316,0.06027795746922493,-0.05722692981362343,0.020325958728790283
0.0,0.0,0.0,-0.030552823096513748,-0.01716829091310501,-0.0021111927926540375,-0.03421594761312008,-0.04406718909740448,0.029067009687423706,-0.03578449785709381,-0.06701776571571827,0.05041546933352947,-0.0362290907651186,-0.07568115927278996,0.06636686809360981,-0.02907719649374485,-0.08644933317555115,0.021920140861766413,-0.04159260168671608,-0.11404242552816868,0.026907797437161207,-0.04825643077492714,-0.1426803171634674,0.023004247865173966,-0.055913422256708145,-0.16907762736082077,0.00645815022289753,-0.021479518967680633,-0.08808590471744537,0.023494125925935805,-0.036924127489328384,-0.09959129430353642,0.04380667395889759,-0.04162247106432915,-0.08434389205649495,0.04151103273034096,-0.040270669385790825,-0.08017466031014919,0.029490424785763025,-0.014291897416114807,-0.08813187014311552,0.02456854423508048,-0.02723748330026865,-0.08299342053942382,0.04454271122813225,-0.02647198596969247,-0.07109237182885408,0.0468137226998806,-0.022582122590392828,-0.06640388816595078,0.03597817104309797,-0.015505119692534208,-0.06766200065612793,0.028852909803390503,-0.021159749245271087,-0.06938128173351288,0.039306165650486946,-0.023899402702227235,-0.06894748657941818,0.04300095699727535,-0.021203732350841165,-0.061811838299036026,0.02223996108659776
0.0,0.0,0.0,-0.031120180152356625,-0.01897178590297699,-0.003447210416197777,-0.03425882197916508,-0.046176325529813766,0.02659187838435173,-0.035089265555143356,-0.06998867727816105,0.044441357254981995,-0.035852909088134766,-0.07899817451834679,0.058763327077031136,-0.029120352119207382,-0.09024140704423189,0.01568736939225346,-0.04102984629571438,-0.11878252774477005,0.021907344460487366,-0.04610813409090042,-0.1479569412767887,0.01850924757309258,-0.05426376685500145,-0.1732858344912529,0.003862236626446247,-0.020273315953090787,-0.09024693607352674,0.016798836546513485,-0.033344024792313576,-0.10398878529667854,0.03851798176765442,-0.03932160511612892,-0.08863446209579706,0.0385179128497839,-0.03862696513533592,-0.08496224391274154,0.028759052976965904,-0.01180794881656766,-0.09069516649469733,0.019524174742400646,-0.02290733577683568,-0.08618939714506269,0.03964487090706825,-0.02410200797021389,-0.07433279696851969,0.04383128881454468,-0.021055232966318727,-0.07039210200309753,0.03334822319447994,-0.013255886733531952,-0.06881347298622131,0.024271976202726364,-0.01727808197028935,-0.07109024561941624,0.03460332378745079,-0.019979761680588126,-0.07100695557892323,0.040264103561639786,-0.018439194187521935,-0.06469222344458103,0.019873745506629348
0.0,0.0,0.0,-0.032222554087638855,-0.020229116082191467,-0.004948094487190247,-0.03395667485892773,-0.04576127231121063,0.025418459437787533,-0.03423999063670635,-0.06814710795879364,0.03800569288432598,-0.03430308122187853,-0.07668758742511272,0.05100608430802822,-0.027994100004434586,-0.08828231366351247,0.012904518876894144,-0.04050019755959511,-0.11665380746126175,0.017809380311518908,-0.0453963465988636,-0.14492446929216385,0.012953735626069829,-0.054687827825546265,-0.16719064116477966,-0.004355352371931076,-0.02005294317496009,-0.08736293739639223,0.01221836800687015,-0.0335521399974823,-0.10017703101038933,0.0318459402769804,-0.03980850614607334,-0.08582210424356163,0.028089906089007854,-0.039558254182338715,-0.0837227120064199,0.015128059778362513,-0.014296575915068388,-0.08858549757860601,0.014698176528327167,-0.025152509100735188,-0.08207511994987726,0.03147495165467262,-0.02634107507765293,-0.07188551407307386,0.03418722748756409,-0.021715707145631313,-0.07080362085253,0.02101900987327099,-0.01800494035705924,-0.06490916945040226,0.01752763893455267,-0.021390659036114812,-0.06595222279429436,0.027206338942050934,-0.024273257702589035,-0.06828740052878857,0.032822031527757645,-0.020123315742239356,-0.06274472177028656,0.012412827432854101
0.0,0.0,0.0,-0.031150612980127335,-0.019352778792381287,-0.004213592037558556,-0.0340212807059288,-0.04487088695168495,0.026312779635190964,-0.035053844563663006,-0.06720360927283764,0.04325598478317261,-0.034828925505280495,-0.07512273918837309,0.056950587779283524,-0.02919525746256113,-0.08816969394683838,0.016901903232792392,-0.041748831048607826,-0.11487193033099174,0.021823865827172995,-0.04734583757817745,-0.14370713010430336,0.01675133081516833,-0.055517977103590965,-0.16802667826414108,0.0008263811469078064,-0.02193283149972558,-0.08802604069933295,0.017153793771285564,-0.03567599877715111,-0.0993553102016449,0.03659110330045223,-0.04138548858463764,-0.08483309834264219,0.03233588021248579,-0.04074161499738693,-0.08152803406119347,0.020337269641458988,-0.015203210059553385,-0.08813977520912886,0.018961655907332897,-0.027806831058114767,-0.08239494077861309,0.03638584911823273,-0.0273761167190969,-0.07134616002440453,0.037468161433935165,-0.023131163325160742,-0.06844769977033138,0.024471324402838945,-0.018329958897083998,-0.06579609215259552,0.02175272163003683,-0.022681462462060153,-0.06714579835534096,0.031223274767398834,-0.02506565349176526,-0.06786485947668552,0.035016678273677826,-0.022428713273257017,-0.06221148557960987,0.012977910228073597
0.0,0.0,0.0,-0.031209821812808514,-0.019021108746528625,-0.003651037812232971,-0.03376859612762928,-0.04528137296438217,0.027310538105666637,-0.03486976586282253,-0.06800304539501667,0.044694723561406136,-0.03507434483617544,-0.07712898962199688,0.05844482406973839,-0.028504940681159496,-0.08877846319228411,0.01704039600917895,-0.041034333407878876,-0.11648103222250938,0.022738654632121325,-0.04647250100970268,-0.14600488543510437,0.018864512792788446,-0.05443545803427696,-0.17026474326848984,0.0034426385536789894,-0.021166295278817415,-0.0887717199511826,0.016935212413955014,-0.03508316911756992,-0.10148084256798029,0.037928130477666855,-0.040677065029740334,-0.0863360008224845,0.03501075133681297,-0.04044352471828461,-0.08293512067757547,0.02432866208255291,-0.014665212016552687,-0.08939872705377638,0.019171647261828184,-0.02659607771784067,-0.08414247841574252,0.03732806071639061,-0.0269012488424778,-0.07226050831377506,0.03999684378504753,-0.022820372134447098,-0.06921471655368805,0.028195565566420555,-0.01792751019820571,-0.06726754084229469,0.022423248272389174,-0.022062528179958463,-0.06886274181306362,0.03202973585575819,-0.024576184805482626,-0.06969816982746124,0.036975324153900146,-0.022173095494508743,-0.06343822553753853,0.01614437799435109
0.0,0.0,0.0,-0.03047320991754532,-0.018108010292053223,-0.005098841153085232,-0.03279757872223854,-0.044746123254299164,0.02408893220126629,-0.03460537642240524,-0.06656485982239246,0.040640088729560375,-0.03487515635788441,-0.07443299237638712,0.052802578546106815,-0.028724987525492907,-0.08631932362914085,0.013991267478559166,-0.04167359881103039,-0.11335187405347824,0.019139618147164583,-0.04767706245183945,-0.1426760032773018,0.015082263853400946,-0.05531055107712746,-0.1676962673664093,-0.0017048241570591927,-0.02192305587232113,-0.08672128734178841,0.015152932261116803,-0.03734825178980827,-0.09842696227133274,0.03531832713633776,-0.042065566405653954,-0.08276611682958901,0.033068749122321606,-0.04066159948706627,-0.07833265699446201,0.021782923489809036,-0.015912594739347696,-0.08675028989091516,0.01718587940558791,-0.02863243967294693,-0.08138345484621823,0.03545286972075701,-0.028137024492025375,-0.06885777786374092,0.03807590063661337,-0.023367128102108836,-0.06446443684399128,0.028115248307585716,-0.01854224014095962,-0.06568178534507751,0.021139775402843952,-0.02347486582584679,-0.06674070283770561,0.030172327533364296,-0.02550306636840105,-0.06619679927825928,0.033225216902792454,-0.022642480907961726,-0.05903063714504242,0.01213490660302341
0.0,0.0,0.0,-0.030875232070684433,-0.019930638372898102,-0.004156595095992088,-0.03359154239296913,-0.046143632382154465,0.02526461612433195,-0.034582141786813736,-0.06916111148893833,0.04117762669920921,-0.03448520600795746,-0.0767242107540369,0.05393259972333908,-0.02828821260482073,-0.08936955407261848,0.014981998087023385,-0.04065039940178394,-0.11650287732481956,0.019652226474136114,-0.0462057963013649,-0.14583859220147133,0.015460621798411012,-0.05418400093913078,-0.1699848547577858,0.0013494351878762245,-0.02084314828971401,-0.08929910557344556,0.015476844884688035,-0.03469923697412014,-0.1016998253762722,0.03597262315452099,-0.04070182330906391,-0.08793418691493571,0.03464413248002529,-0.04028864949941635,-0.0845094679389149,0.024707195349037647,-0.013793394900858402,-0.08929912839084864,0.017654634779319167,-0.025833328254520893,-0.0848089880309999,0.036395829170942307,-0.02624356374144554,-0.07380237244069576,0.03956443816423416,-0.02330343145877123,-0.07052157819271088,0.02784302830696106,-0.017085567582398653,-0.06687446311116219,0.0211035436950624,-0.021319669554941356,-0.06914885528385639,0.031183689832687378,-0.02368962438777089,-0.06952173262834549,0.036412306129932404,-0.021675875643268228,-0.06415219232439995,0.015883722575381398
0.0,0.0,0.0,-0.031282574869692326,-0.01895151287317276,-0.003454025834798813,-0.03486398793756962,-0.04655444622039795,0.024847405031323433,-0.034934237599372864,-0.07048381865024567,0.04259876720607281,-0.03494946472346783,-0.0780386533588171,0.05502946488559246,-0.028492125682532787,-0.08919941331259906,0.015264856512658298,-0.039716070517897606,-0.11693502590060234,0.01856572343967855,-0.04678553156554699,-0.1456761620938778,0.014935678918845952,-0.05443650297820568,-0.17329908162355423,2.73045152425766e-05,-0.02002317237202078,-0.08987430366687477,0.0177043768344447,-0.03406722377985716,-0.10201943665742874,0.03655698150396347,-0.04001753218472004,-0.08839875226840377,0.037223098799586296,-0.03934358432888985,-0.08517640945501626,0.02856073807924986,-0.01194056635722518,-0.08890129043720663,0.01943243038840592,-0.023536877240985632,-0.0845287072006613,0.039935365319252014,-0.024599598720669746,-0.07478112448006868,0.04334496706724167,-0.022993327118456364,-0.07059400528669357,0.034085799008607864,-0.012450416572391987,-0.06756250560283661,0.02521202340722084,-0.01908221119083464,-0.06996189430356026,0.035763101652264595,-0.021955027244985104,-0.07062116451561451,0.04130845330655575,-0.02104518562555313,-0.06385884806513786,0.02238258020952344
0.0,0.0,0.0,-0.030360129661858082,-0.018725208938121796,-0.0020190272480249405,-0.03493361547589302,-0.046673987060785294,0.025675001554191113,-0.03588946536183357,-0.07088922150433064,0.04439188167452812,-0.03528742305934429,-0.07852535415440798,0.05625724047422409,-0.029570916667580605,-0.09021413698792458,0.017875593475764617,-0.04066401906311512,-0.11755732260644436,0.022265602834522724,-0.04746217466890812,-0.1470162682235241,0.01893629424739629,-0.05442570336163044,-0.1742902174592018,0.004424531012773514,-0.020455181133002043,-0.0910484604537487,0.01921991107519716,-0.034131540916860104,-0.1030843323096633,0.03867701254785061,-0.039626192301511765,-0.08865949488244951,0.04010218754410744,-0.03871871158480644,-0.084365155082196,0.0327884154394269,-0.01092833373695612,-0.0899402832146734,0.019752390449866652,-0.022566964849829674,-0.08634659717790782,0.040813107043504715,-0.023356604389846325,-0.07470869924873114,0.04492121376097202,-0.0218136515468359,-0.06908699125051498,0.03649299964308739,-0.010942625347524881,-0.06877529807388783,0.02455139672383666,-0.017288817325606942,-0.07161315530538559,0.034868273884058,-0.019732516026124358,-0.07096182927489281,0.0406304020434618,-0.019110118504613638,-0.06350754015147686,0.022599260322749615
0.0,0.0,0.0,-0.03215790167450905,-0.020701609551906586,-0.004699002951383591,-0.03433371149003506,-0.046902723610401154,0.025604942813515663,-0.03505157120525837,-0.07059812732040882,0.039146559312939644,-0.034646482206881046,-0.07829614821821451,0.05145130679011345,-0.029620573855936527,-0.09105789894238114,0.012999145401408896,-0.041402846574783325,-0.11871566250920296,0.018200227059423923,-0.045619187876582146,-0.14855299144983292,0.014285805518738925,-0.054430071264505386,-0.17039712518453598,0.0008754823356866837,-0.02110722748329863,-0.08989995601586998,0.011802359658759087,-0.0348381819203496,-0.10297633707523346,0.032992202788591385,-0.04101436212658882,-0.08788949460722506,0.031793538480997086,-0.042802952229976654,-0.08341353945434093,0.02091770339757204,-0.014239266514778137,-0.09047918068245053,0.014350058045238256,-0.025837143417447805,-0.08485229290090501,0.03161028400063515,-0.027065631467849016,-0.07152773812413216,0.035561589524149895,-0.023653481155633926,-0.06743808835744858,0.02324658539146185,-0.018583565019071102,-0.06649455428123474,0.01698598312214017,-0.02169405110180378,-0.06877606734633446,0.025710124522447586,-0.024909396655857563,-0.06825635023415089,0.03136769309639931,-0.022004590835422277,-0.06185451149940491,0.010984120657667518
0.0,0.0,0.0,-0.01364828646183014,-0.035120218992233276,-0.0030712373554706573,-0.0016946643590927124,-0.06677824258804321,0.00518953800201416,0.022940045222640038,-0.09222852997481823,0.009219992905855179,0.04438844369724393,-0.09791293926537037,0.005549851804971695,0.012472838163375854,-0.10165219008922577,-0.035304768243804574,0.022074494510889053,-0.1339685544371605,-0.033493324648588896,0.024054408073425293,-0.16335349529981613,-0.022607737220823765,0.024054650217294693,-0.1902288869023323,-0.016227515414357185,0.03651505964808166,-0.08979263342916965,-0.0400715556461364,0.052602728828787804,-0.1089661605656147,-0.021358227357268333,0.044327417854219675,-0.10121303051710129,0.0063164085149765015,0.03180743753910065,-0.09013277804479003,0.03211579471826553,0.057232338935136795,-0.07297387160360813,-0.03726880019530654,0.06571034342050552,-0.08597328048199415,-0.011385966092348099,0.05703440494835377,-0.07828282937407494,0.013140857219696045,0.04790932405740023,-0.06608339585363865,0.028374984860420227,0.06685133650898933,-0.05406636372208595,-0.025327163748443127,0.07392024993896484,-0.06889232248067856,-0.008884157985448837,0.07170872017741203,-0.06722607649862766,0.013313580304384232,0.06027310527861118,-0.0576353594660759,0.017264440655708313
0.0,0.0,0.0,-0.031027454882860184,-0.020210959017276764,-0.003998154774308205,-0.03415791876614094,-0.04704450070858002,0.024595871567726135,-0.03452352713793516,-0.06989255733788013,0.037913622334599495,-0.032453917898237705,-0.07768709026277065,0.04864890314638615,-0.028916390612721443,-0.09003094653598964,0.012729423702694476,-0.04021243192255497,-0.11729419231414795,0.016932460479438305,-0.045725712552666664,-0.14705278351902962,0.012773424736224115,-0.053327953442931175,-0.1702824831008911,-0.0025910157710313797,-0.02083642571233213,-0.08890446880832314,0.011722587572876364,-0.034725410863757133,-0.1010781405493617,0.029649008065462112,-0.04007792845368385,-0.08631220343522727,0.026297426782548428,-0.040103012695908546,-0.08183517213910818,0.014887840952724218,-0.013570249546319246,-0.08830826554913074,0.01303004170767963,-0.025405204854905605,-0.0835062712430954,0.028758784756064415,-0.02551919175311923,-0.07132018078118563,0.03081701695919037,-0.022352721309289336,-0.06709715537726879,0.018758644815534353,-0.016649176832288504,-0.0651458278298378,0.015844916459172964,-0.02103940909728408,-0.06705635413527489,0.0235318960621953,-0.02368417615070939,-0.06748725101351738,0.028257450088858604,-0.021037370432168245,-0.06159631535410881,0.007814979879185557
0.0,0.0,0.0,-0.03128523100167513,-0.020043939352035522,-0.00497833639383316,-0.03445941582322121,-0.0465313196182251,0.02411805000156164,-0.03514629043638706,-0.07018569484353065,0.03847349248826504,-0.03415352199226618,-0.07773544546216726,0.051283396780490875,-0.02841127384454012,-0.0906718885526061,0.01386879655183293,-0.0403139665722847,-0.1189103052020073,0.01978672342374921,-0.045653730630874634,-0.1486077681183815,0.015831782948225737,-0.05392010882496834,-0.17198115587234497,0.00010344572365283966,-0.01954762195236981,-0.0901233903132379,0.013935017253970727,-0.03284295555204153,-0.1026583993807435,0.03522266820073128,-0.03907416760921478,-0.08691647090017796,0.03465021587908268,-0.038874607533216476,-0.08240570081397891,0.026764532551169395,-0.011685627046972513,-0.09068152867257595,0.01647129375487566,-0.022764294408261776,-0.08488157344982028,0.035088758915662766,-0.02444740291684866,-0.0725594898685813,0.03957533277571201,-0.02134048193693161,-0.06860646232962608,0.028636334463953972,-0.014357644133269787,-0.0673957820981741,0.02036121115088463,-0.018166225170716643,-0.0692313015460968,0.029951278120279312,-0.02144012530334294,-0.07038737088441849,0.03547022119164467,-0.01842657057568431,-0.06346842646598816,0.015487803611904383
0.0,0.0,0.0,-0.028950486332178116,-0.018988333642482758,-0.002131164073944092,-0.03292675502598286,-0.046631909906864166,0.02550008613616228,-0.03383125737309456,-0.0698065347969532,0.04488692246377468,-0.032730503007769585,-0.0775485634803772,0.05709131434559822,-0.026894529350101948,-0.08900117804296315,0.016211810041568242,-0.03735379874706268,-0.1164818536490202,0.02157027879729867,-0.044991979375481606,-0.14622929692268372,0.018115243641659617,-0.05114552937448025,-0.17357979714870453,0.0032952148467302322,-0.019079908495768905,-0.08922589244320989,0.017847687820903957,-0.03251952398568392,-0.10107871703803539,0.03603070415556431,-0.038436174392700195,-0.08658207533881068,0.03580532781779766,-0.036853453144431114,-0.08211430814117193,0.027499706484377384,-0.009696603287011385,-0.08773744152858853,0.018224577885121107,-0.021558627020567656,-0.08410935034044087,0.03790980763733387,-0.021836835891008377,-0.07333109062165022,0.04060142673552036,-0.020682531408965588,-0.06657696701586246,0.031040561385452747,-0.009992558509111404,-0.06710575893521309,0.023426505737006664,-0.016286995727568865,-0.06893788650631905,0.033606993034482,-0.01827916968613863,-0.0694615226238966,0.039891442283988,-0.017739822156727314,-0.06272580660879612,0.021482358686625957
0.0,0.0,0.0,-0.02921978570520878,-0.01943030208349228,-0.0032359398901462555,-0.03303353860974312,-0.04551621526479721,0.02576139848679304,-0.03388315439224243,-0.06734326668083668,0.043576495721936226,-0.03285489324480295,-0.07383248768746853,0.057791026309132576,-0.026941442862153053,-0.08718724269419909,0.01702112653583754,-0.03842991217970848,-0.11364268139004707,0.022178522311151028,-0.04483986645936966,-0.14297758042812347,0.01763019332429394,-0.052277687937021255,-0.16822072118520737,0.000542202964425087,-0.01948014774825424,-0.08739376440644264,0.017890040413476527,-0.03349580429494381,-0.0978550324216485,0.036518221721053123,-0.039827246218919754,-0.08375167730264366,0.03433618135750294,-0.03859935700893402,-0.08021472301334143,0.024324903264641762,-0.011989346239715815,-0.08693540561944246,0.01909129973500967,-0.024217750877141953,-0.08093696972355247,0.03769932687282562,-0.02476099180057645,-0.07021275162696838,0.03927428089082241,-0.022588121239095926,-0.06627186015248299,0.02751494850963354,-0.014337509637698531,-0.06507311575114727,0.02344173565506935,-0.02008654223755002,-0.06585457362234592,0.03305836766958237,-0.022120001260191202,-0.06633012555539608,0.03801544941961765,-0.01998263970017433,-0.06030639633536339,0.017840617161709815
0.0,0.0,0.0,-0.030910932458937168,-0.021696440875530243,-0.004485387355089188,-0.03240933082997799,-0.04797797277569771,0.02749304287135601,-0.032764121890068054,-0.07109786942601204,0.04381084069609642,-0.03162984922528267,-0.07886889763176441,0.059649817645549774,-0.026117151603102684,-0.09015999501571059,0.0164277934236452,-0.03691070340573788,-0.11921808868646622,0.02137494133785367,-0.04199576377868652,-0.1478591449558735,0.01633357079117559,-0.05063931830227375,-0.1707090064883232,-0.0005814675241708755,-0.0173704344779253,-0.08935790252871811,0.016331970691680908,-0.029709044843912125,-0.10260297730565071,0.03600923344492912,-0.037588538601994514,-0.0889910573605448,0.03106366377323866,-0.03735736943781376,-0.08763259439729154,0.018587404512800276,-0.010003712493926287,-0.08938549575395882,0.018873173277825117,-0.020769252441823483,-0.08419424388557673,0.03688429668545723,-0.02231571963056922,-0.0745358681306243,0.03834287263453007,-0.019667889922857285,-0.07318850979208946,0.023422400932759047,-0.013859274331480265,-0.0657548438757658,0.02233235165476799,-0.017756178975105286,-0.0668750386685133,0.03346109949052334,-0.020534466952085495,-0.06974983587861061,0.03988071158528328,-0.018265744671225548,-0.06525762751698494,0.0187045952770859
0.0,0.0,0.0,-0.028881418518722057,-0.019226469099521637,-0.004732061177492142,-0.03338206186890602,-0.047153227031230927,0.02025531278923154,-0.033935217186808586,-0.06953397113829851,0.037583768367767334,-0.03289195895195007,-0.07610444631427526,0.04821719415485859,-0.027278167195618153,-0.08635788457468152,0.010906941257417202,-0.03786443918943405,-0.11317744478583336,0.014394495519809425,-0.046341799199581146,-0.14129206910729408,0.011689108680002391,-0.053016867488622665,-0.16960889846086502,-0.0032688695937395096,-0.018885147524997592,-0.08714356017298996,0.015198047971352935,-0.03406544215977192,-0.09699933044612408,0.0326569527387619,-0.04085157439112663,-0.08423985028639436,0.033105164766311646,-0.037596313282847404,-0.08053129632025957,0.024066098034381866,-0.009980353061109781,-0.085205705370754,0.01719978475011885,-0.02303168224170804,-0.08092177822254598,0.03851482458412647,-0.023692432790994644,-0.07112695276737213,0.04108905605971813,-0.021749649196863174,-0.06535685062408447,0.03257397748529911,-0.010211827233433723,-0.06531448289752007,0.024663249030709267,-0.018587775761261582,-0.06633840501308441,0.0365265104919672,-0.020296521950513124,-0.06658308394253254,0.04223017953336239,-0.0191238671541214,-0.06012423522770405,0.024660490453243256
0.0,0.0,0.0,-0.02819100394845009,-0.01945512741804123,-0.0059492746368050575,-0.03144046012312174,-0.04707580804824829,0.020508142188191414,-0.03247884102165699,-0.06913080159574747,0.03847398515790701,-0.030666501261293888,-0.07498292531818151,0.050105190835893154,-0.02534390799701214,-0.08506961981765926,0.010491910856217146,-0.03582922741770744,-0.11047676205635071,0.013053685770501033,-0.04469718411564827,-0.13908341899514198,0.00770742679014802,-0.051329851150512695,-0.16702882945537567,-0.008497546426951885,-0.018578156363219023,-0.08605470834299922,0.014867091784253716,-0.03375214710831642,-0.09514841996133327,0.0314937187358737,-0.03975145146250725,-0.0831791553646326,0.029177489690482616,-0.03512848727405071,-0.08107644808478653,0.017947670072317123,-0.010847587138414383,-0.08350355352740735,0.017063559498637915,-0.02373329922556877,-0.07946589938364923,0.03790563065558672,-0.023641372099518776,-0.07175616454333067,0.0381739130243659,-0.02175390813499689,-0.0666799508035183,0.026283951476216316,-0.012258555740118027,-0.06363966688513756,0.02514196652919054,-0.020740400068461895,-0.06400018557906151,0.03776062186807394,-0.020900051575154066,-0.06503804959356785,0.04304932523518801,-0.020095939049497247,-0.059492044150829315,0.023411156609654427
0.0,0.0,0.0,-0.029112227261066437,-0.019198261201381683,-0.0060343872755765915,-0.03248019702732563,-0.04723881185054779,0.019034758675843477,-0.034122198820114136,-0.06925136223435402,0.03663371317088604,-0.034583209082484245,-0.0762773659080267,0.04413691721856594,-0.027020825073122978,-0.08593340939842165,0.010085782501846552,-0.03836449794471264,-0.11140445061028004,0.012361440807580948,-0.04713070206344128,-0.1405409537255764,0.009216294158250093,-0.05328603275120258,-0.16927872598171234,-0.004039299674332142,-0.020404638722538948,-0.08651467645540833,0.013775661587715149,-0.036535343155264854,-0.09663200750946999,0.029566289857029915,-0.04156322777271271,-0.08361088531091809,0.029415953904390335,-0.03746368736028671,-0.08073489228263497,0.02160018030554056,-0.01257326453924179,-0.08427246799692512,0.014640334760770202,-0.025820661801844835,-0.08056480530649424,0.03468615934252739,-0.02582836290821433,-0.07132954895496368,0.03643514774739742,-0.023406033404171467,-0.06539944000542164,0.027686916291713715,-0.013282307889312506,-0.06441125459969044,0.021690224297344685,-0.02199131972156465,-0.06581039912998676,0.0317288413643837,-0.022495257668197155,-0.06677790731191635,0.034983232617378235,-0.022768383380025625,-0.0599207766354084,0.015678708907216787
0.0,0.0,0.0,-0.030572191812098026,-0.020606204867362976,-0.005352788604795933,-0.033139053732156754,-0.048908308148384094,0.02276287041604519,-0.03461102023720741,-0.07322907727211714,0.03866411652415991,-0.03272019326686859,-0.08207127079367638,0.04863944370299578,-0.027360417880117893,-0.09083439549431205,0.011897470860276371,-0.037496887147426605,-0.12055358290672302,0.016430871794000268,-0.044096289202570915,-0.1496802493929863,0.013119901937898248,-0.0510841328650713,-0.17428389191627502,-0.0008317986503243446,-0.01808846986386925,-0.09087248519062996,0.013535723323002458,-0.03023359924554825,-0.10468599386513233,0.033375139348208904,-0.03729195334017277,-0.09078606171533465,0.03373357001692057,-0.035182155668735504,-0.08690325752831995,0.02690660022199154,-0.00881875865161419,-0.08889324718620628,0.015486892312765121,-0.019908106420189142,-0.0868296567350626,0.03524090815335512,-0.021210425533354282,-0.07565668690949678,0.03995704744011164,-0.019309865776449442,-0.07139036059379578,0.030824129469692707,-0.010070125572383404,-0.0667826496064663,0.02070595696568489,-0.015157135669142008,-0.07016073539853096,0.03183535020798445,-0.017631416907534003,-0.07189597375690937,0.03790025133639574,-0.016770013142377138,-0.06590806506574154,0.019379766192287207
0.0,0.0,0.0,-0.029080438427627087,-0.019296862185001373,-0.006594034843146801,-0.03265056572854519,-0.047338228672742844,0.01847214810550213,-0.03408906050026417,-0.07044754642993212,0.03439214359968901,-0.03352329693734646,-0.07836718577891588,0.04341705236583948,-0.026308244094252586,-0.08619879849720746,0.0078513422049582,-0.03616233915090561,-0.1132674291729927,0.010856338194571435,-0.045062484219670296,-0.14202264323830605,0.007917260518297553,-0.051267487928271294,-0.17002010345458984,-0.00506035890430212,-0.0180700880009681,-0.0870019500143826,0.011922110104933381,-0.03292117454111576,-0.09839285165071487,0.02863320428878069,-0.039118366315960884,-0.08585530100390315,0.028632196597754955,-0.03625431843101978,-0.08321243012323976,0.020201610401272774,-0.009109357837587595,-0.08463126060087234,0.013913035858422518,-0.021765220444649458,-0.08214595913887024,0.034787184558808804,-0.022232864052057266,-0.07338846940547228,0.037807307206094265,-0.020756421610713005,-0.06773135252296925,0.029016810469329357,-0.009080790914595127,-0.06518213450908661,0.0216439850628376,-0.01752980798482895,-0.0669842567294836,0.033227396197617054,-0.018574607791379094,-0.06813479587435722,0.038831750862300396,-0.018900868948549032,-0.06183457933366299,0.02195684239268303
0.0,0.0,0.0,-0.013721123337745667,-0.03556693345308304,-0.0022335797548294067,-0.0025363415479660034,-0.06770559959113598,0.007149077951908112,0.021542929112911224,-0.09432546515017748,0.012858491390943527,0.0427799541503191,-0.10054468736052513,0.010054070502519608,0.012039821594953537,-0.10444673709571362,-0.03365694626700133,0.02158011682331562,-0.1369413286447525,-0.03203937038779259,0.023154430091381073,-0.166354201734066,-0.020732655189931393,0.023256361484527588,-0.19328197091817856,-0.014508256688714027,0.036415042355656624,-0.09220678173005581,-0.038605895126238465,0.05279672518372536,-0.1113969050347805,-0.019790980964899063,0.04452403914183378,-0.10297425277531147,0.008307002484798431,0.03186096157878637,-0.09127016039565206,0.034833166748285294,0.057745885103940964,-0.07499957177788019,-0.036512182909063995,0.06595085933804512,-0.08833584655076265,-0.009682876989245415,0.05725466459989548,-0.07959116622805595,0.01499970257282257,0.04800008051097393,-0.06689372286200523,0.030370447784662247,0.0675734281539917,-0.05565465986728668,-0.024846206419169903,0.07431387156248093,-0.07050886563956738,-0.008120005950331688,0.07220113277435303,-0.06883560121059418,0.014642108231782913,0.06039722263813019,-0.05856674537062645,0.019128553569316864
0.0,0.0,0.0,-0.02926348429173231,-0.019291922450065613,-0.006101339124143124,-0.03334445133805275,-0.047733157873153687,0.01947501115500927,-0.033826397731900215,-0.07226151879876852,0.03749621380120516,-0.03295573592185974,-0.07968946313485503,0.05026209261268377,-0.02658558450639248,-0.08775279577821493,0.009230513358488679,-0.03603581711649895,-0.11609906144440174,0.013627799809910357,-0.044510211795568466,-0.14482679963111877,0.009756671963259578,-0.05120331421494484,-0.17256347090005875,-0.0034567611292004585,-0.017264595720916986,-0.08907438511960208,0.014505189028568566,-0.03173898905515671,-0.10003868117928505,0.03203072678297758,-0.03804760053753853,-0.08620432997122407,0.03291728813201189,-0.03579064831137657,-0.0819344250485301,0.02353666815906763,-0.007178101688623428,-0.08709881943650544,0.017420968040823936,-0.01921234419569373,-0.08364315028302372,0.03904906380921602,-0.020838364027440548,-0.07501769531518221,0.04179298970848322,-0.019619676284492016,-0.06733278185129166,0.03186968993395567,-0.006999415345489979,-0.06708931364119053,0.02571131382137537,-0.014893847052007914,-0.06908965110778809,0.03817566204816103,-0.017209953861311078,-0.06931883841753006,0.044348898343741894,-0.01730603678151965,-0.06239114701747894,0.027340647764503956
0.0,0.0,0.0,-0.030185755342245102,-0.021079570055007935,-0.008739837445318699,-0.03163505159318447,-0.048067472875118256,0.019110314548015594,-0.033206379041075706,-0.07232367806136608,0.03397101443260908,-0.033511657267808914,-0.08156724646687508,0.04504451435059309,-0.026475880295038223,-0.09078567894175649,0.007121586357243359,-0.03827233240008354,-0.12041438743472099,0.011175827588886023,-0.04402811825275421,-0.15014110133051872,0.006517219822853804,-0.05200985446572304,-0.17348547279834747,-0.00829970370978117,-0.01868391176685691,-0.0906669357791543,0.008834485175611917,-0.03299714159220457,-0.10394597053527832,0.027629929594695568,-0.03900407999753952,-0.08805747283622622,0.024958250112831593,-0.03819330781698227,-0.08328589657321572,0.01520187733694911,-0.01159637700766325,-0.09037577407434583,0.01221807743422687,-0.022721976973116398,-0.08628552523441613,0.029262290336191654,-0.024828902445733547,-0.07444359082728624,0.032417730428278446,-0.02118422114290297,-0.06907011196017265,0.021319327875971794,-0.015067772008478642,-0.06793642044067383,0.01729469746351242,-0.019338458077982068,-0.06994354724884033,0.026412340812385082,-0.021711220033466816,-0.07048953138291836,0.029894008301198483,-0.020303332479670644,-0.0635654516518116,0.009459360619075596
0.0,0.0,0.0,-0.028296243399381638,-0.018332868814468384,-0.005860655568540096,-0.032047382555902004,-0.047667473554611206,0.018922872375696898,-0.03286430612206459,-0.07129998318850994,0.03787040803581476,-0.031946318224072456,-0.07903033401817083,0.04855032917112112,-0.026457365602254868,-0.08709586784243584,0.009768421994522214,-0.037092577666044235,-0.11457017436623573,0.013721122406423092,-0.0457464549690485,-0.14426709339022636,0.010902976442594081,-0.051512906327843666,-0.17242896556854248,-0.0021311333402991295,-0.018804917111992836,-0.08854471170343459,0.01386008458212018,-0.03427133709192276,-0.09859112836420536,0.03132415842264891,-0.03926573321223259,-0.08333515282720327,0.03279929142445326,-0.0359170138835907,-0.07801817078143358,0.02485350426286459,-0.010038045700639486,-0.08658831147477031,0.015527110546827316,-0.022655304986983538,-0.08239257475361228,0.03600707557052374,-0.022950278595089912,-0.07107447367161512,0.03922131936997175,-0.020268583670258522,-0.062377942726016045,0.031565974466502666,-0.0099789435043931,-0.06727800145745277,0.0226905457675457,-0.017327346839010715,-0.06853825226426125,0.03320882748812437,-0.018760062288492918,-0.0675085224211216,0.03664497006684542,-0.018066412769258022,-0.05857650190591812,0.018210292793810368
0.0,0.0,0.0,-0.02846561372280121,-0.01806797832250595,-0.00550087820738554,-0.032124778255820274,-0.0465872660279274,0.019461550749838352,-0.03370137698948383,-0.06977900490164757,0.03742895368486643,-0.032846503891050816,-0.07707285787910223,0.04718001279979944,-0.02702747192233801,-0.08658685651607811,0.010551186394877732,-0.0383001696318388,-0.11339425854384899,0.013789541088044643,-0.04697876609861851,-0.14295394718647003,0.010405733017250896,-0.052873680368065834,-0.17160693556070328,-0.0038975300267338753,-0.01966352085582912,-0.08806484914384782,0.014462109422311187,-0.03506479039788246,-0.0984348002821207,0.0317062521353364,-0.03964165970683098,-0.08361529698595405,0.0319910729303956,-0.03599788062274456,-0.07899045664817095,0.02371927537024021,-0.011406722478568554,-0.08612217789050192,0.0159431048668921,-0.023955687880516052,-0.08233823929913342,0.0360790966078639,-0.023729038424789906,-0.07097650971263647,0.038795593194663525,-0.02080395072698593,-0.06311861425638199,0.030378307215869427,-0.011304838582873344,-0.0670723095536232,0.022733221761882305,-0.018879782990552485,-0.06841268017888069,0.03329965937882662,-0.019870259799063206,-0.06739497557282448,0.0361296022310853,-0.019510572543367743,-0.058862172067165375,0.016783017199486494
0.0,0.0,0.0,-0.028194590471684933,-0.01905088871717453,-0.006693447008728981,-0.03146297950297594,-0.04735731706023216,0.017049268819391727,-0.032090273685753345,-0.0705871032550931,0.031535299494862556,-0.030124660581350327,-0.07773309061303735,0.040634166449308395,-0.02543197199702263,-0.08697935682721436,0.005969463847577572,-0.035122950561344624,-0.11421808786690235,0.009102267478738213,-0.044165135361254215,-0.14309069514274597,0.004544330760836601,-0.050436616875231266,-0.17050430178642273,-0.01058279536664486,-0.017335245851427317,-0.08786962227895856,0.010556773631833494,-0.03119113389402628,-0.09895236231386662,0.026717534288764,-0.03737053740769625,-0.08538711117580533,0.025448914617300034,-0.03413898218423128,-0.08135647466406226,0.014990531839430332,-0.0082740499638021,-0.08538636437151581,0.013490404468029737,-0.020032573956996202,-0.08295922540128231,0.03325692377984524,-0.020338024944067,-0.07390960026532412,0.034562619403004646,-0.019027884816750884,-0.06755036860704422,0.023760142736136913,-0.00845314934849739,-0.06582840532064438,0.02196604199707508,-0.016095220809802413,-0.0673819724470377,0.033091479912400246,-0.01731993956491351,-0.06803726777434349,0.03795614838600159,-0.017228827578946948,-0.06215911544859409,0.01918715611100197
0.0,0.0,0.0,-0.028740418143570423,-0.019381031394004822,-0.0071665504947304726,-0.032507628202438354,-0.04778212308883667,0.016298869624733925,-0.03308187238872051,-0.0718609532341361,0.03113351482897997,-0.031366828829050064,-0.0786982923746109,0.04121032077819109,-0.026062513701617718,-0.08778545772656798,0.004836264066398144,-0.036100780591368675,-0.11605218797922134,0.008987005465314724,-0.044562775641679764,-0.14441995322704315,0.00521311373449862,-0.051395233720541,-0.17190910875797272,-0.008913506753742695,-0.017217996530234814,-0.08914113184437156,0.010183036676608026,-0.031223945319652557,-0.10030267108231783,0.02761110197752714,-0.03779271058738232,-0.08610339881852269,0.028789973817765713,-0.03481527231633663,-0.08139813505113125,0.019585881382226944,-0.007383240386843681,-0.0870484960032627,0.013768422417342663,-0.019249544478952885,-0.08398717502132058,0.03484162408858538,-0.020625386852771044,-0.07508263643831015,0.03749357257038355,-0.018871500389650464,-0.06751073338091373,0.02844549622386694,-0.006904090754687786,-0.06741846166551113,0.02258522342890501,-0.014552639797329903,-0.06910311058163643,0.034544783644378185,-0.016364713897928596,-0.06901803240180016,0.040531606413424015,-0.01587229734286666,-0.06234411709010601,0.022836641408503056
0.0,0.0,0.0,-0.028478002175688744,-0.019105322659015656,-0.006923290900886059,-0.033158211037516594,-0.04671556502580643,0.017047150526195765,-0.03319866955280304,-0.0705063110217452,0.03388506453484297,-0.030660761520266533,-0.07706354279071093,0.04581937659531832,-0.026012872345745564,-0.08647980855312198,0.005992144346237183,-0.035200705751776695,-0.11419977247714996,0.010720337508246303,-0.04383134841918945,-0.14325357601046562,0.006871588062494993,-0.050819629803299904,-0.16987000405788422,-0.006870065815746784,-0.016605487326160073,-0.08815336041152477,0.011471566394902766,-0.031042011454701424,-0.09826529584825039,0.029865928925573826,-0.03813573531806469,-0.08404303435236216,0.031942727975547314,-0.034707557410001755,-0.07925943983718753,0.024667873047292233,-0.0056782374158501625,-0.08675479493103921,0.014846769627183676,-0.018212140537798405,-0.08306067972443998,0.03689854312688112,-0.019848518073558807,-0.07370679173618555,0.04153797868639231,-0.018780515994876623,-0.06570764631032944,0.031619262881577015,-0.00520966574549675,-0.06705374643206596,0.02367436420172453,-0.013122807955369353,-0.06869621574878693,0.036596220917999744,-0.01564423181116581,-0.06899874284863472,0.0441041300073266,-0.015178784029558301,-0.061604712158441544,0.02804127987474203
0.0,0.0,0.0,-0.0288148270919919,-0.018830865621566772,-0.004517963156104088,-0.032326119020581245,-0.047026630491018295,0.021182149648666382,-0.03316909447312355,-0.06990410201251507,0.038266511633992195,-0.03215964138507843,-0.07795004826039076,0.0489739291369915,-0.026749083772301674,-0.08625189505983144,0.011828076327219605,-0.03706993907690048,-0.11296062916517258,0.015216807601973414,-0.04609324969351292,-0.1421235240995884,0.012063227710314095,-0.05264035426080227,-0.16989025473594666,-0.00300581194460392,-0.019052754156291485,-0.08714293339289725,0.015203057788312435,-0.03405781462788582,-0.09843655675649643,0.031431183218955994,-0.039498498663306236,-0.08496376918628812,0.03034704364836216,-0.03653499484062195,-0.08221064461395144,0.02042941330000758,-0.010442867409437895,-0.08558814064599574,0.016388192074373364,-0.022436964325606823,-0.08282857923768461,0.036530232056975365,-0.022342439275234938,-0.07368239108473063,0.038371212780475616,-0.020610804669559002,-0.06738846749067307,0.027607863768935204,-0.010311102494597435,-0.06592765264213085,0.023310585878789425,-0.018635182757861912,-0.06761777214705944,0.03449961915612221,-0.019761720672249794,-0.06854072771966457,0.039444753900170326,-0.019517530454322696,-0.06140092946588993,0.02141729649156332
0.0,0.0,0.0,-0.029077846556901932,-0.019181542098522186,-0.005119683220982552,-0.03317040205001831,-0.046557068824768066,0.020487981382757425,-0.033971499651670456,-0.06884881388396025,0.03831940144300461,-0.03370154835283756,-0.07599948160350323,0.049604153260588646,-0.02703201211988926,-0.08578127005603164,0.011694284621626139,-0.03798857517540455,-0.11275363527238369,0.01509299164172262,-0.04688733257353306,-0.14115817099809647,0.010504366364330053,-0.05350792035460472,-0.17010211199522018,-0.004738457500934601,-0.019422885961830616,-0.08659192663617432,0.015658979886211455,-0.03433033637702465,-0.09685219451785088,0.03187568858265877,-0.040795812383294106,-0.08352250792086124,0.030610086396336555,-0.03827131725847721,-0.08056450984440744,0.020169133320450783,-0.01076701795682311,-0.08460984390694648,0.01732960157096386,-0.02320255432277918,-0.0806756706442684,0.03734767995774746,-0.023689153604209423,-0.07197669334709644,0.038609761744737625,-0.02204514853656292,-0.06624828651547432,0.027816389687359333,-0.010710552334785461,-0.06455666013062,0.024449310265481472,-0.018749994225800037,-0.06596357561647892,0.03567421995103359,-0.020354402717202902,-0.06673325970768929,0.04017480090260506,-0.020261358935385942,-0.06033468618988991,0.021300295367836952
0.0,0.0,0.0,-0.030424979515373707,-0.01955907791852951,-0.0046115778386592865,-0.03404926136136055,-0.046856027096509933,0.02164714876562357,-0.03536601364612579,-0.06975787226110697,0.03768296353518963,-0.035142792388796806,-0.07762578828260303,0.048167258501052856,-0.028370444662868977,-0.08728237496688962,0.01308760920073837,-0.03943268582224846,-0.11472053080797195,0.016819499665871263,-0.04777997545897961,-0.1432545818388462,0.012947067967616022,-0.05459212884306908,-0.1703685075044632,-0.00170118547976017,-0.01982825668528676,-0.08795044920407236,0.01613548316527158,-0.03394407778978348,-0.0994989350438118,0.03343353606760502,-0.04054134525358677,-0.08659468707628548,0.032684266567230225,-0.039272062480449677,-0.08435136894695461,0.022304499987512827,-0.011207603849470615,-0.0862690337235108,0.017720749834552407,-0.022975060157477856,-0.08282099105417728,0.0375673808157444,-0.02352474071085453,-0.0738325109705329,0.040422022342681885,-0.022032100707292557,-0.0693865604698658,0.030092578381299973,-0.01094017131254077,-0.0653352439403534,0.02395419217646122,-0.018372046062722802,-0.06726543977856636,0.034965673461556435,-0.020415469305589795,-0.06797323003411293,0.039826251566410065,-0.019815609557554126,-0.0618011187762022,0.021157438401132822
0.0,0.0,0.0,-0.014108490198850632,-0.034881968051195145,-0.0022308453917503357,-0.002673093229532242,-0.06663117371499538,0.007266033440828323,0.021157296374440193,-0.0948481597006321,0.01254318654537201,0.04244450945407152,-0.10165765695273876,0.008533459156751633,0.010963987559080124,-0.104372039437294,-0.033577498979866505,0.020518649369478226,-0.13597891479730606,-0.032286358531564474,0.022315368056297302,-0.1649131327867508,-0.02128437999635935,0.021926093846559525,-0.19211529195308685,-0.01630094088613987,0.03574550384655595,-0.09196887444704771,-0.03887423570267856,0.05035252496600151,-0.11098593845963478,-0.02127089910209179,0.04310965957120061,-0.10155480727553368,0.008200220763683319,0.030422194860875607,-0.09137542452663183,0.03342787176370621,0.055900974199175835,-0.07577614020556211,-0.03724863531533629,0.06473404727876186,-0.08745967037975788,-0.011267267167568207,0.05609563924372196,-0.07981501379981637,0.012743912637233734,0.04707429092377424,-0.06620981357991695,0.028636671602725983,0.06594107858836651,-0.05620627850294113,-0.025598878972232342,0.07317530736327171,-0.07055502198636532,-0.010482436046004295,0.07100919634103775,-0.06846063025295734,0.01170581579208374,0.060254666954278946,-0.058024851605296135,0.017774417996406555
0.0,0.0,0.0,-0.0294070802628994,-0.0186753049492836,-0.003796003758907318,-0.034032177180051804,-0.045944299548864365,0.02404112182557583,-0.03512243181467056,-0.06892856489866972,0.04368559643626213,-0.03465857356786728,-0.07561102136969566,0.05743374302983284,-0.028075193986296654,-0.08531129313632846,0.016269900370389223,-0.03835059702396393,-0.1116686575114727,0.020460681524127722,-0.04779667221009731,-0.14018448814749718,0.015885302098467946,-0.05439458414912224,-0.16822857409715652,-6.111711263656616e-05,-0.0197208309546113,-0.08674414618872106,0.02044470887631178,-0.03474140353500843,-0.09644666407257318,0.03841037675738335,-0.040836866945028305,-0.08386149303987622,0.03786388970911503,-0.03764227591454983,-0.0825013155117631,0.027277658693492413,-0.010262560565024614,-0.08446514827664942,0.022297280374914408,-0.02343969140201807,-0.08068769192323089,0.04434741288423538,-0.02306443825364113,-0.07264689728617668,0.04686567932367325,-0.021190022118389606,-0.0678895004093647,0.0353514701128006,-0.009870513807982206,-0.06476874090731144,0.02910019736737013,-0.01884370914194733,-0.06612974032759666,0.04276471026241779,-0.019905359484255314,-0.0667039155960083,0.04934068024158478,-0.01921599335037172,-0.06052408553659916,0.03161464538425207
0.0,0.0,0.0,-0.030021270737051964,-0.019051283597946167,-0.005791542120277882,-0.034837450832128525,-0.04688267409801483,0.01929723611101508,-0.035522336140275,-0.0704151326790452,0.03487804438918829,-0.03410732187330723,-0.07719869911670685,0.045288712717592716,-0.028287083841860294,-0.08671661582775414,0.009303220082074404,-0.03742382302880287,-0.11342454329133034,0.012346051662461832,-0.0471624918282032,-0.1423332504928112,0.007874071132391691,-0.05405033752322197,-0.16958633810281754,-0.0068259770050644875,-0.018772007431834936,-0.08821105537936091,0.013607776607386768,-0.0327206514775753,-0.09893153514713049,0.030807887203991413,-0.03916969522833824,-0.08662953856401145,0.03099085669964552,-0.03644784539937973,-0.08524798508733511,0.02189024630934,-0.008679041638970375,-0.08584751619491726,0.015822710236534476,-0.02132864063605666,-0.08302382798865438,0.03730582166463137,-0.020913586486130953,-0.07487136777490377,0.04127726051956415,-0.019973181653767824,-0.07032451685518026,0.03045701701194048,-0.007555725052952766,-0.0658792182803154,0.023525391705334187,-0.01634278171695769,-0.06806663796305656,0.03652491886168718,-0.017965589417144656,-0.06890789046883583,0.04408829752355814,-0.017455073771998286,-0.06287186220288277,0.027716602198779583
0.0,0.0,0.0,-0.02950051985681057,-0.019383050501346588,-0.0041010621935129166,-0.034579234197735786,-0.04675905033946037,0.022405583411455154,-0.03543872758746147,-0.07023408450186253,0.0402425155043602,-0.033821189776062965,-0.07695712149143219,0.05308585800230503,-0.027957609854638577,-0.08676945581100881,0.01351058529689908,-0.037297362461686134,-0.11307422816753387,0.017434882232919335,-0.04657517746090889,-0.14146895334124565,0.013423592550680041,-0.05387873761355877,-0.16923556476831436,-0.0015695802867412567,-0.018548522144556046,-0.08800269942730665,0.017869340139441192,-0.032577987760305405,-0.09818930737674236,0.03593546524643898,-0.03977997973561287,-0.08658945979550481,0.03553120419383049,-0.036702580749988556,-0.08532005897723138,0.02584920357912779,-0.008294133469462395,-0.0855615793261677,0.019942957209423184,-0.021272615529596806,-0.08262912533245981,0.04248616844415665,-0.021337511017918587,-0.07478232216089964,0.0461877565830946,-0.020515010226517916,-0.07058344129472971,0.03503280133008957,-0.007687343284487724,-0.06551051326096058,0.027507505379617214,-0.01646776730194688,-0.0674742516130209,0.04173130914568901,-0.01798065728507936,-0.06843936629593372,0.05027787946164608,-0.01745274686254561,-0.06288193538784981,0.03434351645410061
0.0,0.0,0.0,-0.032915147952735424,-0.02256052941083908,-0.00641506165266037,-0.034704068675637245,-0.04912260174751282,0.023255856707692146,-0.03542953357100487,-0.07402161508798599,0.03647108003497124,-0.035448409616947174,-0.08197832945734262,0.04864993318915367,-0.02861236035823822,-0.09254966955631971,0.010395077522844076,-0.04002521559596062,-0.12262972444295883,0.015415487112477422,-0.04483030550181866,-0.1512054279446602,0.011604530503973365,-0.05425992049276829,-0.17307882755994797,-0.003586980514228344,-0.01911806792486459,-0.09133602306246758,0.011098355578724295,-0.0324510857462883,-0.10588034987449646,0.031378891319036484,-0.03965229168534279,-0.09114096569828689,0.030062919482588768,-0.03909173235297203,-0.08846175065264106,0.019969724118709564,-0.011378788854926825,-0.09183126129209995,0.014154438395053148,-0.022292935755103827,-0.08739221328869462,0.033369725570082664,-0.025019369088113308,-0.07743040379136801,0.037150563672184944,-0.02086717262864113,-0.07424250897020102,0.024296441115438938,-0.014290320221334696,-0.06812070868909359,0.018344041891396046,-0.018620675895363092,-0.0706795696169138,0.0294879749417305,-0.02132111368700862,-0.07287654839456081,0.03598742373287678,-0.01908332807943225,-0.06674784049391747,0.01651754602789879
0.0,0.0,0.0,-0.029294362291693687,-0.021561279892921448,-0.005275550298392773,-0.03202343359589577,-0.04819566383957863,0.021213526837527752,-0.0333297997713089,-0.07264759577810764,0.03571693319827318,-0.03126196563243866,-0.07983339531347156,0.04588692542165518,-0.025612376630306244,-0.08940307330340147,0.009675872162915766,-0.03690902516245842,-0.11851315572857857,0.015123959630727768,-0.043601030483841896,-0.14697576314210892,0.010696038487367332,-0.0511016920208931,-0.1712905839085579,-0.004272080957889557,-0.017223827308043838,-0.08941395720466971,0.0111135701299645,-0.030268817208707333,-0.1011932659894228,0.03213899489492178,-0.03735003247857094,-0.08696501282975078,0.032933526672422886,-0.03510213457047939,-0.08299363288097084,0.023252849467098713,-0.008336381521075964,-0.08821291581261903,0.013686166377738118,-0.019971604924649,-0.08464463707059622,0.03438607323914766,-0.02173291426151991,-0.07473002653568983,0.03918601479381323,-0.01795911230146885,-0.06928656436502934,0.028369898907840252,-0.010361427906900644,-0.06685195863246918,0.01870145183056593,-0.0156550002284348,-0.06911956705152988,0.03145765047520399,-0.017229541204869747,-0.06952282972633839,0.038897125981748104,-0.01510106073692441,-0.06327621452510357,0.02063827309757471
0.0,0.0,0.0,-0.03171156905591488,-0.019357018172740936,-0.00341835618019104,-0.035648038610816,-0.04806716367602348,0.024223810993134975,-0.03778146766126156,-0.07295857183635235,0.04247450269758701,-0.037842266261577606,-0.08130846451967955,0.053535278886556625,-0.030823595821857452,-0.08946163998916745,0.015494092309381813,-0.04256345331668854,-0.11825510486960411,0.019421722972765565,-0.05009079538285732,-0.14653240516781807,0.01712383865378797,-0.05756508186459541,-0.17422173917293549,0.003487873822450638,-0.021455522160977125,-0.09004104021005332,0.01803820743225515,-0.03689975664019585,-0.10304052196443081,0.03638466075062752,-0.04225354082882404,-0.08885709918104112,0.03640686720609665,-0.039550043642520905,-0.08535555121488869,0.026913849636912346,-0.01188691658899188,-0.08835011254996061,0.01914189080707729,-0.024671647232025862,-0.08630614914000034,0.04064393974840641,-0.025045604910701513,-0.07574862893670797,0.044245071709156036,-0.021391603746451437,-0.07070146314799786,0.035639429464936256,-0.011242845095694065,-0.06752338632941246,0.024567090906202793,-0.018924375995993614,-0.07068127207458019,0.03633081912994385,-0.021083521656692028,-0.07123793661594391,0.041688745841383934,-0.02021935977973044,-0.06470474041998386,0.02309072157368064
0.0,0.0,0.0,-0.031144853681325912,-0.019623667001724243,-0.005478535778820515,-0.034412408247590065,-0.04757286235690117,0.02060671802610159,-0.036198824644088745,-0.07248242944478989,0.03538402635604143,-0.03648910112679005,-0.08047266583889723,0.04548450279980898,-0.02905024029314518,-0.08949238481000066,0.008514270884916186,-0.04072415642440319,-0.118546387180686,0.012778090313076973,-0.04799867980182171,-0.1468939371407032,0.009613109228666872,-0.05564163066446781,-0.17329009622335434,-0.004416841082274914,-0.02013336925301701,-0.08989631873555481,0.011497961648274213,-0.033666050992906094,-0.10293806903064251,0.030763105489313602,-0.04003907926380634,-0.08841534750536084,0.032961766235530376,-0.037859437987208366,-0.08441763976588845,0.024494863115251064,-0.011103639844805002,-0.08950993418693542,0.014027887722477317,-0.02278536604717374,-0.08627218718174845,0.03478525299578905,-0.02402711659669876,-0.07563938945531845,0.04026867914944887,-0.020581986289471388,-0.0700708981603384,0.03154702577739954,-0.011193305253982544,-0.06872567161917686,0.020143273286521435,-0.017428798833861947,-0.07149981707334518,0.031962464563548565,-0.020025047357194126,-0.07184530980885029,0.03802698943763971,-0.01886492222547531,-0.06431454233825207,0.019843907095491886
0.0,0.0,0.0,-0.030633446760475636,-0.019350245594978333,-0.0037774406373500824,-0.033924457617104053,-0.04778139665722847,0.021882792003452778,-0.035487642511725426,-0.07142229191958904,0.03779502306133509,-0.0358805526047945,-0.07914419379085302,0.04616228397935629,-0.02875623945146799,-0.08863881998695433,0.010441383928991854,-0.04027179628610611,-0.11629295907914639,0.013860570965334773,-0.04861433431506157,-0.14564375579357147,0.010310135083273053,-0.05538857541978359,-0.17292875051498413,-0.0035945437848567963,-0.020968669559806585,-0.089303158223629,0.012536129914224148,-0.03473088517785072,-0.10236447490751743,0.031157135032117367,-0.0403820276260376,-0.08871435048058629,0.033251444809138775,-0.03870973736047745,-0.08503431966528296,0.025215620175004005,-0.012743775267153978,-0.08803270396310836,0.013871476519852877,-0.02424134174361825,-0.08525646408088505,0.03426434192806482,-0.024622485507279634,-0.07487255055457354,0.039664591662585735,-0.02281545428559184,-0.0690255668014288,0.03126500826328993,-0.012897525914013386,-0.06740219704806805,0.019863375462591648,-0.018953274469822645,-0.07027065008878708,0.030918645672500134,-0.020884070196188986,-0.0711464211344719,0.037067473866045475,-0.02117596985772252,-0.06378293223679066,0.018487260676920414
0.0,0.0,0.0,-0.03165428899228573,-0.01980786770582199,-0.005045822821557522,-0.0348490197211504,-0.04736762121319771,0.021748801693320274,-0.034721387550234795,-0.07081927359104156,0.03680460620671511,-0.034920331090688705,-0.07790130283683538,0.04844105523079634,-0.029120576567947865,-0.08988851821050048,0.0111150573939085,-0.040369341149926186,-0.11735470965504646,0.015059427241794765,-0.04732787422835827,-0.14562971517443657,0.011172403814271092,-0.05523943156003952,-0.1716563031077385,-0.004753473214805126,-0.020217398181557655,-0.08994403062388301,0.01380716942367144,-0.033444130793213844,-0.10161261633038521,0.03255638387054205,-0.04013664647936821,-0.08739524963311851,0.032534035854041576,-0.0390402190387249,-0.08407045644707978,0.02218601480126381,-0.011914893053472042,-0.08928012428805232,0.016518715769052505,-0.023062290623784065,-0.08396106050349772,0.03606570791453123,-0.024496749974787235,-0.07416555657982826,0.039417061023414135,-0.022350504528731108,-0.07013682089745998,0.02838033251464367,-0.012519879266619682,-0.06729527562856674,0.022789536975324154,-0.018494968535378575,-0.06893528066575527,0.033410931937396526,-0.0211672552395612,-0.06973596103489399,0.039077396504580975,-0.01960997935384512,-0.06285331770777702,0.019365842919796705
0.0,0.0,0.0,-0.029200793243944645,-0.019505485892295837,-0.0026210537180304527,-0.03212330490350723,-0.04632093012332916,0.02533446718007326,-0.03182132728397846,-0.06890104338526726,0.04073954652994871,-0.030986929312348366,-0.07595988269895315,0.05300362687557936,-0.02603102382272482,-0.08758571976795793,0.014943941321689636,-0.0368686206638813,-0.11439462006092072,0.020887029357254505,-0.04371437802910805,-0.14370767027139664,0.017084699939005077,-0.05110187828540802,-0.16899896413087845,0.0020971130579710007,-0.018211169284768403,-0.0871335007250309,0.016123166191391647,-0.031086863949894905,-0.09926290437579155,0.0354348374530673,-0.03761456906795502,-0.08531165914610028,0.034426371566951275,-0.0368594266474247,-0.08197504444979131,0.02371957339346409,-0.00991200190037489,-0.08646712091285735,0.017920401645824313,-0.020814640913158655,-0.08173966105096042,0.03723868075758219,-0.021581553854048252,-0.07192847318947315,0.04046705272048712,-0.020163664361461997,-0.06768757104873657,0.028108119033277035,-0.01187934773042798,-0.06479552946984768,0.02267103409394622,-0.016918037086725235,-0.06605483032763004,0.033317611552774906,-0.018643374787643552,-0.06733175180852413,0.04035949241369963,-0.017771946033462882,-0.061715198680758476,0.020933056715875864
0.0,0.0,0.0,-0.013637706637382507,-0.03369626775383949,-0.0025920309126377106,-0.0018940567970275879,-0.06481586396694183,0.007539905607700348,0.02085668407380581,-0.09181434288620949,0.01220666617155075,0.04100971855223179,-0.10017194226384163,0.009213410317897797,0.010750722140073776,-0.10074624791741371,-0.033456622855737805,0.018995603546500206,-0.13134749978780746,-0.03157784673385322,0.02107921987771988,-0.16113408654928207,-0.021313193254172802,0.020014941692352295,-0.18776831775903702,-0.01816222071647644,0.033995215548202395,-0.0894507197663188,-0.037557030096650124,0.04756283760070801,-0.10778222046792507,-0.020235749892890453,0.04020947450771928,-0.09938095137476921,0.008465055376291275,0.029211431741714478,-0.09105876972898841,0.03245512768626213,0.05308200605213642,-0.07410949654877186,-0.03605286043602973,0.05971623584628105,-0.08475442789494991,-0.010389350354671478,0.05254000052809715,-0.07759660296142101,0.012888934463262558,0.04390726564452052,-0.06462420895695686,0.028988610953092575,0.061990248039364815,-0.0556056909263134,-0.025180429220199585,0.0690760686993599,-0.06893069390207529,-0.009554274380207062,0.06666156835854053,-0.06770702823996544,0.011937648057937622,0.056718992069363594,-0.05702188238501549,0.017217595130205154
0.0,0.0,0.0,-0.030380384996533394,-0.02011711895465851,-0.002860354259610176,-0.03274587355554104,-0.04723219946026802,0.025519962422549725,-0.03184711467474699,-0.07143340073525906,0.0405642781406641,-0.03175866696983576,-0.07898872718214989,0.05327299050986767,-0.026376514695584774,-0.09031933429650962,0.015255863196216524,-0.0374129731208086,-0.11793363280594349,0.021379902958869934,-0.04345248453319073,-0.14741826057434082,0.018502726685255766,-0.051092056557536125,-0.17239788174629211,0.0053991712629795074,-0.017758571542799473,-0.08959495788440108,0.016306187579175457,-0.030243216082453728,-0.10375824384391308,0.038025496527552605,-0.03687220998108387,-0.08962226402945817,0.03934471122920513,-0.036852117627859116,-0.08572384808212519,0.030402658507227898,-0.00969667686149478,-0.0896895001642406,0.01890019839629531,-0.020255888579413295,-0.08524443209171295,0.04009290412068367,-0.02166940877214074,-0.07435188628733158,0.04544997215270996,-0.01930899079889059,-0.06984388455748558,0.03469133377075195,-0.011619088239967823,-0.06743893586099148,0.023965427186340094,-0.01604171935468912,-0.06979243084788322,0.03557722829282284,-0.01849587692413479,-0.0707733053714037,0.04400963895022869,-0.017155419569462538,-0.06427805498242378,0.025444342754781246
0.0,0.0,0.0,-0.02860515285283327,-0.017355598509311676,0.0007671229541301727,-0.032936688512563705,-0.04527808725833893,0.02958175027742982,-0.03278160095214844,-0.06822332553565502,0.0535635519772768,-0.03303435072302818,-0.07598828710615635,0.07086056284606457,-0.025789529085159302,-0.0860935520613566,0.021889044321142137,-0.03601732477545738,-0.11223695427179337,0.02683201478794217,-0.04458381235599518,-0.14106745272874832,0.022645574412308633,-0.05144532769918442,-0.17054077982902527,0.00717451237142086,-0.018408963456749916,-0.08687042607925832,0.024845125270076096,-0.032350342720746994,-0.09761368669569492,0.04293446056544781,-0.03855326771736145,-0.08394102682359517,0.04275977239012718,-0.037332480773329735,-0.08083740528672934,0.031510528177022934,-0.00948409829288721,-0.08542487176600844,0.025494812754914165,-0.021476135589182377,-0.08089523506350815,0.04765193536877632,-0.021785311866551638,-0.07232526317238808,0.04974316991865635,-0.021205228753387928,-0.066246148198843,0.03793275263160467,-0.009539274033159018,-0.06555256806313992,0.03208110108971596,-0.017254839185625315,-0.06703752279281616,0.044731996953487396,-0.01927285664714873,-0.06718749180436134,0.05283854156732559,-0.019171537132933736,-0.060513999313116074,0.03514426667243242
0.0,0.0,0.0,-0.028641344979405403,-0.01796158403158188,0.0024796202778816223,-0.032462360337376595,-0.046030230820178986,0.032685523852705956,-0.03253555670380592,-0.06822230573743582,0.0570788960903883,-0.0324226301163435,-0.0766495754942298,0.07353127934038639,-0.02629634365439415,-0.08584852400235832,0.024786328081972897,-0.03655128926038742,-0.11238853260874748,0.029316709376871586,-0.04520980268716812,-0.1414051689207554,0.025839771144092083,-0.05146848410367966,-0.17061473429203033,0.01184120774269104,-0.019235748797655106,-0.08619622187688947,0.0257291067391634,-0.03271432965993881,-0.09833636041730642,0.04231208935379982,-0.03843049705028534,-0.08574056020006537,0.040066955611109734,-0.0368859451264143,-0.08389988332055509,0.028916997369378805,-0.010038627311587334,-0.0843921066261828,0.02465990069322288,-0.021693184971809387,-0.08147291792556643,0.0452505387365818,-0.02106365468353033,-0.07338387705385685,0.04738355800509453,-0.020884993486106396,-0.06881885230541229,0.03500474616885185,-0.010485793463885784,-0.06401458568871021,0.029537905007600784,-0.017427226062864065,-0.06567670218646526,0.04162943176925182,-0.019608161179348826,-0.06781562976539135,0.04997786320745945,-0.019587561022490263,-0.06263953633606434,0.03233580384403467
0.0,0.0,0.0,-0.028708936646580696,-0.01923087239265442,-0.0006470419466495514,-0.03213197831064463,-0.04654679819941521,0.027511166408658028,-0.03178595285862684,-0.06853154674172401,0.04666908271610737,-0.031370943412184715,-0.07557547371834517,0.060726484283804893,-0.025601860135793686,-0.0870690131559968,0.017421415919670835,-0.03672730177640915,-0.11356127634644508,0.02217822289094329,-0.044522395357489586,-0.14318068325519562,0.01826332265045494,-0.05156734772026539,-0.17019987851381302,0.0031158272176980972,-0.018705940106883645,-0.08729113056324422,0.018566011684015393,-0.03241948131471872,-0.09930413588881493,0.036252738907933235,-0.03829327039420605,-0.08609271585009992,0.036485472694039345,-0.03711738437414169,-0.08321120194159448,0.02703461330384016,-0.010963576380163431,-0.08620251377578825,0.019021225161850452,-0.022177763748914003,-0.08212358690798283,0.03920753672719002,-0.022350387647747993,-0.07283045537769794,0.04212517850100994,-0.021183708682656288,-0.06815267354249954,0.03159989137202501,-0.012272410094738007,-0.06548052094876766,0.023853938560932875,-0.018439296283759177,-0.06718686781823635,0.03473341837525368,-0.020301254466176033,-0.06790709309279919,0.04213049076497555,-0.01951514626853168,-0.06210574321448803,0.023399068042635918
0.0,0.0,0.0,-0.027981492690742016,-0.01769363135099411,-0.00011707283556461334,-0.031874967738986015,-0.045463677495718,0.027729392051696777,-0.0317960437387228,-0.06632388383150101,0.04907231032848358,-0.03181400429457426,-0.07395874988287687,0.06416956894099712,-0.0257787574082613,-0.08358047832734883,0.020172222824228925,-0.0369020439684391,-0.10911711119115353,0.02458748174831271,-0.04606403596699238,-0.13811935856938362,0.02022576640592888,-0.052178969606757164,-0.1670064702630043,0.0046139853075146675,-0.019628831883892417,-0.08449698914773762,0.02230713120661676,-0.03386704623699188,-0.09430771879851818,0.038783641532063484,-0.03987584449350834,-0.08075908478349447,0.0366370864212513,-0.03742286376655102,-0.07883071224205196,0.025116052944213152,-0.011551299598067999,-0.08317438152153045,0.02247750014066696,-0.02325936919078231,-0.0781762758269906,0.042355556041002274,-0.022674286738038063,-0.06971108354628086,0.04400864988565445,-0.022064667660742998,-0.06453634798526764,0.031381445936858654,-0.012256696820259094,-0.06362241506576538,0.0278352671302855,-0.019669036380946636,-0.06427660211920738,0.039675522595644,-0.021120408549904823,-0.0646844394505024,0.04642434976994991,-0.020666472148150206,-0.058711543679237366,0.02763650193810463
0.0,0.0,0.0,-0.03005413245409727,-0.01732633262872696,-0.0008572302758693695,-0.03450724110007286,-0.04445476457476616,0.02805078960955143,-0.0343604888767004,-0.06657727994024754,0.04932684265077114,-0.03450809605419636,-0.07353777531534433,0.06532982178032398,-0.02823720406740904,-0.08451591443736106,0.020709037082269788,-0.039766259491443634,-0.11012350395321846,0.024987065000459552,-0.04835137724876404,-0.137831911444664,0.02059250231832266,-0.05596466176211834,-0.16622132807970047,0.004211407154798508,-0.020996313309296966,-0.08612146368250251,0.023702200269326568,-0.036013273522257805,-0.09566427115350962,0.041073184460401535,-0.04191279411315918,-0.08194393804296851,0.0391731858253479,-0.04009227268397808,-0.07995924027636647,0.026817891746759415,-0.012638856191188097,-0.08495418052189052,0.024422014132142067,-0.025614550802856684,-0.07969481195323169,0.045598288998007774,-0.025064832530915737,-0.07112041395157576,0.0469551756978035,-0.02332459297031164,-0.06685282103717327,0.03475070744752884,-0.012791627086699009,-0.0649284590035677,0.03018657024949789,-0.020960623398423195,-0.06623877957463264,0.04270125366747379,-0.0229855771176517,-0.06648141518235207,0.04900601878762245,-0.021251914091408253,-0.05997137166559696,0.029674791730940342
0.0,0.0,0.0,-0.030416643247008324,-0.017610669136047363,-0.0012754034250974655,-0.03531038761138916,-0.04543750733137131,0.027743483893573284,-0.03476623632013798,-0.06831117905676365,0.04830037243664265,-0.03301419876515865,-0.0755271427333355,0.06358111277222633,-0.02816769853234291,-0.0856200042180717,0.01862956117838621,-0.03764883801341057,-0.11180204153060913,0.022473308257758617,-0.046773478388786316,-0.14038760587573051,0.0173821363132447,-0.05374550074338913,-0.16839874535799026,0.0022806990891695023,-0.019440495874732733,-0.08701035287231207,0.02189027040731162,-0.032746514305472374,-0.09815480094403028,0.03888492099940777,-0.039046142250299454,-0.08544906962197274,0.03683333285152912,-0.03753913380205631,-0.08442130801267922,0.02555420622229576,-0.009278942830860615,-0.08480043394956738,0.023048923118039966,-0.02112691244110465,-0.08136106329038739,0.04364841617643833,-0.02070048823952675,-0.073993687517941,0.04665340110659599,-0.020900905830785632,-0.07039666641503572,0.03339317999780178,-0.008564542979001999,-0.06407673843204975,0.02971175964921713,-0.01627733767963946,-0.06663066148757935,0.042694296687841415,-0.019290532218292356,-0.06855904031544924,0.05096966214478016,-0.01870221388526261,-0.06344749219715595,0.03291809279471636
0.0,0.0,0.0,-0.029639030806720257,-0.01766568422317505,-0.002044573426246643,-0.03446431830525398,-0.044832244515419006,0.02485163789242506,-0.03394509293138981,-0.06836695782840252,0.04444385692477226,-0.03128487430512905,-0.07485969364643097,0.061116773635149,-0.02683190256357193,-0.08482993766665459,0.015443532727658749,-0.03588479198515415,-0.11165331490337849,0.02005458332132548,-0.04497125558555126,-0.13980381935834885,0.015112020075321198,-0.05217760615050793,-0.16768928617238998,-0.0001053251326084137,-0.017314194003120065,-0.08634760696440935,0.01971136429347098,-0.030278898775577545,-0.09698462206870317,0.03857627511024475,-0.03771128132939339,-0.08536512975115329,0.038048189133405685,-0.03580271080136299,-0.0825826486106962,0.02708334755152464,-0.006427815183997154,-0.08434427168685943,0.022209512069821358,-0.01833762275055051,-0.08146593370474875,0.044673049822449684,-0.0188377033919096,-0.07387797348201275,0.048625485971570015,-0.019271553494036198,-0.06920105684548616,0.03596599027514458,-0.00566297210752964,-0.06444570608437061,0.029805490747094154,-0.013372154207900167,-0.06676309183239937,0.044382307678461075,-0.01610135065857321,-0.06722194142639637,0.0538223497569561,-0.015506175346672535,-0.061720918864011765,0.037693483754992485
0.0,0.0,0.0,-0.028694392181932926,-0.018266238272190094,8.313730359077454e-05,-0.032384916208684444,-0.0452546551823616,0.029448773711919785,-0.032487702555954456,-0.06805256102234125,0.05169466696679592,-0.030777850188314915,-0.07498390320688486,0.07003886438906193,-0.025303220376372337,-0.08420319540891796,0.02068006608169526,-0.03428365755826235,-0.11111768893897533,0.025896525476127863,-0.043408443219959736,-0.13972149416804314,0.020579489413648844,-0.05022543761879206,-0.16764912009239197,0.0055374205112457275,-0.01732916454784572,-0.08548353356309235,0.02358879044186324,-0.030041956342756748,-0.09739205054938793,0.041313132271170616,-0.03745879139751196,-0.08612304390408099,0.037881266325712204,-0.035361298359930515,-0.08516574511304498,0.02613998483866453,-0.007321584038436413,-0.08322457817848772,0.024706109194085002,-0.019056751392781734,-0.081302993115969,0.04665851406753063,-0.01874930039048195,-0.07443627435714006,0.0482243150472641,-0.019072089344263077,-0.07074880693107843,0.03407927043735981,-0.00812228163704276,-0.06318719871342182,0.03084457665681839,-0.015062011312693357,-0.0652164276689291,0.045677075162529945,-0.016856527188792825,-0.06709696352481842,0.055557942017912865,-0.01711180596612394,-0.06361615285277367,0.03857269883155823
0.0,0.0,0.0,-0.03016627114266157,-0.017052866518497467,-0.0024334117770195007,-0.035595180466771126,-0.044848062098026276,0.02493723388761282,-0.036226311698555946,-0.06889454461634159,0.0459018275141716,-0.03447358123958111,-0.07546600140631199,0.06172460690140724,-0.02890524361282587,-0.08448995719663799,0.015938343247398734,-0.03837141767144203,-0.11176647618412971,0.02048809383995831,-0.047622911632061005,-0.14113366976380348,0.016262994380667806,-0.05468408390879631,-0.16920343786478043,0.0026337895542383194,-0.019254860701039433,-0.08706903783604503,0.020305019454099238,-0.033007826656103134,-0.09794995002448559,0.03978401608765125,-0.04009908437728882,-0.08577235857956111,0.0414228904992342,-0.03826919384300709,-0.08289654017426074,0.03256441652774811,-0.007871439680457115,-0.08559123647864908,0.022187168011441827,-0.020997879561036825,-0.08231129264459014,0.0453766193240881,-0.020979813300073147,-0.07344388589262962,0.051443107426166534,-0.021359340753406286,-0.06789358332753181,0.04045400023460388,-0.007120387628674507,-0.06594674475491047,0.02956703957170248,-0.015311646042391658,-0.0684365089982748,0.044205570593476295,-0.018017307855188847,-0.06816916167736053,0.053595125675201416,-0.017248771153390408,-0.06176271662116051,0.03855254128575325
0.0,0.0,0.0,-0.014360792934894562,-0.0342821404337883,-0.0026833415031433105,-0.003127269446849823,-0.0647877212613821,0.00666293129324913,0.01982780545949936,-0.09094821754842997,0.010217171162366867,0.04031790141016245,-0.09886801242828369,0.006791386753320694,0.010909011587500572,-0.09930941089987755,-0.035788321984000504,0.018040770664811134,-0.13038041815161705,-0.032407557126134634,0.01991715282201767,-0.160438671708107,-0.021013202145695686,0.017983946949243546,-0.18751224130392075,-0.017203837633132935,0.03387545607984066,-0.08793993713334203,-0.03930295770987868,0.04616927541792393,-0.10747061669826508,-0.02146157156676054,0.0385319166816771,-0.0991339422762394,0.008714895695447922,0.028852548450231552,-0.09110772609710693,0.033922530710697174,0.05297691375017166,-0.073256129398942,-0.03725334338378161,0.058845801278948784,-0.08471794426441193,-0.011506238952279091,0.0514155263081193,-0.07849661447107792,0.012262146919965744,0.04312184453010559,-0.0652451179921627,0.029071196913719177,0.061253223568201065,-0.055212028324604034,-0.025383954867720604,0.06820877268910408,-0.0692465016618371,-0.009372750297188759,0.06621097214519978,-0.06846893206238747,0.012092024087905884,0.05748279020190239,-0.05746910348534584,0.017575707286596298
0.0,0.0,0.0,-0.03025150578469038,-0.017784014344215393,-0.0022274889051914215,-0.034908367320895195,-0.04584939777851105,0.025499054696410894,-0.03480505757033825,-0.06962504424154758,0.045010773465037346,-0.03434057533740997,-0.07788359466940165,0.059036917984485626,-0.02874559350311756,-0.08709979488048702,0.017227327567525208,-0.039093637838959694,-0.11385530792176723,0.020998600870370865,-0.04828027822077274,-0.14285771548748016,0.016919044661335647,-0.055416012182831764,-0.17078421264886856,0.0020538177341222763,-0.019881825894117355,-0.08829923393204808,0.02015932509675622,-0.033962491899728775,-0.09973974898457527,0.03763706795871258,-0.03998385928571224,-0.0865128708537668,0.03689170628786087,-0.03840468265116215,-0.08457879419438541,0.027139746583998203,-0.010369827505201101,-0.08645344583783299,0.021432005800306797,-0.022183414548635483,-0.08328723115846515,0.04266011528670788,-0.02217446267604828,-0.0745413014665246,0.04659467190504074,-0.021919963881373405,-0.07029935903847218,0.03566036559641361,-0.009626944549381733,-0.06573098711669445,0.028000960126519203,-0.01707522990182042,-0.06845001131296158,0.040448449552059174,-0.019654816132970154,-0.06960426643490791,0.04812874644994736,-0.01924185559619218,-0.06356236524879932,0.03139402251690626
0.0,0.0,0.0,-0.030384252779185772,-0.017609484493732452,-0.0022391267120838165,-0.035371821373701096,-0.046152032911777496,0.024750645272433758,-0.0359385646879673,-0.07079316396266222,0.043281177058815956,-0.03524110093712807,-0.0787710421718657,0.056596433743834496,-0.02913788054138422,-0.08734944055322558,0.015693949768319726,-0.03896982595324516,-0.11363311484456062,0.018600034760311246,-0.048777325078845024,-0.1423095241189003,0.014667547773569822,-0.05582532659173012,-0.17054060846567154,-2.765469253063202e-05,-0.020363636314868927,-0.08867814391851425,0.01893532811664045,-0.03473576903343201,-0.10035154316574335,0.03557373210787773,-0.04077446274459362,-0.08701922534964979,0.0351798664778471,-0.038825973868370056,-0.08506443887017667,0.02541293017566204,-0.010420548729598522,-0.08646336931269616,0.019587608287110925,-0.023023015819489956,-0.08430597896222025,0.04127965308725834,-0.022438799496740103,-0.07599048968404531,0.0454774834215641,-0.022356511559337378,-0.07103418279439211,0.03468184731900692,-0.009191972203552723,-0.06579273194074631,0.02675158530473709,-0.017670731991529465,-0.06912140548229218,0.03993050009012222,-0.020531798480078578,-0.07054478861391544,0.0481331255286932,-0.01993344828952104,-0.06453905440866947,0.031722032465040684
0.0,0.0,0.0,-0.030506128445267677,-0.018849603831768036,-0.002826940268278122,-0.035199124366045,-0.04681707173585892,0.02445643162354827,-0.036103276535868645,-0.0708800982683897,0.044961877167224884,-0.03658177703619003,-0.07922629127278924,0.058730052784085274,-0.02889542281627655,-0.08820139174349606,0.01665161072742194,-0.039606112986803055,-0.11538138054311275,0.02038407465443015,-0.04868059232831001,-0.1442759968340397,0.0172130418359302,-0.05482766777276993,-0.1735287308692932,0.003628249280154705,-0.02034264523535967,-0.08942963741719723,0.01994849252514541,-0.03509768098592758,-0.10057684034109116,0.03669782914221287,-0.04064823128283024,-0.08706292393617332,0.0361569095402956,-0.03904814273118973,-0.08432719088159502,0.026283666491508484,-0.0104728271253407,-0.08758049900643528,0.020977256586775184,-0.022707379888743162,-0.0845035295933485,0.04229050129652023,-0.022937260568141937,-0.07618765346705914,0.044245075434446335,-0.02183341234922409,-0.07023776136338711,0.033511098474264145,-0.009316609241068363,-0.06737780757248402,0.027710353024303913,-0.01805935427546501,-0.07048024982213974,0.039405036717653275,-0.019793083309195936,-0.07086076028645039,0.04581501707434654,-0.02021120279096067,-0.06428114511072636,0.02815291378647089
0.0,0.0,0.0,-0.028827689588069916,-0.01862921565771103,-0.002272898331284523,-0.0327067356556654,-0.04672958329319954,0.024507063906639814,-0.03357749432325363,-0.06920684315264225,0.04446737840771675,-0.03403291665017605,-0.0775284692645073,0.05585329979658127,-0.027916754595935345,-0.08673166634980589,0.016924196999752894,-0.039368268102407455,-0.11379457078874111,0.02059737197123468,-0.048103710636496544,-0.14266157895326614,0.017691251530777663,-0.054385075345635414,-0.17207655310630798,0.0031482167541980743,-0.020664843497797847,-0.08708160719834268,0.019420046359300613,-0.03566772863268852,-0.09822355024516582,0.03516201488673687,-0.04090513475239277,-0.08426807262003422,0.03360352851450443,-0.03828827105462551,-0.08086313493549824,0.023370507173240185,-0.012229670770466328,-0.08573090634308755,0.019720157608389854,-0.023929349146783352,-0.08192545617930591,0.03957192599773407,-0.024076759815216064,-0.07225599978119135,0.040769314393401146,-0.02219750382937491,-0.06610564701259136,0.0296214260160923,-0.012252131011337042,-0.06564586237072945,0.02564680017530918,-0.020121998502872884,-0.06749189272522926,0.035964034497737885,-0.0212912333663553,-0.06807807832956314,0.04083655774593353,-0.021566669223830104,-0.0610814169049263,0.022154453676193953
0.0,0.0,0.0,-0.03140427730977535,-0.01999478042125702,-0.004980876110494137,-0.0355253741145134,-0.04769336059689522,0.021077556535601616,-0.0370299369096756,-0.07152826897799969,0.03765054326504469,-0.0368350800126791,-0.07932665199041367,0.04775743279606104,-0.029896680265665054,-0.09031823184341192,0.012064863694831729,-0.04171353951096535,-0.11874751001596451,0.01615822408348322,-0.04932741820812225,-0.14751321822404861,0.013760308429482393,-0.056961335241794586,-0.17493068426847458,0.0011833366006612778,-0.02082754927687347,-0.09083612984977663,0.015158873284235597,-0.03526720032095909,-0.10341918468475342,0.033893066458404064,-0.04148502089083195,-0.08966947183944285,0.035115006379783154,-0.04045218229293823,-0.08607560093514621,0.027464532293379307,-0.011942171026021242,-0.08981652033980936,0.017309378134086728,-0.02352305455133319,-0.08641588722821325,0.03811330068856478,-0.025140059180557728,-0.07665771711617708,0.041787209920585155,-0.02282873564399779,-0.07132266834378242,0.033022710122168064,-0.012476730160415173,-0.0684791561216116,0.023457977920770645,-0.019028391456231475,-0.07119882293045521,0.034331987611949444,-0.021677684038877487,-0.07198754884302616,0.03949161525815725,-0.021215298678725958,-0.0655056033283472,0.020565396640449762
0.0,0.0,0.0,-0.030476925894618034,-0.019204512238502502,-0.004021341912448406,-0.034635940566658974,-0.047775764018297195,0.02062952844426036,-0.03486919589340687,-0.071120735257864,0.03770030941814184,-0.03382807597517967,-0.07888124790042639,0.04653059598058462,-0.028553646057844162,-0.0884595897514373,0.011436607572250068,-0.038955677300691605,-0.11576967686414719,0.014746554428711534,-0.04757402651011944,-0.1440926194190979,0.011765341041609645,-0.054672859609127045,-0.17281784862279892,-0.0017036255449056625,-0.01980769634246826,-0.08908556448295712,0.014996154233813286,-0.0340757891535759,-0.10074502602219582,0.0314582297578454,-0.04005525819957256,-0.08760848874226213,0.031438219361007214,-0.03739941492676735,-0.08475188142620027,0.022722634486854076,-0.009762743022292852,-0.08746413292828947,0.016380974557250738,-0.02144039049744606,-0.08477502525784075,0.0372221888974309,-0.022374615538865328,-0.07634933572262526,0.03955069277435541,-0.02058785129338503,-0.07073693163692951,0.029570271261036396,-0.0088639035820961,-0.0671446118503809,0.023587866686284542,-0.017059961101040244,-0.06981781870126724,0.03501861821860075,-0.018960110261105,-0.07125893421471119,0.040786162950098515,-0.019689209293574095,-0.06479918956756592,0.02239960804581642
0.0,0.0,0.0,-0.030584724619984627,-0.018381133675575256,-0.003921167925000191,-0.03480465803295374,-0.04689855873584747,0.020036912988871336,-0.03542555123567581,-0.07014009729027748,0.03774558752775192,-0.0361850019544363,-0.07787405699491501,0.04602913744747639,-0.029376081191003323,-0.08725565206259489,0.012357653584331274,-0.04133480787277222,-0.11293402500450611,0.01550418941769749,-0.05032500810921192,-0.14122948423027992,0.014176008131471463,-0.0577523410320282,-0.1703794077038765,0.0007854253053665161,-0.021387027576565742,-0.08775699767284095,0.016644977498799562,-0.03711598552763462,-0.09839802514761686,0.03254466876387596,-0.042890019714832306,-0.08457604423165321,0.033210063353180885,-0.040086761116981506,-0.08174138492904603,0.024416455999016762,-0.012593749910593033,-0.08651820209342986,0.018022271804511547,-0.025488588958978653,-0.08259498025290668,0.038529880344867706,-0.025917801074683666,-0.07302141934633255,0.04093093052506447,-0.02349365409463644,-0.06681040301918983,0.032452838495373726,-0.011501742526888847,-0.06656596809625626,0.025020777247846127,-0.02061556011904031,-0.06860559992492199,0.035781534388661385,-0.022279856726527214,-0.06807980313897133,0.0398035179823637,-0.021736948285251856,-0.06041444465517998,0.02087093098089099
0.0,0.0,0.0,-0.0306963212788105,-0.019381895661354065,-0.004333009943366051,-0.03451036475598812,-0.047623250633478165,0.020926947705447674,-0.034994276240468025,-0.07062909752130508,0.037792669609189034,-0.034017255529761314,-0.07850105967372656,0.045790815725922585,-0.029274525120854378,-0.08746347483247519,0.011853042698930949,-0.04003002680838108,-0.11420082300901413,0.014268392696976662,-0.048893023282289505,-0.14279761910438538,0.010772304376587272,-0.055655356496572495,-0.17059292644262314,-0.0028042737394571304,-0.020870668115094304,-0.08830715203657746,0.015053374459967017,-0.035428695380687714,-0.10011003725230694,0.030400190502405167,-0.040925510227680206,-0.08697700966149569,0.0294008981436491,-0.03881056234240532,-0.08539237082004547,0.020075779873877764,-0.01161406422033906,-0.08602653990965337,0.015634013572707772,-0.023514846805483103,-0.08377521648071706,0.035542892292141914,-0.023267012555152178,-0.07536561414599419,0.03777472674846649,-0.021673169219866395,-0.07018379028886557,0.027733814902603626,-0.01053595170378685,-0.06568408757448196,0.022349677979946136,-0.019239496905356646,-0.06842413917183876,0.03292309492826462,-0.020625301403924823,-0.06946323066949844,0.03824298456311226,-0.020888830069452524,-0.06346749886870384,0.02012306358665228
0.0,0.0,0.0,-0.030222561210393906,-0.019017070531845093,-0.003776499070227146,-0.0332177234813571,-0.046934518963098526,0.021985838655382395,-0.03415967896580696,-0.06881682761013508,0.03971798624843359,-0.034633468836545944,-0.07646066974848509,0.048312691040337086,-0.028625709004700184,-0.08601923240348697,0.013937843730673194,-0.04084930010139942,-0.11246064119040966,0.016793175600469112,-0.04934671334922314,-0.14105287566781044,0.013281691237352788,-0.056125277653336525,-0.16922803968191147,-0.0013787532225251198,-0.02161478577181697,-0.08666373859159648,0.01670586410909891,-0.03661424294114113,-0.0977144232019782,0.031817260198295116,-0.0418144054710865,-0.08411596063524485,0.030159502290189266,-0.039202410727739334,-0.08190162596292794,0.020150769036263227,-0.013818646781146526,-0.0851575427222997,0.0170471069868654,-0.0258078183978796,-0.08100100141018629,0.03584886621683836,-0.025510277599096298,-0.071970677934587,0.037164158187806606,-0.022668109741061926,-0.06696940585970879,0.027625751681625843,-0.013586122542619705,-0.06472744420170784,0.023069542832672596,-0.021413518814370036,-0.0662993174046278,0.03220136556774378,-0.022802729392424226,-0.06711355410516262,0.03535482380539179,-0.02259438531473279,-0.06057509407401085,0.015385981765575707
0.0,0.0,0.0,-0.008226621896028519,-0.029183603823184967,-0.006903037428855896,0.005546547472476959,-0.055719394236803055,-0.0052797831594944,0.02238706173375249,-0.07757296599447727,-0.015235278755426407,0.038458303548395634,-0.08826175890862942,-0.027377139776945114,0.006954120472073555,-0.07720647193491459,-0.04617370804771781,0.015307513065636158,-0.10254009068012238,-0.04539877362549305,0.018463674932718277,-0.12883496284484863,-0.035754299722611904,0.019063860177993774,-0.14980588108301163,-0.032602179795503616,0.02105051721446216,-0.06890001590363681,-0.051684821606613696,0.04297901690006256,-0.08368314430117607,-0.04597362270578742,0.041605694219470024,-0.07688272837549448,-0.017299190163612366,0.031066311057657003,-0.0681845173239708,0.010093007236719131,0.03473326005041599,-0.05930809862911701,-0.05343297845683992,0.05063450336456299,-0.07001864816993475,-0.04016932565718889,0.05061239004135132,-0.06396495644003153,-0.01935100182890892,0.04208883084356785,-0.05241111759096384,0.0024397894740104675,0.04277579113841057,-0.046710701659321785,-0.045456378255039454,0.05979524180293083,-0.06036202237010002,-0.03829595446586609,0.06285401061177254,-0.059734856709837914,-0.018826555460691452,0.0554522629827261,-0.047372836619615555,-0.007081747055053711
0.0,0.0,0.0,-0.014754433184862137,-0.03517778962850571,-0.00367070734500885,-0.0037541761994361877,-0.06710328720510006,0.001931518316268921,0.019169826060533524,-0.09385402873158455,0.0028291940689086914,0.040022116620093584,-0.10156244784593582,-0.004241731017827988,0.010135311633348465,-0.09970911778509617,-0.04129300979548134,0.0179680734872818,-0.12968117371201515,-0.0384758657310158,0.020613733679056168,-0.15784624963998795,-0.02547713741660118,0.018979623913764954,-0.18521791696548462,-0.019263816997408867,0.033322340343147516,-0.08714714832603931,-0.04443449852988124,0.046823641285300255,-0.10791761241853237,-0.028338851407170296,0.037702349945902824,-0.0998622253537178,0.0038814283907413483,0.026241089217364788,-0.08975076070055366,0.030351556837558746,0.05348151922225952,-0.07307932339608669,-0.04221811576280743,0.060192402452230453,-0.08687032759189606,-0.016597390174865723,0.05188099667429924,-0.08083877572789788,0.007280565798282623,0.04370192717760801,-0.06756260246038437,0.02458605170249939,0.06189805082976818,-0.05524273216724396,-0.02913706097751856,0.0690251812338829,-0.07040704786777496,-0.014906542375683784,0.06754820607602596,-0.07017903216183186,0.0078104957938194275,0.05805107764899731,-0.05975803919136524,0.014217596501111984
0.0,0.0,0.0,-0.008697973564267159,-0.03109181672334671,-0.005788099020719528,0.00686781108379364,-0.0558589119464159,-0.005176331847906113,0.023627787828445435,-0.07740636728703976,-0.017940424382686615,0.03751036524772644,-0.08706649765372276,-0.03032306768000126,0.006627288646996021,-0.0762406075373292,-0.048190297558903694,0.014718258753418922,-0.10001938790082932,-0.04765406949445605,0.01716936007142067,-0.12576675415039062,-0.03699039947241545,0.017039204016327858,-0.14758729189634323,-0.032162075862288475,0.018456038320437074,-0.06644892645999789,-0.05301471776328981,0.03832179866731167,-0.08320325054228306,-0.049153183586895466,0.03683861717581749,-0.07549969386309385,-0.01970534771680832,0.02970937453210354,-0.06620186218060553,0.01074441522359848,0.030815957114100456,-0.058464738074690104,-0.05465236725285649,0.046557528898119926,-0.06945242453366518,-0.0416406374424696,0.046285489574074745,-0.06331227906048298,-0.019221212714910507,0.04052956402301788,-0.050585975870490074,0.0027202554047107697,0.037656230852007866,-0.046156223863363266,-0.045667826663702726,0.05377706699073315,-0.061300626024603844,-0.038008494302630424,0.05719991959631443,-0.062255859375,-0.018881645053625107,0.0513032041490078,-0.04976672865450382,-0.005324233323335648
0.0,0.0,0.0,-0.009122470393776894,-0.031015172600746155,-0.005476605147123337,0.0041928645223379135,-0.05866504414007068,-0.0076193735003471375,0.019968823064118624,-0.0792227890342474,-0.020296718925237656,0.03667227551341057,-0.08986293897032738,-0.03785328846424818,0.0037714894860982895,-0.07831900008022785,-0.04747622413560748,0.011993026360869408,-0.10178301110863686,-0.049119239673018456,0.014102203771471977,-0.1271604597568512,-0.03886069916188717,0.013076862320303917,-0.14912749081850052,-0.03608287312090397,0.01728564966470003,-0.06877599819563329,-0.052926800679415464,0.03904062323272228,-0.08503088355064392,-0.051068859407678246,0.036561693996191025,-0.07796393055468798,-0.024173077195882797,0.028962422162294388,-0.06900039920583367,0.006526574492454529,0.030757298693060875,-0.06052109366282821,-0.05600040382705629,0.046347806230187416,-0.0722851064056158,-0.043956940062344074,0.04521827585995197,-0.06537266913801432,-0.023147646337747574,0.039052654057741165,-0.053045921958982944,-0.0014771223068237305,0.038089290261268616,-0.047911958768963814,-0.047859585378319025,0.05401642434298992,-0.06192052364349365,-0.04087720438838005,0.05695662833750248,-0.0630613174289465,-0.021820716559886932,0.05036807246506214,-0.04941451549530029,-0.007288869470357895
0.0,0.0,0.0,-0.008967770263552666,-0.03104972466826439,-0.0055846236646175385,0.003936350345611572,-0.05776342796161771,-0.00714527815580368,0.0191345252096653,-0.07918681018054485,-0.019819851964712143,0.03483361657708883,-0.08859604224562645,-0.03553064540028572,0.0039991289377212524,-0.07685524132102728,-0.04714452149346471,0.01183861494064331,-0.10106168314814568,-0.047515160869807005,0.01427561603486538,-0.12642852216959,-0.03729512821882963,0.012632878497242928,-0.1483713686466217,-0.033460112288594246,0.017746541649103165,-0.06780703295953572,-0.052353988867253065,0.039269838482141495,-0.0850503034889698,-0.0489697998855263,0.03642586059868336,-0.07846761029213667,-0.02171281725168228,0.02788470219820738,-0.06943337060511112,0.007630400359630585,0.03138687741011381,-0.05975430551916361,-0.05492615420371294,0.04603764973580837,-0.07190993335098028,-0.04296821355819702,0.04528820142149925,-0.06555903982371092,-0.021640239283442497,0.03857489116489887,-0.05359696876257658,-0.0004618056118488312,0.038787249475717545,-0.04776228033006191,-0.047045649494975805,0.05483002029359341,-0.06203769985586405,-0.04010085202753544,0.05720425210893154,-0.06277657113969326,-0.020929809659719467,0.05095664598047733,-0.04996558651328087,-0.00781070813536644
0.0,0.0,0.0,-0.009593376889824867,-0.031617797911167145,-0.005996156483888626,0.0027075689285993576,-0.058705986477434635,-0.008372548967599869,0.017573778983205557,-0.08018815703690052,-0.02134990319609642,0.03384047746658325,-0.09053540974855423,-0.03782374691218138,0.0032254140824079514,-0.07797295600175858,-0.04810374090448022,0.011297497898340225,-0.10220566391944885,-0.0485404203645885,0.013775050640106201,-0.1274985410273075,-0.03818269446492195,0.012122763320803642,-0.14982300996780396,-0.03528249263763428,0.017238390166312456,-0.06854702183045447,-0.05307327792979777,0.03857244923710823,-0.08535048179328442,-0.05020789313130081,0.035110815428197384,-0.07826591469347477,-0.023633502423763275,0.026460454799234867,-0.0698415283113718,0.004832439124584198,0.03110312670469284,-0.06060862634330988,-0.05579885235056281,0.04481074959039688,-0.07254074048250914,-0.04400643054395914,0.043930934742093086,-0.06600872706621885,-0.02382504753768444,0.037396565079689026,-0.05388713162392378,-0.0029052793979644775,0.03875809349119663,-0.04840407334268093,-0.04742125468328595,0.05390973575413227,-0.06229308992624283,-0.04094803612679243,0.05653245560824871,-0.06324768532067537,-0.02240082062780857,0.049788823351264,-0.05065653286874294,-0.009704671800136566
0.0,0.0,0.0,-0.00968407467007637,-0.030796624720096588,-0.005895335227251053,0.0024397894740104675,-0.05816683545708656,-0.008806917816400528,0.01645517535507679,-0.07973029278218746,-0.020681999623775482,0.032413724809885025,-0.09178642928600311,-0.037167809903621674,0.0035686828196048737,-0.07735122740268707,-0.048570224549621344,0.01074675191193819,-0.10125496983528137,-0.048743527149781585,0.013593550771474838,-0.12582511454820633,-0.03708483651280403,0.012455539777874947,-0.14896699786186218,-0.03343461453914642,0.016955396393314004,-0.06810415862128139,-0.05330058978870511,0.03765550255775452,-0.08414753898978233,-0.049955725437030196,0.034814078360795975,-0.07710371911525726,-0.02292422018945217,0.026281801983714104,-0.0687003645580262,0.005359340459108353,0.030528061091899872,-0.06008806452155113,-0.05564862908795476,0.04409424029290676,-0.07202911842614412,-0.04361344967037439,0.04323880188167095,-0.06526409927755594,-0.023980816826224327,0.03689177148044109,-0.05350406002253294,-0.002198498696088791,0.03797432594001293,-0.04866100661456585,-0.046774618327617645,0.05319199897348881,-0.06237926334142685,-0.04067497979849577,0.05603395588696003,-0.06247132830321789,-0.021993335336446762,0.04919547215104103,-0.04985182359814644,-0.009735040366649628
0.0,0.0,0.0,-0.00995086319744587,-0.031010545790195465,-0.005865275859832764,0.0024620406329631805,-0.058354048524051905,-0.008890252560377121,0.016881972551345825,-0.07957351300865412,-0.02129286900162697,0.03310077730566263,-0.09101126156747341,-0.03832205571234226,0.003679513931274414,-0.07713743206113577,-0.0486404774710536,0.011356870643794537,-0.101593978703022,-0.04858318343758583,0.014142697677016258,-0.1261882558465004,-0.03755998983979225,0.013069529086351395,-0.14930982887744904,-0.033918751403689384,0.01724499952979386,-0.06773339747451246,-0.0533051717793569,0.03846621513366699,-0.0839569978415966,-0.05054473946802318,0.035378215834498405,-0.07671640440821648,-0.023446768522262573,0.02663158718496561,-0.06879393011331558,0.0050767771899700165,0.031086571514606476,-0.059659590013325214,-0.05587543174624443,0.04484453611075878,-0.07145118992775679,-0.04370627738535404,0.043911803513765335,-0.06530293542891741,-0.023520903661847115,0.03783751465380192,-0.05289031844586134,-0.001657724380493164,0.03824242018163204,-0.04802815057337284,-0.04687662562355399,0.05370502173900604,-0.06179949175566435,-0.04050146695226431,0.05659627914428711,-0.06218992080539465,-0.02156350202858448,0.04990191385149956,-0.04915573075413704,-0.008565090596675873
0.0,0.0,0.0,-0.011094100773334503,-0.03073732554912567,-0.006114266812801361,0.0020517222583293915,-0.0580631741322577,-0.007300212979316711,0.01733353454619646,-0.07998770289123058,-0.0190841443836689,0.03346003033220768,-0.09032432548701763,-0.03330843895673752,0.002837665379047394,-0.07718307059258223,-0.04707987792789936,0.012074018828570843,-0.10186505317687988,-0.046550619415938854,0.015154290944337845,-0.12776270508766174,-0.03534278925508261,0.014781095087528229,-0.14956701546907425,-0.030481968075037003,0.018142346991226077,-0.06821784353815019,-0.0514735474716872,0.03868276998400688,-0.08613811247050762,-0.047487192088738084,0.03582187555730343,-0.07934492453932762,-0.019598307088017464,0.027131969574838877,-0.07095407554879785,0.008410286158323288,0.03259196225553751,-0.05945206619799137,-0.05316944792866707,0.046497879549860954,-0.07259081769734621,-0.040189435705542564,0.045506907626986504,-0.06612503156065941,-0.018994346261024475,0.038815902546048164,-0.05422666668891907,0.0013601519167423248,0.04035881534218788,-0.04739910736680031,-0.0441888733766973,0.056367356330156326,-0.062372734770178795,-0.03680374100804329,0.05823024362325668,-0.0620160847902298,-0.017533395439386368,0.052599355578422546,-0.04911163076758385,-0.005356810986995697
0.0,0.0,0.0,-0.010978076606988907,-0.029811039566993713,-0.006054792553186417,0.0018764026463031769,-0.05749473860487342,-0.003942627459764481,0.01699168374761939,-0.08080694451928139,-0.012332409620285034,0.03269953466951847,-0.09208368323743343,-0.02209988795220852,0.0042834170162677765,-0.0770297534763813,-0.045383148128166795,0.012487008236348629,-0.10281335562467575,-0.04386594332754612,0.01609908975660801,-0.1293530911207199,-0.03136218897998333,0.01701952889561653,-0.15158067643642426,-0.023575197905302048,0.01987469010055065,-0.06805958203040063,-0.04915106878615916,0.03950381278991699,-0.08703086525201797,-0.04368252772837877,0.03681160695850849,-0.08095052652060986,-0.015007447451353073,0.02755621960386634,-0.07155259139835835,0.013727005571126938,0.03403135575354099,-0.05948983412235975,-0.0497176171047613,0.04714679904282093,-0.07257339730858803,-0.03572963736951351,0.04641375690698624,-0.065842404961586,-0.01420273631811142,0.03943876549601555,-0.053611086681485176,0.006791654974222183,0.04212308116257191,-0.04782976023852825,-0.03972259629517794,0.05719539150595665,-0.06359096616506577,-0.032600018195807934,0.0589771643280983,-0.06284978240728378,-0.012325078248977661,0.05285641364753246,-0.05029771849513054,-0.0004607550799846649
0.0,0.0,0.0,-0.010946940630674362,-0.030505400151014328,-0.00608980655670166,0.002162698656320572,-0.058640200179070234,-0.005426459014415741,0.01754871616140008,-0.08194728754460812,-0.014565829187631607,0.03360116574913263,-0.09314307942986488,-0.025724045932292938,0.00465424545109272,-0.07846944686025381,-0.04568502795882523,0.013141626492142677,-0.10415681824088097,-0.0443974700756371,0.0167876947671175,-0.130262553691864,-0.03235004097223282,0.017301689833402634,-0.15260815620422363,-0.0264129675924778,0.020224212436005473,-0.0689462274312973,-0.049516484956257045,0.040090689435601234,-0.08782298117876053,-0.044404090847820044,0.03738575428724289,-0.08097071200609207,-0.01581602916121483,0.028510545380413532,-0.07181919272989035,0.012760084122419357,0.03511364758014679,-0.06001439783722162,-0.050459159072488546,0.048768460750579834,-0.07363004051148891,-0.03674493171274662,0.047433093190193176,-0.06673098262399435,-0.015113972127437592,0.0402970165014267,-0.05442512035369873,0.005584072321653366,0.04263276606798172,-0.04801833815872669,-0.04076447710394859,0.058430928736925125,-0.06384146772325039,-0.03326916787773371,0.060429174453020096,-0.06324178911745548,-0.013812988996505737,0.05407544784247875,-0.05049898847937584,-0.0019678696990013123
0.0,0.0,0.0,-0.011266971006989479,-0.030797947198152542,-0.005933769047260284,0.0011206809431314468,-0.0599318677559495,-0.006470989435911179,0.01684769382700324,-0.08326923474669456,-0.016232240945100784,0.03354428522288799,-0.09534958377480507,-0.028001386672258377,0.0035796090960502625,-0.0784698948264122,-0.047053371323272586,0.01161645632237196,-0.10422993451356888,-0.045672132167965174,0.015324264764785767,-0.13007308542728424,-0.03251368924975395,0.016082333400845528,-0.15258538722991943,-0.026884442195296288,0.01948412344790995,-0.06867127981968224,-0.050870421226136386,0.038481324911117554,-0.08716087602078915,-0.04572660615667701,0.0355277955532074,-0.08057111874222755,-0.017201881855726242,0.02656236756592989,-0.07108308095484972,0.010699741542339325,0.034848883748054504,-0.0599868381395936,-0.05135943868663162,0.047850847244262695,-0.07349434029310942,-0.03814390115439892,0.045530980452895164,-0.06674428656697273,-0.017150435596704483,0.03829919919371605,-0.054890312254428864,0.0028783753514289856,0.042331987991929054,-0.04851802997291088,-0.04130668379366398,0.057702457532286644,-0.06418625079095364,-0.03451381903141737,0.05923751927912235,-0.06356808170676231,-0.01563044637441635,0.05281015485525131,-0.05133240204304457,-0.004888966679573059
0.0,0.0,0.0,-0.015627004206180573,-0.0346854105591774,-0.00669725239276886,-0.003990136086940765,-0.06521947309374809,-0.0028068795800209045,0.016785690560936928,-0.08993678167462349,-0.004953127354383469,0.03738443925976753,-0.09846456907689571,-0.013273440301418304,0.008920807391405106,-0.09341448917984962,-0.04846286843530834,0.014516200870275497,-0.12354932725429535,-0.04584857728332281,0.017033776268363,-0.1523956060409546,-0.033279549330472946,0.015219315886497498,-0.17996510863304138,-0.02743387222290039,0.031449861358851194,-0.08148700185120106,-0.050482542952522635,0.04366005212068558,-0.10326763801276684,-0.03437820915132761,0.03601681441068649,-0.09713606908917427,-0.003392871469259262,0.026047956198453903,-0.08824492059648037,0.02290273830294609,0.05067524313926697,-0.06802230980247259,-0.046412955212872475,0.0563382301479578,-0.08248208370059729,-0.02323729917407036,0.049837203696370125,-0.07776895957067609,-0.00044631585478782654,0.042342052329331636,-0.06554917804896832,0.018694650381803513,0.058569472283124924,-0.05230454355478287,-0.03187983110547066,0.06547310575842857,-0.06770626455545425,-0.018324676901102066,0.06368377432227135,-0.06803588476032019,0.002283867448568344,0.05681617371737957,-0.05753427743911743,0.0074532367289066315
0.0,0.0,0.0,-0.011579984799027443,-0.030426975339651108,-0.006235092878341675,0.0008829142898321152,-0.0592368021607399,-0.005641069263219833,0.016681653913110495,-0.08296706154942513,-0.01423570141196251,0.03296747896820307,-0.0955782551318407,-0.02480839379131794,0.003898506984114647,-0.0781944626942277,-0.04625998577103019,0.011782536283135414,-0.10416246205568314,-0.044705073814839125,0.015448210760951042,-0.13040846586227417,-0.0314736720174551,0.01669269986450672,-0.15371625870466232,-0.02547404356300831,0.02004410605877638,-0.06880946620367467,-0.04968774656299502,0.038243070244789124,-0.08809433318674564,-0.04374597268179059,0.035340954549610615,-0.0815558498725295,-0.015272002667188644,0.02638916252180934,-0.07188884261995554,0.01252509281039238,0.03500705398619175,-0.060356066562235355,-0.04961819702293724,0.04728354513645172,-0.07405284699052572,-0.03584242705255747,0.045013291761279106,-0.06713338941335678,-0.014358371496200562,0.03821777272969484,-0.055116274394094944,0.005685102194547653,0.04256761260330677,-0.04882955923676491,-0.038949085399508476,0.057270778343081474,-0.06488506309688091,-0.03227743320167065,0.05859790928661823,-0.0640578493475914,-0.013082973659038544,0.05263250507414341,-0.05186566989868879,-0.0020751096308231354
0.0,0.0,0.0,-0.011123685166239738,-0.030018746852874756,-0.005621567368507385,0.0008304473012685776,-0.058155507780611515,-0.004325792193412781,0.01583472266793251,-0.08259836956858635,-0.012757673859596252,0.029152208007872105,-0.09629938006401062,-0.022718362510204315,0.005055850371718407,-0.07870753109455109,-0.04673556610941887,0.012764033861458302,-0.10521847754716873,-0.04453710839152336,0.01632562279701233,-0.13150489330291748,-0.031812239438295364,0.016662390902638435,-0.15493155270814896,-0.02532857656478882,0.020294963149353862,-0.06935426755808294,-0.05014709976967424,0.03902984969317913,-0.08902153559029102,-0.043393225874751806,0.03565000090748072,-0.08257901296019554,-0.013959802687168121,0.027223962359130383,-0.07270794501528144,0.014970660209655762,0.034221746027469635,-0.06091851927340031,-0.050028427969664335,0.046833883970975876,-0.0742660379037261,-0.03525023255497217,0.044741615653038025,-0.06839091144502163,-0.013585571199655533,0.03868917468935251,-0.05584525689482689,0.006688494235277176,0.04160379432141781,-0.04921022243797779,-0.03959994204342365,0.05641133524477482,-0.06570207141339779,-0.032237229868769646,0.05768953450024128,-0.06535881385207176,-0.012167263776063919,0.05140860751271248,-0.05338668264448643,-0.0011515654623508453
0.0,0.0,0.0,-0.011213185265660286,-0.02945132553577423,-0.00634939968585968,0.0016540326178073883,-0.056026067584753036,-0.005481097847223282,0.016427552793174982,-0.07876225933432579,-0.014959372580051422,0.029745930805802345,-0.09196667559444904,-0.025025218725204468,0.0049386899918317795,-0.07460127864032984,-0.04798806773032993,0.011972196400165558,-0.10047206282615662,-0.044576114509254694,0.015084836632013321,-0.12776509672403336,-0.032426903024315834,0.01525258831679821,-0.14988131076097488,-0.02605503797531128,0.019051172770559788,-0.06660615187138319,-0.050863573560491204,0.03661097213625908,-0.08550039678812027,-0.044700102880597115,0.034048691391944885,-0.07891358807682991,-0.016237854957580566,0.026229224633425474,-0.06883340980857611,0.011973779648542404,0.03200745116919279,-0.05883777840062976,-0.050332171842455864,0.043974095955491066,-0.07140622800216079,-0.03647787682712078,0.04334145225584507,-0.06526851747184992,-0.014602746814489365,0.037091080099344254,-0.052873799577355385,0.005050133913755417,0.03876370005309582,-0.04802779667079449,-0.039443034678697586,0.05352179519832134,-0.06342865247279406,-0.03237740136682987,0.054987428709864616,-0.06283215619623661,-0.013186503201723099,0.04979880526661873,-0.051254233345389366,-0.002331666648387909
0.0,0.0,0.0,-0.011158948764204979,-0.02933105081319809,-0.006660565733909607,0.002050379291176796,-0.05595511198043823,-0.006297409534454346,0.016685483511537313,-0.07806069497019053,-0.016566284000873566,0.030743847601115704,-0.0902434978634119,-0.02727842517197132,0.004898173734545708,-0.07402602396905422,-0.04891386698000133,0.011682514101266861,-0.09943729639053345,-0.04583986522629857,0.01451435498893261,-0.12657737731933594,-0.03381046839058399,0.015019254758954048,-0.14886070787906647,-0.027708349749445915,0.018834067042917013,-0.06617213948629797,-0.05209009756799787,0.03606929071247578,-0.0844202246516943,-0.04634400922805071,0.03398794028908014,-0.07780588697642088,-0.018346283584833145,0.02611557161435485,-0.06794490944594145,0.00964708998799324,0.031504275277256966,-0.05846405168995261,-0.05143426836002618,0.043733442202210426,-0.07068655453622341,-0.03829813376069069,0.043294450268149376,-0.06445540674030781,-0.016561359167099,0.03711339179426432,-0.052326515316963196,0.0029862038791179657,0.03804865665733814,-0.04791680537164211,-0.040505473501980305,0.05323500372469425,-0.06298124138265848,-0.03358160890638828,0.054976752027869225,-0.06213394179940224,-0.01451801136136055,0.04986722953617573,-0.05058575887233019,-0.003571491688489914
0.0,0.0,0.0,-0.011443652212619781,-0.02960103005170822,-0.006581097841262817,0.0015823207795619965,-0.05626951437443495,-0.006464462727308273,0.01639873953536153,-0.07861299719661474,-0.016318734735250473,0.029995976947247982,-0.09145365469157696,-0.027139998972415924,0.005135588347911835,-0.0749162482097745,-0.048851871280930936,0.012085125781595707,-0.1008453443646431,-0.04592258296906948,0.015224797651171684,-0.12783044576644897,-0.03343621827661991,0.015858855098485947,-0.15032843500375748,-0.027363738045096397,0.019194660941138864,-0.06698814546689391,-0.05178018659353256,0.036460964009165764,-0.08563264273107052,-0.04566657729446888,0.0337941637262702,-0.07918596640229225,-0.017595335841178894,0.026326077058911324,-0.0690294150263071,0.010648548603057861,0.03216905705630779,-0.05934834014624357,-0.051018440746702254,0.04428207501769066,-0.07176660466939211,-0.03749188128858805,0.043104832991957664,-0.06565827131271362,-0.015707585960626602,0.03698711842298508,-0.05364740639925003,0.003955986350774765,0.03852969408035278,-0.048594288527965546,-0.03990061767399311,0.053368594497442245,-0.06382476910948753,-0.03293818235397339,0.055003922432661057,-0.06332680210471153,-0.014130264520645142,0.049513399600982666,-0.05171789973974228,-0.0033041462302207947
0.0,0.0,0.0,-0.012039564549922943,-0.029867220669984818,-0.005792006850242615,0.0006440840661525726,-0.057259414345026016,-0.004539020359516144,0.015645856503397226,-0.08077258057892323,-0.01305440068244934,0.02879635989665985,-0.09467047266662121,-0.023017337545752525,0.004349226132035255,-0.07713248580694199,-0.04667282442096621,0.011599406599998474,-0.10359574109315872,-0.04347164696082473,0.014928562566637993,-0.13060050457715988,-0.031086446717381477,0.015108559280633926,-0.15341540426015854,-0.024929478764533997,0.019284625770524144,-0.06862953887321055,-0.04945348866749555,0.03722252603620291,-0.0880596898496151,-0.04271986614912748,0.034039330668747425,-0.08134986273944378,-0.013989370316267014,0.025893528712913394,-0.07111758831888437,0.014250066131353378,0.033018242567777634,-0.06081798393279314,-0.048957432503812015,0.04505790397524834,-0.0735476603731513,-0.03424395341426134,0.04342956468462944,-0.06731592025607824,-0.012479931116104126,0.03691358119249344,-0.054616852663457394,0.007202520966529846,0.04010710120201111,-0.04943938925862312,-0.03755959216505289,0.05476457253098488,-0.06522936001420021,-0.030246520414948463,0.05602198839187622,-0.0650150403380394,-0.011010788381099701,0.05016107112169266,-0.05324944294989109,-2.921372652053833e-05
0.0,0.0,0.0,-0.010988926514983177,-0.02990690991282463,-0.005399353802204132,0.0020484235137701035,-0.056603094562888145,-0.0032359957695007324,0.01710198912769556,-0.0803964277729392,-0.011610716581344604,0.02926605474203825,-0.09397110715508461,-0.02154350094497204,0.005198139697313309,-0.07686585187911987,-0.0458208795171231,0.012515874579548836,-0.10316691920161247,-0.04245128948241472,0.016101988032460213,-0.13029183447360992,-0.03075084090232849,0.015885887667536736,-0.15234749019145966,-0.023699352517724037,0.020076951943337917,-0.06856762408278883,-0.04937647806946188,0.03808797523379326,-0.08793767914175987,-0.041978356428444386,0.03553922660648823,-0.08126010373234749,-0.012809116393327713,0.027141545433551073,-0.07089268369600177,0.015227757394313812,0.03321315348148346,-0.06047190818935633,-0.048981421859934926,0.0452716201543808,-0.07333712838590145,-0.03392668999731541,0.04447106271982193,-0.06703357305377722,-0.011521805077791214,0.037958976812660694,-0.054212707094848156,0.007819976657629013,0.040637487545609474,-0.04917280748486519,-0.03805312979966402,0.05566931329667568,-0.0653024148195982,-0.03059072047472,0.056315703317523,-0.06490962579846382,-0.01030387356877327,0.05108053423464298,-0.05372418090701103,1.57281756401062e-05
0.0,0.0,0.0,-0.010951438918709755,-0.02937479317188263,-0.00547308474779129,0.002157052978873253,-0.05661573261022568,-0.0012981779873371124,0.016949838493019342,-0.08114810660481453,-0.007580231875181198,0.02889528125524521,-0.09366986528038979,-0.01497081108391285,0.006520204246044159,-0.07793968636542559,-0.04396677517797798,0.012724250555038452,-0.1039038673043251,-0.04121993063017726,0.01638290099799633,-0.1311466470360756,-0.030046381056308746,0.01648680306971073,-0.15360846370458603,-0.02236386016011238,0.021226284094154835,-0.06879280810244381,-0.04741221433505416,0.03861100785434246,-0.0887786764651537,-0.039057929534465075,0.035978483967483044,-0.08249232731759548,-0.008918814361095428,0.02756064455024898,-0.07183570135384798,0.019357122480869293,0.034281911328434944,-0.05993664637207985,-0.04716610722243786,0.04607348144054413,-0.07354841101914644,-0.03184954263269901,0.04543052986264229,-0.06748656090348959,-0.00921507179737091,0.03950979467481375,-0.05503453779965639,0.010612118989229202,0.04198036156594753,-0.048351868987083435,-0.037327008321881294,0.056943317875266075,-0.06571344658732414,-0.02895345166325569,0.05739025957882404,-0.06661506555974483,-0.008262593299150467,0.0517265647649765,-0.05563360918313265,0.0020005926489830017
0.0,0.0,0.0,-0.011577744036912918,-0.030252136290073395,-0.005723096430301666,0.0007861070334911346,-0.05800286494195461,-0.004806738346815109,0.01593113737180829,-0.08191395457834005,-0.013640642166137695,0.028934607282280922,-0.09552628174424171,-0.02471006102859974,0.005414649844169617,-0.07872814685106277,-0.04735002969391644,0.01331923995167017,-0.1054086722433567,-0.04472821764647961,0.016994964331388474,-0.13210605084896088,-0.032202424481511116,0.017038121819496155,-0.15526187419891357,-0.026277080178260803,0.020439768442884088,-0.06986791361123323,-0.05069082777481526,0.038731591776013374,-0.08925414271652699,-0.04353531450033188,0.03481631260365248,-0.08272755146026611,-0.014927491545677185,0.02702696598134935,-0.07275900896638632,0.013216249644756317,0.033907901495695114,-0.0617290735244751,-0.05043763935100287,0.046116000041365623,-0.07453807163983583,-0.03569993935525417,0.04370611533522606,-0.06857932731509209,-0.013972971588373184,0.03740276489406824,-0.05606043804436922,0.005639027804136276,0.0408022403717041,-0.049837736412882805,-0.03943346254527569,0.05568983033299446,-0.06554130185395479,-0.03207136131823063,0.056807346642017365,-0.0657244436442852,-0.012845568358898163,0.05073004215955734,-0.05410353746265173,-0.0023170337080955505
0.0,0.0,0.0,-0.011787550523877144,-0.030225928872823715,-0.005708418786525726,0.000545775517821312,-0.05810018628835678,-0.004871450364589691,0.015670257154852152,-0.08191774971783161,-0.01371879130601883,0.028579379431903362,-0.09556004777550697,-0.024933066219091415,0.00515994057059288,-0.07886816002428532,-0.04764839319977909,0.012923363596200943,-0.10540736094117165,-0.045064442325383425,0.016574570909142494,-0.13226356357336044,-0.0326700359582901,0.016698135063052177,-0.15539849549531937,-0.026449691504240036,0.020135062281042337,-0.06995322089642286,-0.05107386247254908,0.038366252556443214,-0.0893130712211132,-0.04402401018887758,0.03440098650753498,-0.08259240351617336,-0.015244893729686737,0.026540642604231834,-0.07269909279420972,0.01297714188694954,0.03359592705965042,-0.061787414364516735,-0.050876573426648974,0.0456851739436388,-0.07454733736813068,-0.03614799398928881,0.04337405040860176,-0.0685729281976819,-0.014328088611364365,0.03695722762495279,-0.05602848343551159,0.005265489220619202,0.04044044762849808,-0.04970726557075977,-0.03972345218062401,0.055336641147732735,-0.065425013191998,-0.03247407078742981,0.05653098039329052,-0.06578678637742996,-0.013251248747110367,0.05044454522430897,-0.054115946404635906,-0.0025305747985839844
0.0,0.0,0.0,-0.01485288143157959,-0.03556521236896515,-0.005189038813114166,-0.0026679672300815582,-0.06579435896128416,-0.0025558248162269592,0.018527908250689507,-0.09041412454098463,-0.004125867038965225,0.038937898352742195,-0.0969786923378706,-0.012067686766386032,0.010492013767361641,-0.09369230829179287,-0.04765816300641745,0.017663946375250816,-0.1238962858915329,-0.04356990638189018,0.02161341905593872,-0.15143387764692307,-0.03001740574836731,0.02052038535475731,-0.17797217518091202,-0.021442722529172897,0.03253570245578885,-0.08125633001327515,-0.04954778007231653,0.047715259715914726,-0.10431675799190998,-0.03351634833961725,0.039657240733504295,-0.09911736100912094,-0.002180732786655426,0.028805870562791824,-0.08954895939677954,0.025082994252443314,0.051043977960944176,-0.06773359328508377,-0.045490805961890146,0.058531444519758224,-0.08236656151711941,-0.0224153995513916,0.051827218383550644,-0.07848264090716839,0.0011090673506259918,0.04343075957149267,-0.06526107341051102,0.020826462656259537,0.05843234807252884,-0.05171242915093899,-0.03081730380654335,0.06743370741605759,-0.06671587098389864,-0.017878392711281776,0.06456390395760536,-0.06719288881868124,0.003132559359073639,0.056381285190582275,-0.05686960183084011,0.009027287364006042
0.0,0.0,0.0,-0.010860113427042961,-0.029996715486049652,-0.005435410887002945,0.0018173269927501678,-0.05724897887557745,-0.002870805561542511,0.01641969010233879,-0.0810087826102972,-0.010869715362787247,0.02783121168613434,-0.09508212096989155,-0.02036849409341812,0.005913771688938141,-0.07787491660565138,-0.04553198360372335,0.013420291244983673,-0.10439126938581467,-0.04259218368679285,0.016674146056175232,-0.1311097890138626,-0.03082580491900444,0.016641082242131233,-0.15347515046596527,-0.022565385326743126,0.020622618030756712,-0.06926458002999425,-0.04928304557688534,0.038821292109787464,-0.0889683198183775,-0.04147581849247217,0.03602155949920416,-0.08227133750915527,-0.011482775211334229,0.02752449084073305,-0.07227171631529927,0.016374319791793823,0.03366708941757679,-0.06087476061657071,-0.048969313967972994,0.045683037489652634,-0.07368562929332256,-0.03377474285662174,0.044732606038451195,-0.06810180377215147,-0.011576574295759201,0.03857970051467419,-0.05521734617650509,0.008365534245967865,0.04127101041376591,-0.04920838586986065,-0.03842349722981453,0.05564996413886547,-0.06560424715280533,-0.03118346445262432,0.056399377062916756,-0.06543999165296555,-0.010543670505285263,0.05098606087267399,-0.054182857275009155,3.0376017093658447e-05
0.0,0.0,0.0,-0.011699596419930458,-0.029628746211528778,-0.0062281228601932526,0.0013995375484228134,-0.05669451504945755,-0.004666898399591446,0.016743497923016548,-0.07963813655078411,-0.013991661369800568,0.03009405080229044,-0.09240777418017387,-0.02445332147181034,0.005093462765216827,-0.07604870572686195,-0.047731467871926725,0.01267332024872303,-0.10211220383644104,-0.04422185244038701,0.0159878171980381,-0.12947101145982742,-0.03199037350714207,0.016539039090275764,-0.15189077705144882,-0.024737460538744926,0.019848428899422288,-0.06789112626574934,-0.050565904821269214,0.037146772257983685,-0.08693132549524307,-0.04408382996916771,0.03442028444260359,-0.08009213861078024,-0.015324238687753677,0.02651344914920628,-0.07022495288401842,0.012477800250053406,0.03262235131114721,-0.059887475334107876,-0.0499401178676635,0.04443623311817646,-0.07230548234656453,-0.03589244280010462,0.04362919181585312,-0.06615874730050564,-0.013864699751138687,0.037333859130740166,-0.053586745634675026,0.005599908530712128,0.03949164226651192,-0.04865953512489796,-0.038457224145531654,0.054555220529437065,-0.06417262740433216,-0.031382977962493896,0.05572260729968548,-0.0638473890721798,-0.012078486382961273,0.05052606575191021,-0.0525022903457284,-0.0013366937637329102
0.0,0.0,0.0,-0.011351030319929123,-0.029568258672952652,-0.006226714700460434,0.0015846900641918182,-0.056677618995308876,-0.005139872431755066,0.01680086925625801,-0.07927695102989674,-0.014486700296401978,0.03053415846079588,-0.0917421467602253,-0.02540193684399128,0.005495131015777588,-0.07570328004658222,-0.048131661023944616,0.012749000452458858,-0.10161639004945755,-0.04468582198023796,0.015849178656935692,-0.12867361307144165,-0.032660145312547684,0.016416840255260468,-0.15117144584655762,-0.02536054700613022,0.019875608617439866,-0.06762648117728531,-0.05105374404229224,0.03708069957792759,-0.08594099245965481,-0.045119883492589,0.03457105625420809,-0.07908617239445448,-0.016878560185432434,0.026509803719818592,-0.06941981427371502,0.010940894484519958,0.032617601566016674,-0.05959453107789159,-0.0504645814653486,0.04428158514201641,-0.07167747523635626,-0.036736405454576015,0.043701378628611565,-0.06571548711508512,-0.015103362500667572,0.03753064293414354,-0.05302173923701048,0.004512980580329895,0.03938194364309311,-0.04855268821120262,-0.03901446610689163,0.054433032870292664,-0.06362623628228903,-0.03215108811855316,0.05577872693538666,-0.06315928976982832,-0.01293237879872322,0.0507559459656477,-0.051667047664523125,-0.00219041109085083
0.0,0.0,0.0,-0.011610515415668488,-0.029601052403450012,-0.006362203508615494,0.0015982836484909058,-0.056685568764805794,-0.005633451044559479,0.01685060327872634,-0.07926803082227707,-0.014749959111213684,0.03098974283784628,-0.09157870709896088,-0.025451265275478363,0.005561288446187973,-0.07615497894585133,-0.048286150326021016,0.013181673362851143,-0.1022244542837143,-0.0448788246139884,0.016219444572925568,-0.12932492047548294,-0.03220799379050732,0.0167250856757164,-0.15198693424463272,-0.025760333985090256,0.02005770313553512,-0.0680090906098485,-0.05108238221146166,0.037504141218960285,-0.08673928491771221,-0.04463512357324362,0.03470200579613447,-0.08026150241494179,-0.016393162310123444,0.027277907822281122,-0.07050723023712635,0.011284101754426956,0.033194372430443764,-0.060041472781449556,-0.05023398750927299,0.04534660652279854,-0.07254069484770298,-0.036240577697753906,0.044114381074905396,-0.06662696413695812,-0.01460888609290123,0.038075659424066544,-0.05434081330895424,0.004893764853477478,0.03969845362007618,-0.04914889484643936,-0.0388717008754611,0.05478372052311897,-0.0642638523131609,-0.031533775851130486,0.056312646716833115,-0.06363637559115887,-0.012556962668895721,0.05108203366398811,-0.052043383941054344,-0.00209784135222435
0.0,0.0,0.0,-0.011471869423985481,-0.029784739017486572,-0.0065312981605529785,0.001758558675646782,-0.056370219215750694,-0.0046476759016513824,0.016934712883085012,-0.07958963699638844,-0.013399489223957062,0.030351107008755207,-0.09160326793789864,-0.02367938868701458,0.005312241613864899,-0.07582378201186657,-0.047654012334533036,0.012422936037182808,-0.101710744202137,-0.04358884831890464,0.01564055308699608,-0.12888482213020325,-0.032082775607705116,0.015320615842938423,-0.15079085528850555,-0.0236342940479517,0.020040995441377163,-0.0677689160220325,-0.050583015428856015,0.03768406342715025,-0.08684906549751759,-0.04388582194224,0.035133108496665955,-0.08007597178220749,-0.015303175896406174,0.026764868991449475,-0.07060582330450416,0.012127310037612915,0.03283132705837488,-0.05981706827878952,-0.049780203378759325,0.04432982578873634,-0.07208463596180081,-0.03555113449692726,0.044256383553147316,-0.06612053886055946,-0.01330651342868805,0.038169752806425095,-0.05315131228417158,0.006141461431980133,0.04025421291589737,-0.0485357865691185,-0.0380529947578907,0.054866692051291466,-0.06427455507218838,-0.03099159337580204,0.05575118772685528,-0.06393383257091045,-0.011123668402433395,0.051226695999503136,-0.05284258909523487,-0.00021838024258613586
0.0,0.0,0.0,-0.011830903589725494,-0.0295109786093235,-0.006469879299402237,0.0014897249639034271,-0.0563930906355381,-0.005876161158084869,0.016603896860033274,-0.07884755916893482,-0.01514732837677002,0.030583948828279972,-0.0912628024816513,-0.026295926421880722,0.0050168707966804504,-0.0757506936788559,-0.04842624097364023,0.012457560747861862,-0.10167542099952698,-0.04475414240732789,0.015387527644634247,-0.12864714115858078,-0.032131655141711235,0.01574670523405075,-0.15133097767829895,-0.02522125653922558,0.019535155268386006,-0.06768201617524028,-0.051203551003709435,0.03669376950711012,-0.0862779002636671,-0.04498026240617037,0.034093402326107025,-0.0796336242929101,-0.01690879464149475,0.026536119636148214,-0.06998038478195667,0.01063026487827301,0.0326040405780077,-0.05981706641614437,-0.05027093016542494,0.04457654990255833,-0.07185048703104258,-0.036474836990237236,0.04339197650551796,-0.06599348783493042,-0.015010666102170944,0.037608543410897255,-0.05342825874686241,0.0046629272401332855,0.039295364171266556,-0.04890129528939724,-0.038739971816539764,0.054106663912534714,-0.06392802763730288,-0.031612928956747055,0.055454619228839874,-0.06331475265324116,-0.01281488686800003,0.05075674504041672,-0.05175014212727547,-0.0022239908576011658
0.0,0.0,0.0,-0.011851945891976357,-0.029919780790805817,-0.006295103579759598,0.0011141188442707062,-0.05705039203166962,-0.005523152649402618,0.01653163693845272,-0.07971116900444031,-0.013924550265073776,0.030205524526536465,-0.09251545369625092,-0.024444138631224632,0.005418494343757629,-0.07709047477692366,-0.048100919637363404,0.012838650494813919,-0.1032901257276535,-0.044748605228960514,0.015903906896710396,-0.13031012564897537,-0.03225400112569332,0.016316046938300133,-0.15332449227571487,-0.026119865477085114,0.020040081115439534,-0.06873968755826354,-0.050906671793200076,0.03753563482314348,-0.08775658532977104,-0.04404984042048454,0.03456955403089523,-0.0811408506706357,-0.015754736959934235,0.027039206121116877,-0.0715598906390369,0.01195548102259636,0.033539692871272564,-0.06069678720086813,-0.04999268660321832,0.04554674029350281,-0.07346872519701719,-0.035840705037117004,0.04397871904075146,-0.06743999384343624,-0.014078553766012192,0.037819743156433105,-0.05504364147782326,0.005294982343912125,0.03996216505765915,-0.04956374131143093,-0.03866994474083185,0.05504160188138485,-0.0649212971329689,-0.031116347759962082,0.05645463056862354,-0.06458216719329357,-0.012505672872066498,0.05097404681146145,-0.05272402800619602,-0.0022847242653369904
0.0,0.0,0.0,-0.012375656515359879,-0.030232951045036316,-0.0059298984706401825,0.0006142351776361465,-0.058354830369353294,-0.0058979615569114685,0.016298068687319756,-0.08113545179367065,-0.013738308101892471,0.03070753999054432,-0.0934981144964695,-0.02638738416135311,0.005501734092831612,-0.07943150028586388,-0.04716831701807678,0.013379002921283245,-0.10502611100673676,-0.04445427656173706,0.01657189428806305,-0.13139930367469788,-0.031661808490753174,0.015688598155975342,-0.15520992875099182,-0.027017200365662575,0.020420642336830497,-0.07012690231204033,-0.05009819008409977,0.038173021748661995,-0.08916652575135231,-0.04338802304118872,0.034567028284072876,-0.08268898725509644,-0.01569628342986107,0.028006998356431723,-0.0730393030680716,0.0121857188642025,0.03425124567002058,-0.062154912389814854,-0.049989342456683517,0.04671827331185341,-0.0746153686195612,-0.035705918446183205,0.043980322778224945,-0.06884450279176235,-0.014347527176141739,0.038428641855716705,-0.05647273175418377,0.005204010754823685,0.040371356531977654,-0.04994199983775616,-0.038767785765230656,0.055767662823200226,-0.06511835940182209,-0.03133920952677727,0.05742815136909485,-0.06592436693608761,-0.013512857258319855,0.05121231824159622,-0.05355352908372879,-0.002482440322637558
0.0,0.0,0.0,-0.011940279975533485,-0.029925979673862457,-0.0062065161764621735,0.0008539687842130661,-0.058206088840961456,-0.005459524691104889,0.016183736268430948,-0.08179790712893009,-0.013244308531284332,0.029974267818033695,-0.09533729031682014,-0.02444234862923622,0.005933336913585663,-0.07966395001858473,-0.04789875925052911,0.012782953679561615,-0.10538036748766899,-0.045270254369825125,0.016089970245957375,-0.13198918104171753,-0.032675012946128845,0.015894396230578423,-0.1560647189617157,-0.028389986604452133,0.02063499391078949,-0.07046910328790545,-0.05109499080572277,0.0377483619377017,-0.0895041711628437,-0.04381940700113773,0.03451091982424259,-0.08288093842566013,-0.015487462282180786,0.027877607382833958,-0.07330962596461177,0.012556914240121841,0.03420485742390156,-0.06257800571620464,-0.05070940149016678,0.04647085256874561,-0.07538808509707451,-0.03624667413532734,0.04405140317976475,-0.06956815905869007,-0.014625869691371918,0.038402022793889046,-0.05745315924286842,0.004844363778829575,0.04054921492934227,-0.05056057870388031,-0.03940969705581665,0.05560695566236973,-0.06567918881773949,-0.03194020316004753,0.05728075094521046,-0.0667373314499855,-0.013788171112537384,0.05083147808909416,-0.054995656944811344,-0.0032322779297828674
0.0,0.0,0.0,-0.012750798836350441,-0.03043459728360176,-0.006983403116464615,-0.0004692729562520981,-0.05983526259660721,-0.006035778671503067,0.015205394476652145,-0.08420462161302567,-0.015898823738098145,0.028961959294974804,-0.0985226221382618,-0.02662200666964054,0.004718106240034103,-0.07994793076068163,-0.05016247904859483,0.012355808168649673,-0.10651510953903198,-0.04789470019750297,0.01633724756538868,-0.13237616419792175,-0.034620197489857674,0.017281299456954002,-0.156496062874794,-0.028660692274570465,0.020149593940004706,-0.07030536816455424,-0.053054412361234426,0.0377774890512228,-0.09073569998145103,-0.045613494236022234,0.03400428779423237,-0.08372871577739716,-0.016698278486728668,0.02594080613926053,-0.07394188502803445,0.010812781751155853,0.03403178695589304,-0.062266528606414795,-0.051972459885291755,0.04631415940821171,-0.07539133355021477,-0.0374277550727129,0.04327436350286007,-0.07007929589599371,-0.01582356169819832,0.03700114879757166,-0.05772291775792837,0.004431325942277908,0.04168841801583767,-0.04995962418615818,-0.04020722210407257,0.05588274635374546,-0.06613886263221502,-0.03293674252927303,0.05709740333259106,-0.06640499830245972,-0.014094263315200806,0.0500984750688076,-0.054702906869351864,-0.004274081438779831
0.0,0.0,0.0,-0.007531199604272842,-0.03329610079526901,-0.006088264286518097,0.0073958151042461395,-0.06329846568405628,0.00020651891827583313,0.03151252865791321,-0.08566830866038799,-0.002111833542585373,0.05242461431771517,-0.08651541266590357,-0.007720664143562317,0.019655756652355194,-0.08970138803124428,-0.04589336458593607,0.03055640496313572,-0.12031435966491699,-0.04384609614498913,0.03831026703119278,-0.14405862987041473,-0.03217956982553005,0.045557111501693726,-0.16980329900979996,-0.019560251384973526,0.0378759247250855,-0.07848113821819425,-0.05058323219418526,0.06128229945898056,-0.10009170509874821,-0.035017783753573895,0.054204607382416725,-0.09250439889729023,-0.006960146129131317,0.042544852243736386,-0.0825311467051506,0.021584484726190567,0.054228512570261955,-0.06303216889500618,-0.04764571163104847,0.06995894201099873,-0.07774742040783167,-0.028315559029579163,0.06290684826672077,-0.07129151374101639,-0.003642342984676361,0.0530473543331027,-0.059542314149439335,0.014917086809873581,0.06218549236655235,-0.045939965173602104,-0.03554782923310995,0.07696139812469482,-0.059433452785015106,-0.022597666829824448,0.073703084141016,-0.05726010911166668,-0.0007809251546859741,0.0623618233948946,-0.04905012249946594,0.005605138838291168
0.0,0.0,0.0,-0.01173986867070198,-0.03091546520590782,-0.0051179490983486176,9.603798389434814e-05,-0.06091267894953489,-0.0016336925327777863,0.014909539371728897,-0.08620178140699863,-0.00830947607755661,0.0273722717538476,-0.10136081650853157,-0.015628300607204437,0.005823696032166481,-0.08259912114590406,-0.045874189818277955,0.013486760668456554,-0.10971658676862717,-0.043145343195647,0.018196847289800644,-0.13597501814365387,-0.030689571052789688,0.019460849463939667,-0.15914013981819153,-0.021856660023331642,0.021527893841266632,-0.07274395576678216,-0.049847373622469604,0.04004027973860502,-0.09430818818509579,-0.040503171272575855,0.03563667833805084,-0.08795761875808239,-0.00993625819683075,0.02760996506549418,-0.07725339103490114,0.01755589246749878,0.03650209028273821,-0.06300326436758041,-0.04988122161012143,0.04865121841430664,-0.07794151455163956,-0.03446635231375694,0.046043749898672104,-0.07182921655476093,-0.011346656829118729,0.03850438166409731,-0.05979111045598984,0.008439671248197556,0.04428093135356903,-0.0497383177280426,-0.039401509799063206,0.05842278525233269,-0.06757642515003681,-0.031880488619208336,0.0589376837015152,-0.06943240389227867,-0.011141534894704819,0.05189061351120472,-0.0593737056478858,-0.001196056604385376
0.0,0.0,0.0,-0.012541145086288452,-0.02997279167175293,-0.0048995353281497955,0.000987328588962555,-0.05888728238642216,-0.0011540651321411133,0.01758015202358365,-0.08306972496211529,-0.006468016654253006,0.02905060350894928,-0.09591102041304111,-0.013094950467348099,0.0065027568489313126,-0.08016730938106775,-0.04377270524855703,0.012520410120487213,-0.10647142305970192,-0.04072063276544213,0.01716664247214794,-0.13235340267419815,-0.02936504501849413,0.018761593848466873,-0.15658938884735107,-0.020937442779541016,0.02112685306929052,-0.0696996187325567,-0.04669216577894986,0.03914047125726938,-0.0915767140686512,-0.03743520425632596,0.03452094830572605,-0.08470231667160988,-0.005907982587814331,0.02646989794448018,-0.07374922558665276,0.0219588465988636,0.03547524008899927,-0.06095974240452051,-0.04608072026167065,0.046944551169872284,-0.07384278438985348,-0.030250340700149536,0.04388277977705002,-0.0693166982382536,-0.00661700963973999,0.0374357458204031,-0.05607088282704353,0.013177122920751572,0.042651817202568054,-0.047458166256546974,-0.034486492164433,0.05754691734910011,-0.06493925116956234,-0.026273688301444054,0.057247478514909744,-0.06708884611725807,-0.006112005561590195,0.05019187554717064,-0.05581389553844929,0.004532456398010254
0.0,0.0,0.0,-0.01148948073387146,-0.03088495507836342,-0.007214631885290146,0.0011733043938875198,-0.05912788491696119,-0.0050196573138237,0.016775577794760466,-0.08364746160805225,-0.013632383197546005,0.030038371682167053,-0.09754449129104614,-0.023717351257801056,0.005026025697588921,-0.07836113777011633,-0.048051232704892755,0.011736568994820118,-0.10485201328992844,-0.04602215625345707,0.015697022899985313,-0.13174307346343994,-0.03450091741979122,0.016764115542173386,-0.15406201034784317,-0.0264597125351429,0.019968574168160558,-0.06907471036538482,-0.05170373199507594,0.0369764044880867,-0.08950813487172127,-0.04433198552578688,0.03459766414016485,-0.08197185955941677,-0.014874368906021118,0.025766171049326658,-0.07171643432229757,0.013329334557056427,0.034084499813616276,-0.05997401848435402,-0.05082643777132034,0.04559944197535515,-0.07407017610967159,-0.0369920264929533,0.04387383535504341,-0.06845128443092108,-0.013720940798521042,0.036229344084858894,-0.05535834562033415,0.005207274109125137,0.04127700626850128,-0.04790189117193222,-0.039359502494335175,0.055772047489881516,-0.06570262089371681,-0.03228258714079857,0.05626317858695984,-0.06581569090485573,-0.01260971650481224,0.04987666942179203,-0.054806433618068695,-0.0018851161003112793
0.0,0.0,0.0,-0.010913463309407234,-0.029290519654750824,-0.0070312246680259705,0.002269431948661804,-0.057365819811820984,-0.0051627084612846375,0.016967145260423422,-0.08114507421851158,-0.014546148478984833,0.03059183806180954,-0.0941542200744152,-0.02570381388068199,0.005017824470996857,-0.07548414077609777,-0.04895094386301935,0.011169247329235077,-0.09994607791304588,-0.047474977327510715,0.014466697350144386,-0.12613513320684433,-0.035205308347940445,0.015145504847168922,-0.148349367082119,-0.025982320308685303,0.019181141164153814,-0.06553583778440952,-0.053104422288015485,0.036312635987997055,-0.08641308732330799,-0.04656880162656307,0.034534793347120285,-0.07969950139522552,-0.016849420964717865,0.025407986715435982,-0.06993787782266736,0.01079510897397995,0.03205973748117685,-0.057497505098581314,-0.05224356718827039,0.04395357333123684,-0.07149856351315975,-0.03876516502350569,0.04296042211353779,-0.06594235077500343,-0.015571251511573792,0.03717087488621473,-0.05267020594328642,0.00447913259267807,0.03971809707581997,-0.04589621722698212,-0.04106462188065052,0.05410277284681797,-0.06366161536425352,-0.03391897678375244,0.05500665120780468,-0.06254555657505989,-0.013063501566648483,0.04920642264187336,-0.05076038558036089,-0.0004785396158695221
0.0,0.0,0.0,-0.0122819934040308,-0.030245795845985413,-0.0063554756343364716,-0.0007098354399204254,-0.05939134582877159,-0.006361957639455795,0.013731392100453377,-0.08373571746051311,-0.014800924807786942,0.02827224787324667,-0.09762780740857124,-0.026094356551766396,0.0030141398310661316,-0.07669718377292156,-0.04818117222748697,0.010666710324585438,-0.10340923815965652,-0.04681149683892727,0.01454007625579834,-0.12939125299453735,-0.0343294870108366,0.015353487804532051,-0.1527455598115921,-0.02688734419643879,0.01902604755014181,-0.06720627564936876,-0.05166046437807381,0.0369038600474596,-0.08827454224228859,-0.04577510408125818,0.03410648461431265,-0.08192773908376694,-0.01656550168991089,0.024702213238924742,-0.07193419011309743,0.011238839477300644,0.0336863175034523,-0.05863069277256727,-0.050972438883036375,0.04523341730237007,-0.07385361567139626,-0.03736565727740526,0.043050164356827736,-0.06815540697425604,-0.015182778239250183,0.036567434668540955,-0.05503836739808321,0.005640801042318344,0.041661251336336136,-0.04715941473841667,-0.0397044587880373,0.05559798143804073,-0.06487575732171535,-0.0328708253800869,0.05601184256374836,-0.06358073651790619,-0.012861285358667374,0.04928598366677761,-0.05178026109933853,-0.0009919069707393646
0.0,0.0,0.0,-0.011163901537656784,-0.029635749757289886,-0.008163794875144958,0.00097622349858284,-0.05674229469150305,-0.008815594017505646,0.015061238780617714,-0.07935215346515179,-0.01973268762230873,0.029322722926735878,-0.09235012903809547,-0.030858231708407402,0.0030270516872406006,-0.0724594546481967,-0.05069839663337916,0.009811528958380222,-0.0976458340883255,-0.04895323212258518,0.013267111033201218,-0.12360215559601784,-0.036010753363370895,0.013422831892967224,-0.14632578566670418,-0.02782120741903782,0.017631496768444777,-0.06369089311920106,-0.05388682335615158,0.03435876313596964,-0.08358128927648067,-0.04955474799498916,0.032239158637821674,-0.07741130888462067,-0.021134959533810616,0.0242129098623991,-0.06719297869130969,0.007981248199939728,0.031107240356504917,-0.055774889420717955,-0.05310650332830846,0.042132673785090446,-0.07029298227280378,-0.04051554016768932,0.04080166295170784,-0.0642591342329979,-0.018356118351221085,0.03562631085515022,-0.05138920061290264,0.002597436308860779,0.03843480534851551,-0.045827983878552914,-0.04188942816108465,0.05218860134482384,-0.06301232893019915,-0.03559233620762825,0.0528850294649601,-0.06118347495794296,-0.015734851360321045,0.04735199362039566,-0.049570998176932335,-0.002912372350692749
0.0,0.0,0.0,-0.012444023042917252,-0.030533745884895325,-0.007349245250225067,0.000855814665555954,-0.05809228355064988,-0.008580505847930908,0.01639223052188754,-0.08039522171020508,-0.020907394587993622,0.030593049712479115,-0.09286531619727612,-0.03591294586658478,0.002081172540783882,-0.07414166908711195,-0.05112130753695965,0.009619994089007378,-0.098933856934309,-0.05103579629212618,0.012148810550570488,-0.12342188134789467,-0.038898831233382225,0.01180051639676094,-0.14475932717323303,-0.03045029751956463,0.016525843646377325,-0.06459784461185336,-0.055563342524692416,0.03437458723783493,-0.08594661392271519,-0.05219194456003606,0.031790826469659805,-0.07942640595138073,-0.023345913738012314,0.023203300312161446,-0.06902102148160338,0.0048202089965343475,0.02960989996790886,-0.05634130351245403,-0.05575495143420994,0.04179200530052185,-0.07122709695249796,-0.044295341707766056,0.039986539632081985,-0.06586809735745192,-0.020505107939243317,0.034311991184949875,-0.0521060461178422,0.0006031244993209839,0.03690572455525398,-0.04517321474850178,-0.04477148875594139,0.05205787345767021,-0.06365473754703999,-0.038394536823034286,0.053435128182172775,-0.06248038820922375,-0.017513621598482132,0.04671546444296837,-0.04982359521090984,-0.0031180940568447113
0.0,0.0,0.0,-0.012394368648529053,-0.028914006426930428,-0.008063971996307373,0.0002903193235397339,-0.0568508580327034,-0.009551826864480972,0.017305423505604267,-0.07907253131270409,-0.0225532129406929,0.03183269314467907,-0.09013431146740913,-0.03730771504342556,0.0025577321648597717,-0.07279885746538639,-0.054093916551209986,0.0086653558537364,-0.0958382710814476,-0.05280249612405896,0.012237893417477608,-0.1192428506910801,-0.03887439705431461,0.014140240848064423,-0.14168717339634895,-0.027455544099211693,0.01623370870947838,-0.062210155883803964,-0.05728480906691402,0.03291923552751541,-0.08443490229547024,-0.054971823235973716,0.030499964952468872,-0.0771463681012392,-0.023806840181350708,0.021628091344609857,-0.06616425793617964,0.0036722607910633087,0.028979986906051636,-0.05497253034263849,-0.05748234852217138,0.04039500840008259,-0.06872440315783024,-0.0463011534884572,0.0383714996278286,-0.06514575239270926,-0.022096730768680573,0.03257231134921312,-0.05086895450949669,-0.00197698175907135,0.03615029715001583,-0.04355583153665066,-0.04572343733161688,0.05128876492381096,-0.06208706647157669,-0.04006079491227865,0.051607824862003326,-0.06229124125093222,-0.019481752067804337,0.04434041865170002,-0.04985741712152958,-0.00430336594581604
0.0,0.0,0.0,-0.012606577947735786,-0.029371483251452446,-0.008800197392702103,0.00013099424540996552,-0.057317753322422504,-0.011336304247379303,0.016999180428683758,-0.08029385283589363,-0.024368025362491608,0.03330644592642784,-0.09176330268383026,-0.040140425786376,0.0018813982605934143,-0.07302007544785738,-0.05629621888510883,0.00947797391563654,-0.09741425886750221,-0.054920750204473734,0.013143515214323997,-0.12054146826267242,-0.03981821984052658,0.014281956478953362,-0.14304491132497787,-0.027163060382008553,0.016653685132041574,-0.06268079881556332,-0.05994297843426466,0.034417951479554176,-0.08524937741458416,-0.05749252017267281,0.031536972150206566,-0.07828959450125694,-0.02757950685918331,0.021495135966688395,-0.06779415998607874,-0.0003562904894351959,0.030332278460264206,-0.05478835524991155,-0.05937101284507662,0.04173124022781849,-0.0700044110417366,-0.04803703632205725,0.03907865844666958,-0.06614212039858103,-0.023717649281024933,0.033273312263190746,-0.05150982178747654,-0.002334319055080414,0.03848363272845745,-0.04394173063337803,-0.04613326769322157,0.053066032007336617,-0.06255104765295982,-0.04121401347219944,0.05282042361795902,-0.06100022979080677,-0.019779164344072342,0.045598410069942474,-0.047952246852219105,-0.00448261946439743
0.0,0.0,0.0,-0.011343246325850487,-0.030373811721801758,-0.006937548518180847,-0.0025311894714832306,-0.0601763091981411,-0.011881653219461441,0.012280387338250875,-0.0823604054749012,-0.025502275675535202,0.028228471986949444,-0.09576720744371414,-0.04460120666772127,-0.00023437291383743286,-0.07562943547964096,-0.05475495895370841,0.007419344037771225,-0.09947151690721512,-0.05704105657059699,0.011005854234099388,-0.12217079848051071,-0.0441705072298646,0.010264895856380463,-0.14622453600168228,-0.03789047524333,0.015221834182739258,-0.0652251907158643,-0.0601552405860275,0.03442817181348801,-0.0863189548254013,-0.056831198977306485,0.03190934285521507,-0.08059448376297951,-0.028983499854803085,0.022203731816262007,-0.0692916396073997,-0.0030331946909427643,0.02915213443338871,-0.05683903023600578,-0.06153229693882167,0.04161418043076992,-0.07222457882016897,-0.049686544574797153,0.039386387914419174,-0.06666169967502356,-0.028050994500517845,0.034955473616719246,-0.05453362036496401,-0.0063627734780311584,0.03844831883907318,-0.04515681974589825,-0.05171394068747759,0.05279111862182617,-0.062378356233239174,-0.04656913038343191,0.05374911054968834,-0.062319716438651085,-0.024206485599279404,0.046178923919796944,-0.05025574192404747,-0.010718539357185364
0.0,0.0,0.0,-0.01914336532354355,-0.032334230840206146,0.00073219183832407,-0.010560266673564911,-0.06400373205542564,0.016773241572082043,0.011244328692555428,-0.09344296855852008,0.02988604176789522,0.032691686414182186,-0.0990245658904314,0.03946396429091692,0.0049911122769117355,-0.1033093985170126,-0.013843408203683794,0.010297302156686783,-0.13511700183153152,-0.004831495229154825,0.013548547402024269,-0.16384875029325485,0.00481786672025919,0.011131636798381805,-0.18648751080036163,0.00858850684016943,0.031292192405089736,-0.0931095415726304,-0.015231211669743061,0.04364106431603432,-0.11099984124302864,0.009063356555998325,0.03268024744465947,-0.0995505079627037,0.036126685328781605,0.02189719770103693,-0.0894443835131824,0.05896493140608072,0.05408935062587261,-0.07763037644326687,-0.01209946206654422,0.05626431666314602,-0.08576722256839275,0.017343739978969097,0.04718946758657694,-0.07694477867335081,0.036473494954407215,0.036667656153440475,-0.06395687162876129,0.048556664027273655,0.0634022057056427,-0.05630598962306976,-0.0017743110656738281,0.06794413924217224,-0.06680590473115444,0.017280776984989643,0.06276896595954895,-0.06375888362526894,0.037166901864111423,0.052745260298252106,-0.05250971019268036,0.03828455228358507
0.0,0.0,0.0,-0.0072301775217056274,-0.033213935792446136,-0.004700355231761932,0.006591677665710449,-0.06312244012951851,0.0014837607741355896,0.029370667412877083,-0.08776243403553963,0.00035392120480537415,0.05018819309771061,-0.08915792685002089,-0.0052239373326301575,0.0200356412678957,-0.09004104323685169,-0.041587860556319356,0.03260210528969765,-0.12069439888000488,-0.04031345248222351,0.039949726313352585,-0.14376717060804367,-0.029115973971784115,0.047099001705646515,-0.16944494098424911,-0.019655155017971992,0.038278198800981045,-0.07881822576746345,-0.0468179932795465,0.06157933920621872,-0.09821799397468567,-0.032574763521552086,0.05485854856669903,-0.09086729027330875,-0.004897385835647583,0.04183007008396089,-0.08047955296933651,0.020695772022008896,0.05455814115703106,-0.06346070487052202,-0.04506014508660883,0.07035137340426445,-0.07683076988905668,-0.026398034766316414,0.06292944401502609,-0.07019610330462456,-0.003009900450706482,0.05282816290855408,-0.058166831731796265,0.014463212341070175,0.06254422478377819,-0.04573921859264374,-0.03442873153835535,0.07707313448190689,-0.058784703724086285,-0.02209598198533058,0.0737546905875206,-0.05628754384815693,-0.0006355196237564087,0.06267061457037926,-0.0477052666246891,0.005359861999750137
0.0,0.0,0.0,-0.013151602819561958,-0.030721187591552734,-0.009383335709571838,-0.002088624984025955,-0.058679583482444286,-0.014397282153367996,0.01238861121237278,-0.08097786270081997,-0.028372179716825485,0.027391616255044937,-0.09347030520439148,-0.04530849028378725,-0.0014002807438373566,-0.07310378924012184,-0.057320655789226294,0.006077575497329235,-0.09650056436657906,-0.05914993642363697,0.009090131148695946,-0.12119271606206894,-0.04723332077264786,0.00854635238647461,-0.14406991004943848,-0.040648238733410835,0.013828634982928634,-0.06314885267056525,-0.06164287694264203,0.03299521841108799,-0.08526695147156715,-0.05923500005155802,0.030862991698086262,-0.07955599017441273,-0.03042343072593212,0.02197970822453499,-0.06910691596567631,-0.001522991806268692,0.02792139071971178,-0.05536615941673517,-0.06231383210979402,0.040803613141179085,-0.07207922171801329,-0.051446705125272274,0.03918820805847645,-0.0660256901755929,-0.02913755364716053,0.03389541245996952,-0.05325733171775937,-0.006894562393426895,0.03576304577291012,-0.04379122704267502,-0.052158358972519636,0.05052454397082329,-0.06226652767509222,-0.04678705893456936,0.051873743534088135,-0.06276104785501957,-0.026549190282821655,0.0451563335955143,-0.05022237170487642,-0.011571340262889862
0.0,0.0,0.0,-0.026787947863340378,-0.024076152592897415,-0.01236767292721197,-0.02550727315247059,-0.047761134803295135,0.014085698232520372,-0.025746718049049377,-0.06738116592168808,0.027682792686391622,-0.02599500399082899,-0.07360298559069633,0.03863996668951586,-0.015381032833829522,-0.08542145264800638,-0.003267362422775477,-0.025999441742897034,-0.11494969949126244,0.0009764260539668612,-0.026867873966693878,-0.1449621394276619,-0.005704306706320494,-0.03357636742293835,-0.16882367432117462,-0.02247780904872343,-0.01204596139723435,-0.08499455649871379,-6.724527338519692e-05,-0.02717756573110819,-0.09929191134870052,0.017387656786013395,-0.035380277782678604,-0.08323544450104237,0.012793601781595498,-0.03312094882130623,-0.07857664860785007,0.0013989147555548698,-0.008454467169940472,-0.08691264083608985,0.005612306122202426,-0.024589985609054565,-0.08070817170664668,0.020259939425159246,-0.027283944189548492,-0.0688625555485487,0.02127276948885992,-0.02170072589069605,-0.0623483806848526,0.010196484916377813,-0.017726987600326538,-0.06679894775152206,0.013646348670590669,-0.02416240982711315,-0.06642550975084305,0.02075639582471922,-0.025652069598436356,-0.06644472666084766,0.022708034433890134,-0.023728657513856888,-0.05867874249815941,-0.000925674510654062
0.0,0.0,0.0,-0.027808988466858864,-0.02452504262328148,-0.012739553232677281,-0.026070306077599525,-0.04877319931983948,0.013283551554195583,-0.025502762757241726,-0.06891327816992998,0.024340701173059642,-0.023735646158456802,-0.0737061146646738,0.03398738510441035,-0.015565629582852125,-0.08622671151533723,-0.004819678491912782,-0.02582370676100254,-0.11587480083107948,-0.0009520461899228394,-0.026842163875699043,-0.14610614255070686,-0.0068330272333696485,-0.034171583130955696,-0.16895301640033722,-0.024208388407714665,-0.011512414988828823,-0.08533106814138591,-0.0021311022574082017,-0.02553300652652979,-0.10004431381821632,0.01589029363822192,-0.03333033062517643,-0.08484918856993318,0.010551115381531417,-0.03096899203956127,-0.08096522511914372,-0.0016319098067469895,-0.007213200908154249,-0.08719902252778411,0.0032024247338995337,-0.021560069173574448,-0.08219106984324753,0.01807649328839034,-0.024789830669760704,-0.07044812850654125,0.019825915689580142,-0.019658968783915043,-0.06487516686320305,0.007532349671237171,-0.016659683547914028,-0.0663605835288763,0.010953660937957466,-0.02160765416920185,-0.06630002520978451,0.01893085695337504,-0.022692939266562462,-0.06721484661102295,0.020575457136146724,-0.020595339126884937,-0.05885409191250801,-0.0021504447795450687
0.0,0.0,0.0,-0.029032433405518532,-0.02464759722352028,-0.012952943849086296,-0.02685743197798729,-0.04776514321565628,0.015657448624551762,-0.02678603958338499,-0.06854832358658314,0.024914033194363583,-0.026290700770914555,-0.07427483331412077,0.0369669901629095,-0.017288765870034695,-0.08749205735512078,-0.0031468500892515294,-0.028567866422235966,-0.1180918961763382,0.001569206542626489,-0.02839386649429798,-0.14822442829608917,-0.0039858748714323156,-0.03685249388217926,-0.1696501299738884,-0.022732319826900493,-0.012707702175248414,-0.08576977456687018,-0.0024949780708993785,-0.02717143390327692,-0.10091577470302582,0.016501882528245915,-0.03436201997101307,-0.08432941883802414,0.010338878673792351,-0.03299575299024582,-0.08009685529395938,-0.001551655172079336,-0.009723911993205547,-0.08933341316878796,0.003575217859179247,-0.023636862635612488,-0.08230303623713553,0.016477448349178303,-0.02748782280832529,-0.06904200837016106,0.01855988935130881,-0.020204926375299692,-0.0649353675544262,0.0058368965474073775,-0.02018178440630436,-0.06687447242438793,0.00967365824180888,-0.023278480395674706,-0.06610824167728424,0.01687880740064429,-0.025282766669988632,-0.06807626225054264,0.018532076333940495,-0.021516436710953712,-0.05965473689138889,-0.004696484706073534
0.0,0.0,0.0,-0.02854822762310505,-0.0227292999625206,-0.007815263699740171,-0.026818981394171715,-0.04682242125272751,0.023016783874481916,-0.027019640430808067,-0.06703382544219494,0.03688636561855674,-0.026686078868806362,-0.0747887110337615,0.050321034621447325,-0.017924643820151687,-0.08597338711842895,0.006198447896167636,-0.030680455267429352,-0.11669914424419403,0.01204785704612732,-0.03133917227387428,-0.14581355452537537,0.006684937514364719,-0.04020329937338829,-0.16779322177171707,-0.01196247385814786,-0.013603961386252195,-0.08444433764088899,0.005025834310799837,-0.027499916963279247,-0.09934290125966072,0.02752056298777461,-0.03440167009830475,-0.08233172679319978,0.023759990464895964,-0.03300575166940689,-0.07808613684028387,0.011352313682436943,-0.010688737034797668,-0.08830814342945814,0.009426392614841461,-0.023900816217064857,-0.0805355862248689,0.024850667919963598,-0.027056748047471046,-0.06673381105065346,0.02844599960371852,-0.018666299059987068,-0.0630975142121315,0.016365450341254473,-0.020258662290871143,-0.06624251417815685,0.013576558325439692,-0.022481735795736313,-0.06551492772996426,0.022597862873226404,-0.025068548507988453,-0.0672205500304699,0.02630325546488166,-0.020171110052615404,-0.058599088340997696,0.002850509714335203
0.0,0.0,0.0,-0.004940200597047806,-0.03396155685186386,-0.0009889453649520874,0.010554291307926178,-0.0630731275305152,0.009999193251132965,0.033560954965651035,-0.08658996690064669,0.01097584143280983,0.0516123385168612,-0.08955592289566994,0.008579138666391373,0.024979960173368454,-0.09437221847474575,-0.03070570807904005,0.0358586348593235,-0.12359186634421349,-0.03371183038689196,0.04358162730932236,-0.14679012447595596,-0.02551424689590931,0.05024382844567299,-0.17104624956846237,-0.019594745710492134,0.0418834425508976,-0.08236662112176418,-0.03890115721151233,0.0640266016125679,-0.10246675089001656,-0.02318658772855997,0.05771763529628515,-0.0938326045870781,0.0046678222715854645,0.045024210354313254,-0.0828067371621728,0.03034798800945282,0.05643060337752104,-0.06760353222489357,-0.040151044027879834,0.07163308188319206,-0.07850865088403225,-0.02006557025015354,0.06513349711894989,-0.07104978617280722,0.002888701856136322,0.054566750302910805,-0.05891422741115093,0.020363397896289825,0.06364434212446213,-0.047382693737745285,-0.03233590675517917,0.07750319689512253,-0.06061959080398083,-0.019336048513650894,0.07440624386072159,-0.05908969230949879,0.003077138215303421,0.06229958310723305,-0.04963812232017517,0.008171051740646362
0.0,0.0,0.0,-0.02862722799181938,-0.024605784565210342,-0.011068989988416433,-0.02587467059493065,-0.046236876398324966,0.021641040686517954,-0.025897502899169922,-0.06453455239534378,0.031584941316396,-0.026309601962566376,-0.07200115360319614,0.04527848260477185,-0.01681578322313726,-0.08657092158682644,0.0026298625161871314,-0.030253264121711254,-0.1161467432975769,0.008168767672032118,-0.028985971584916115,-0.14534304663538933,-0.00033816276118159294,-0.03969343565404415,-0.1641046404838562,-0.022698917891830206,-0.013824892812408507,-0.08345352730248123,6.8785157054662704e-06,-0.027571971528232098,-0.0972625520080328,0.022072958294302225,-0.03579924628138542,-0.07918903976678848,0.014047773089259863,-0.03639780916273594,-0.07591448724269867,-0.0007919091731309891,-0.0133671312360093,-0.08836068538948894,0.006238446570932865,-0.026473664678633213,-0.07815146073698997,0.016657753381878138,-0.031209295615553856,-0.0637053232640028,0.01810163026675582,-0.022821573074907064,-0.06101680174469948,0.0031125516397878528,-0.02647652104496956,-0.06474663130939007,0.008816692978143692,-0.02745840698480606,-0.062453990802168846,0.015345556195825338,-0.02942569274455309,-0.06315547972917557,0.016870453488081694,-0.024048556573688984,-0.05503489449620247,-0.008749316912144423
0.0,0.0,0.0,-0.027151990681886673,-0.02087543159723282,-0.0020845094695687294,-0.027045114897191525,-0.044595398008823395,0.028545205481350422,-0.027505014091730118,-0.06301852501928806,0.04660507943481207,-0.02766944281756878,-0.07058445271104574,0.06104071345180273,-0.018295781686902046,-0.08249037456698716,0.015589775692205876,-0.029751189053058624,-0.1095028780400753,0.021823579911142588,-0.033039193600416183,-0.13953249529004097,0.017289958661422133,-0.040137531235814095,-0.16270387917757034,0.0003201942890882492,-0.014043767878320068,-0.08244141191244125,0.014344555820571259,-0.02771985623985529,-0.09462200850248337,0.03586299251765013,-0.034622250124812126,-0.07979377685114741,0.03385766316205263,-0.0329523216933012,-0.07678748853504658,0.023175458423793316,-0.009020722471177578,-0.08457381557673216,0.016274544526822865,-0.022695772349834442,-0.07703944761306047,0.03395180311053991,-0.02404256910085678,-0.06494260393083096,0.037957738153636456,-0.01963897841051221,-0.061291005462408066,0.026393583975732327,-0.01624180912040174,-0.06413372419774532,0.019480827264487743,-0.01997533766552806,-0.06283541396260262,0.030118605121970177,-0.02174513228237629,-0.064441604539752,0.036643355153501034,-0.018388093914836645,-0.05759922042489052,0.015163056756136939
0.0,0.0,0.0,-0.02814128529280424,-0.01983373612165451,-2.1794810891151428e-05,-0.02860860340297222,-0.04398370534181595,0.032243226654827595,-0.02947106584906578,-0.06391607969999313,0.05311116576194763,-0.033307380974292755,-0.07357051689177752,0.06921934708952904,-0.02189311571419239,-0.08480383909773082,0.022378525114618242,-0.035061608999967575,-0.11217043548822403,0.02858055057004094,-0.03896571882069111,-0.14163675904273987,0.023780171293765306,-0.046460947021842,-0.16653496026992798,0.006603873334825039,-0.01657984292251058,-0.08465817873366177,0.02055485633900389,-0.030005842447280884,-0.09697248879820108,0.04378274269402027,-0.036682264879345894,-0.08230421971529722,0.04279744252562523,-0.035973286256194115,-0.08006723271682858,0.03171480726450682,-0.011858711950480938,-0.08708074199967086,0.022445754031650722,-0.024487541057169437,-0.07893212512135506,0.04149048402905464,-0.02592979371547699,-0.06557959504425526,0.047537634149193764,-0.02057784330099821,-0.06314404495060444,0.03670990001410246,-0.017844497924670577,-0.06566444598138332,0.02452844171784818,-0.02087068324908614,-0.06497986055910587,0.03540235571563244,-0.022337449714541435,-0.06417916528880596,0.0427225548774004,-0.018968991935253143,-0.05699206329882145,0.023597085382789373
0.0,0.0,0.0,-0.02936090249568224,-0.01887591928243637,0.0026738103479146957,-0.03118259459733963,-0.04538916051387787,0.034535713493824005,-0.03290611784905195,-0.06768272072076797,0.06220177933573723,-0.036399511620402336,-0.0783673720434308,0.0786721371114254,-0.027617646381258965,-0.0839090351946652,0.026737124426290393,-0.04022778198122978,-0.11212373338639736,0.03256460698321462,-0.04695158638060093,-0.14284952729940414,0.03258516313508153,-0.052338527515530586,-0.1705785021185875,0.021237500244751573,-0.01949220336973667,-0.0866539009148255,0.026276719756424427,-0.03415272943675518,-0.1005457229912281,0.05030056647956371,-0.03891145810484886,-0.08866410935297608,0.05468746833503246,-0.03811989724636078,-0.08601192897185683,0.04826444387435913,-0.010720476042479277,-0.08789314632304013,0.026213919976726174,-0.02466793591156602,-0.08440802595578134,0.05000646971166134,-0.023704678751528263,-0.07216359861195087,0.058582909405231476,-0.017883939435705543,-0.06860822066664696,0.0540187731385231,-0.011609638575464487,-0.06967192608863115,0.028143169824033976,-0.017397132702171803,-0.07233259081840515,0.04194381646811962,-0.017690750071778893,-0.069718973711133,0.050945425406098366,-0.014541758690029383,-0.06313277408480644,0.03539838828146458
0.0,0.0,0.0,-0.030098143965005875,-0.020794376730918884,0.005264274775981903,-0.030499646440148354,-0.044796139001846313,0.043384429067373276,-0.032080261036753654,-0.06663930788636208,0.07145488448441029,-0.035234132781624794,-0.07901152968406677,0.09300330467522144,-0.027326511219143867,-0.08525383635424078,0.03380389418452978,-0.03882095590233803,-0.11523164808750153,0.042784977704286575,-0.042089637368917465,-0.146218653768301,0.04345807805657387,-0.04801817983388901,-0.17078371345996857,0.033897008281201124,-0.017736209789291024,-0.08671153371687979,0.02962558129820536,-0.029712803661823273,-0.10220976546406746,0.0560936126857996,-0.035119278356432915,-0.0901367156766355,0.05923212878406048,-0.03543849661946297,-0.08892851741984487,0.05250493995845318,-0.008855228777974844,-0.0894852033816278,0.02949008034192957,-0.021237943321466446,-0.08508435159455985,0.05174222216010094,-0.021210940554738045,-0.07221615966409445,0.06189711205661297,-0.013667730614542961,-0.0714466692879796,0.055393123999238014,-0.01186173316091299,-0.06906876154243946,0.027594922576099634,-0.014745809370651841,-0.0711829774081707,0.04200709890574217,-0.016563936369493604,-0.06959430128335953,0.05376707948744297,-0.011002464219927788,-0.06387338228523731,0.039472741074860096
0.0,0.0,0.0,-0.006482742726802826,-0.03447809815406799,-0.0006864070892333984,0.007529370486736298,-0.06536118499934673,0.009057529270648956,0.0313303442671895,-0.09015834331512451,0.009570401161909103,0.05188558343797922,-0.09333331696689129,0.004783444106578827,0.021982647478580475,-0.09528990462422371,-0.03285325691103935,0.03429209813475609,-0.12505608052015305,-0.033517735078930855,0.042366866022348404,-0.1489124298095703,-0.022904918529093266,0.04988376423716545,-0.173023983836174,-0.01599518023431301,0.040617143269628286,-0.08366530109196901,-0.03995764744468033,0.06495785154402256,-0.1035249661654234,-0.024220803752541542,0.0576621238142252,-0.09596322663128376,0.0027924925088882446,0.04457008233293891,-0.08452450856566429,0.029073253273963928,0.056871228851377964,-0.06740664225071669,-0.04084908659569919,0.0734983067959547,-0.08093027397990227,-0.020117131993174553,0.06649183854460716,-0.07307491824030876,0.003154400736093521,0.05572155676782131,-0.06060747988522053,0.0197102390229702,0.06473390758037567,-0.048265719786286354,-0.032481316942721605,0.0794057622551918,-0.06175233796238899,-0.018852584064006805,0.07691749930381775,-0.05860768258571625,0.0037809833884239197,0.064570352435112,-0.04950536787509918,0.009496215730905533
0.0,0.0,0.0,-0.029965421184897423,-0.02103540301322937,0.0036976803094148636,-0.030250735580921173,-0.04465541988611221,0.042014931328594685,-0.03234797716140747,-0.06634315103292465,0.06859141029417515,-0.0356704406440258,-0.0776556939817965,0.08977080322802067,-0.02654915489256382,-0.08458204544149339,0.03282804391346872,-0.037795061245560646,-0.11421080119907856,0.04138088598847389,-0.040699828416109085,-0.1453925520181656,0.040982152335345745,-0.04575023800134659,-0.17000533640384674,0.029333848651731387,-0.017472843639552593,-0.08640563802327961,0.02912051635212265,-0.03019208088517189,-0.10101545788347721,0.054673654958605766,-0.03602680377662182,-0.08880469156429172,0.05557047761976719,-0.03703964501619339,-0.08854407863691449,0.045915329828858376,-0.009438241366297007,-0.0896405573002994,0.029587101540528238,-0.022510673850774765,-0.08399199205450714,0.050940340384840965,-0.02301715314388275,-0.07117757946252823,0.05944491922855377,-0.015959282405674458,-0.07092575915157795,0.05001631937921047,-0.013283950043842196,-0.06889914907515049,0.028086244594305754,-0.01663278928026557,-0.07005608640611172,0.04192201793193817,-0.018514754599891603,-0.06878271885216236,0.0521985050290823,-0.01301734521985054,-0.06268503703176975,0.03602110268548131
0.0,0.0,0.0,-0.03181809838861227,-0.021834269165992737,0.000817643478512764,-0.032313501462340355,-0.045728899538517,0.038452728651463985,-0.03466676361858845,-0.06885048188269138,0.06263094954192638,-0.03717336803674698,-0.08057051477953792,0.08231216482818127,-0.028065135702490807,-0.08837441517971456,0.02880704845301807,-0.038479264825582504,-0.11923976987600327,0.03743540309369564,-0.040461327880620956,-0.15062475949525833,0.035341618582606316,-0.04716401919722557,-0.17280727624893188,0.021241840440779924,-0.017135352245531976,-0.08966301358304918,0.025162615929730237,-0.02925175055861473,-0.10448124632239342,0.051964296028018,-0.03552147187292576,-0.09090135619044304,0.053150927647948265,-0.03674188815057278,-0.08983339462429285,0.043683188036084175,-0.008257867768406868,-0.09256268385797739,0.026847472647204995,-0.020878173410892487,-0.08667378383688629,0.047641340643167496,-0.022592246532440186,-0.07292069587856531,0.05706930533051491,-0.01572831184603274,-0.07231039367616177,0.04720325209200382,-0.012222475837916136,-0.07028809934854507,0.02525823039468378,-0.014696915401145816,-0.07195349223911762,0.03947595879435539,-0.017826438415795565,-0.07049195654690266,0.04946774244308472,-0.011393314693123102,-0.06371508352458477,0.032736172433942556
0.0,0.0,0.0,-0.033823924139142036,-0.021544210612773895,-0.0034238342195749283,-0.034435901790857315,-0.04625435918569565,0.02918100543320179,-0.03565351665019989,-0.07031461596488953,0.0480356328189373,-0.03844204358756542,-0.08144352911040187,0.06658733263611794,-0.028077270835638046,-0.08994244562927634,0.019881323591107503,-0.0394784826785326,-0.12110796570777893,0.028517726808786392,-0.039301954209804535,-0.15204036980867386,0.02643993403762579,-0.04604050703346729,-0.17504727095365524,0.012271837331354618,-0.01625808229437098,-0.09019573603291065,0.018512951908633113,-0.02893910836428404,-0.10561728663742542,0.04616714082658291,-0.03568316623568535,-0.08963765949010849,0.05011017061769962,-0.03729180060327053,-0.08498105639591813,0.04284531809389591,-0.00690136943012476,-0.09380107233300805,0.0223983742762357,-0.01936104241758585,-0.08654034603387117,0.043335696682333946,-0.02323542581871152,-0.07114770635962486,0.05413941666483879,-0.016191618517041206,-0.06870445981621742,0.04645024240016937,-0.010342917870730162,-0.07069008238613605,0.023496648529544473,-0.012816021917387843,-0.07244374044239521,0.03557150438427925,-0.017542819725349545,-0.07038109563291073,0.04246468096971512,-0.01199663570150733,-0.06160062178969383,0.02481967071071267
0.0,0.0,0.0,-0.031906369142234325,-0.018389366567134857,0.00418270006775856,-0.03426888398826122,-0.04134953394532204,0.040209232829511166,-0.03638281673192978,-0.06298611499369144,0.06475632265210152,-0.03869877941906452,-0.07056726422160864,0.08451150357723236,-0.030194389633834362,-0.08228616369888186,0.035772117553278804,-0.04057982191443443,-0.10750278271734715,0.04276483692228794,-0.04361364431679249,-0.1362912580370903,0.04167653247714043,-0.049852363765239716,-0.16344957798719406,0.026661048643290997,-0.018920498376246542,-0.08317112596705556,0.03434362600091845,-0.0342132393270731,-0.0923110144212842,0.06040799990296364,-0.03954688645899296,-0.08176643843762577,0.06201914884150028,-0.04111423343420029,-0.08226963924244046,0.050419757142663,-0.010531405918300152,-0.08484209212474525,0.03499158949125558,-0.0246462756767869,-0.07612289628013968,0.059990692883729935,-0.025278868153691292,-0.06465628556907177,0.06714815273880959,-0.019998255535028875,-0.06603123899549246,0.05956045910716057,-0.011857409961521626,-0.06383820995688438,0.034605012799147516,-0.017734557623043656,-0.06454974412918091,0.05016967095434666,-0.020051187835633755,-0.06242009252309799,0.05973261035978794,-0.015202390030026436,-0.05725468136370182,0.044697836972773075
0.0,0.0,0.0,-0.03451352193951607,-0.019452370703220367,0.0007244125008583069,-0.0357288159430027,-0.04306717962026596,0.03826103825122118,-0.038117460906505585,-0.06547652930021286,0.05852227285504341,-0.040625978261232376,-0.07440507877618074,0.07837704941630363,-0.0328529542312026,-0.08598849433474243,0.03134412248618901,-0.04352983459830284,-0.11336607113480568,0.03897007927298546,-0.0444647241383791,-0.1422586292028427,0.03762014536187053,-0.05176062881946564,-0.16590569913387299,0.021486228331923485,-0.020561064273351803,-0.08530306373722851,0.028709660284221172,-0.03494981583207846,-0.0962455291301012,0.054843952879309654,-0.04049738310277462,-0.08229708159342408,0.055138710886240005,-0.042671868577599525,-0.08126503578387201,0.043887113220989704,-0.012602523900568485,-0.08817845396697521,0.03102626698091626,-0.02496941387653351,-0.07886514347046614,0.05200141668319702,-0.027057886589318514,-0.06558530777692795,0.05936500243842602,-0.02091950410977006,-0.0670323520898819,0.05061039514839649,-0.014756083488464355,-0.06422857567667961,0.03003184386761859,-0.01785174640826881,-0.06516493856906891,0.04312398284673691,-0.022523311665281653,-0.06469457037746906,0.050644271075725555,-0.015855053439736366,-0.058549435809254646,0.0334809401538223
0.0,0.0,0.0,-0.007496438920497894,-0.03437954932451248,-0.0006522014737129211,0.006628960371017456,-0.06536444742232561,0.009512454271316528,0.03014837857335806,-0.09072854369878769,0.010408654808998108,0.05099381599575281,-0.09328046534210443,0.005997311323881149,0.020659612491726875,-0.09567843936383724,-0.03211905341595411,0.033319881185889244,-0.1255480945110321,-0.03223457187414169,0.04163948819041252,-0.14992117136716843,-0.021565428003668785,0.04902798682451248,-0.17368245124816895,-0.014434713870286942,0.0399141781963408,-0.08387704845517874,-0.039005619706586,0.06475839018821716,-0.10442775674164295,-0.02285926416516304,0.057695506140589714,-0.09688718430697918,0.004171278327703476,0.04452595626935363,-0.08538350043818355,0.030223645269870758,0.05650752875953913,-0.06744471192359924,-0.039685103809461,0.07363109290599823,-0.08161043468862772,-0.018804075196385384,0.0666218139231205,-0.07358337473124266,0.004598524421453476,0.05548109207302332,-0.06112817861139774,0.02082546055316925,0.06464540585875511,-0.04802209325134754,-0.03109816601499915,0.0798642449080944,-0.061885811388492584,-0.01696956716477871,0.0770757719874382,-0.05868321843445301,0.0053320638835430145,0.06508607603609562,-0.0495851319283247,0.01105542853474617
0.0,0.0,0.0,-0.03444417752325535,-0.021550454199314117,-0.0049104150384664536,-0.03498975373804569,-0.046289511024951935,0.028369653970003128,-0.03517142869532108,-0.07019052654504776,0.04255213215947151,-0.03828531876206398,-0.07978769764304161,0.06068658456206322,-0.02869280520826578,-0.09177049156278372,0.018968314863741398,-0.04106883518397808,-0.12206164002418518,0.026164620649069548,-0.03948197327554226,-0.15169356018304825,0.023986125364899635,-0.04616677947342396,-0.17538870871067047,0.00800720602273941,-0.017942150589078665,-0.09059739694930613,0.017924194457009435,-0.03181077167391777,-0.1057302001863718,0.04494893178343773,-0.03875350393354893,-0.08965320838615298,0.044825855642557144,-0.04147859662771225,-0.08485693670809269,0.03402796760201454,-0.011159430723637342,-0.09510690253227949,0.02352291624993086,-0.023246812634170055,-0.08748572797048837,0.0428621880710125,-0.027684691362082958,-0.07203111425042152,0.04982588440179825,-0.020873868837952614,-0.07213250547647476,0.03948927856981754,-0.016420846339315176,-0.07026384398341179,0.02524601574987173,-0.018591841449961066,-0.07215461321175098,0.03535907622426748,-0.023425794672220945,-0.07189755886793137,0.040020085871219635,-0.018224419560283422,-0.06352740712463856,0.019725383957847953
0.0,0.0,0.0,-0.03363046050071716,-0.02058625966310501,-0.005978444591164589,-0.03473510779440403,-0.04548460990190506,0.024622032418847084,-0.03521260246634483,-0.06870086118578911,0.03860301896929741,-0.03815321810543537,-0.07792094349861145,0.0549181904643774,-0.02849283628165722,-0.08890769327990711,0.013648250605911016,-0.04008129797875881,-0.11805378831923008,0.020849824883043766,-0.04028034396469593,-0.14889075607061386,0.01931519596837461,-0.04650665633380413,-0.17336787283420563,0.0038856277242302895,-0.01811332459328696,-0.08895806153304875,0.013645864557474852,-0.03318583685904741,-0.10271219536662102,0.0386432483792305,-0.03868287615478039,-0.08686187723651528,0.04025835730135441,-0.039342256262898445,-0.0816960115917027,0.03140103258192539,-0.01083002146333456,-0.0927801844663918,0.01821574242785573,-0.02365910541266203,-0.08531498373486102,0.03821718133985996,-0.026562090031802654,-0.07054527662694454,0.04668568633496761,-0.02019118028692901,-0.06888922676444054,0.0383352879434824,-0.013881190679967403,-0.0697430744767189,0.02185099571943283,-0.018019303446635604,-0.07141284458339214,0.03215811774134636,-0.02192432340234518,-0.07092286460101604,0.037096500396728516,-0.017067150678485632,-0.0614035464823246,0.018882692093029618
0.0,0.0,0.0,-0.0333565017208457,-0.021224111318588257,-0.002608601003885269,-0.03432907070964575,-0.0455348864197731,0.0292847054079175,-0.03576738387346268,-0.06713798455893993,0.04175828769803047,-0.03673846460878849,-0.07660262566059828,0.05346629209816456,-0.028899949975311756,-0.0881860964000225,0.017807362542953342,-0.03967350162565708,-0.11688050627708435,0.023111015558242798,-0.03988843411207199,-0.14620346203446388,0.022096768021583557,-0.045259103178977966,-0.17039329558610916,0.007942697033286095,-0.01876776127028279,-0.08651341765653342,0.015448880498297513,-0.0320537518709898,-0.10137627087533474,0.039714524522423744,-0.038350947201251984,-0.08801503945142031,0.039273183792829514,-0.04043893702328205,-0.0871074975002557,0.028612212277948856,-0.01212540827691555,-0.08920873468741775,0.018299611867405474,-0.023407424800097942,-0.08308834326453507,0.03803416155278683,-0.026261096820235252,-0.07044517993927002,0.044958505779504776,-0.021319641964510083,-0.07076427154242992,0.0356719046831131,-0.015471994876861572,-0.06579387187957764,0.019976606126874685,-0.0184652809984982,-0.06650421768426895,0.03087475895881653,-0.022406230913475156,-0.06766800954937935,0.03884699195623398,-0.01769778737798333,-0.0606389157474041,0.021550925448536873
0.0,0.0,0.0,-0.030999393202364445,-0.019804932177066803,-0.00038427673280239105,-0.032687000930309296,-0.04602321237325668,0.02947058342397213,-0.03293262980878353,-0.06885017827153206,0.04804969020187855,-0.036015475168824196,-0.07822274696081877,0.06305123306810856,-0.026633141562342644,-0.08641775883734226,0.021458569332025945,-0.03650219924747944,-0.11418150179088116,0.02679083961993456,-0.039779720827937126,-0.1439230926334858,0.02624410716816783,-0.04398755170404911,-0.1730726957321167,0.013953694142401218,-0.017599272774532437,-0.08646417828276753,0.0215539603959769,-0.03234103508293629,-0.09982539992779493,0.04198027215898037,-0.03826768510043621,-0.08627094095572829,0.04140128009021282,-0.038521092385053635,-0.0840386152267456,0.029981262981891632,-0.009274532552808523,-0.08785947551950812,0.022847580490633845,-0.021988969761878252,-0.08281764783896506,0.04389682784676552,-0.02332085557281971,-0.0717985201627016,0.048386119306087494,-0.019427511375397444,-0.06926115229725838,0.03841822035610676,-0.009905250743031502,-0.06654535606503487,0.026387918274849653,-0.01684132986702025,-0.06823142245411873,0.03755447454750538,-0.01960916630923748,-0.0684819370508194,0.044868554919958115,-0.017790842801332474,-0.06124469265341759,0.027816034387797117
0.0,0.0,0.0,-0.033450533635914326,-0.020497098565101624,-0.0027084853500127792,-0.03423907980322838,-0.04521776735782623,0.02923436090350151,-0.034393973648548126,-0.06802070885896683,0.044997572898864746,-0.037745093926787376,-0.07779552787542343,0.0607124287635088,-0.02840356156229973,-0.087606051703915,0.019530500132532325,-0.039360180497169495,-0.11657877452671528,0.02591240918263793,-0.04047941043972969,-0.14635182172060013,0.02380953263491392,-0.04638920538127422,-0.1720452830195427,0.009444141760468483,-0.01876827306114137,-0.08709878637455404,0.01861779554747045,-0.03316640667617321,-0.10070616751909256,0.04265850409865379,-0.0394627433270216,-0.08604212803766131,0.04259865544736385,-0.04048873856663704,-0.08366373088210821,0.031560943461954594,-0.011640727519989014,-0.09014522796496749,0.02154847327619791,-0.02398643270134926,-0.0826401081867516,0.0420575775206089,-0.026282649487257004,-0.07026944868266582,0.04846618138253689,-0.0207288833335042,-0.06919124908745289,0.03858056105673313,-0.01404609251767397,-0.06694280728697777,0.024022141471505165,-0.01893881824798882,-0.06786268576979637,0.03474324196577072,-0.022477976977825165,-0.06841473095119,0.041717858985066414,-0.0183344311080873,-0.060765769332647324,0.02389777358621359
0.0,0.0,0.0,-0.006526574492454529,-0.03513728082180023,0.0005891099572181702,0.007573448121547699,-0.06553357187658548,0.009214505553245544,0.032399422489106655,-0.09000418893992901,0.010061260312795639,0.05326126515865326,-0.09205936267971992,0.0054268985986709595,0.02170083299279213,-0.09697777032852173,-0.032706615049391985,0.03502197004854679,-0.1271892748773098,-0.03462348668836057,0.04305634647607803,-0.1506371796131134,-0.0241407984867692,0.05001962557435036,-0.1753661260008812,-0.016201715916395187,0.04061841405928135,-0.08419169951230288,-0.04095946531742811,0.06521358527243137,-0.10559633933007717,-0.025527573190629482,0.05912921950221062,-0.09800709038972855,0.0023437216877937317,0.044958093436434865,-0.08634465839713812,0.02806159108877182,0.0576662328094244,-0.06824789755046368,-0.0416581341996789,0.07455138303339481,-0.08203894179314375,-0.021102065220475197,0.0672373566776514,-0.07465383782982826,0.0022962577641010284,0.05590090062469244,-0.06193503551185131,0.018475983291864395,0.06604798883199692,-0.048444291576743126,-0.03356388723477721,0.08082089573144913,-0.06292463839054108,-0.019793836399912834,0.0776744894683361,-0.05964524857699871,0.002911563962697983,0.06490486115217209,-0.05070391856133938,0.008388414978981018
0.0,0.0,0.0,-0.0337567487731576,-0.019521504640579224,-0.0038976185023784637,-0.03483360633254051,-0.0435166172683239,0.02778356336057186,-0.03551747649908066,-0.06522990949451923,0.042779404670000076,-0.039723366498947144,-0.0746072307229042,0.057728374376893044,-0.02871887292712927,-0.08485736942384392,0.01830215375230182,-0.04038851149380207,-0.11263308487832546,0.0239932993426919,-0.04191803000867367,-0.14258603006601334,0.02196176117286086,-0.047348666936159134,-0.16918231546878815,0.007019218988716602,-0.019554665341274813,-0.08476438163779676,0.01790455001173541,-0.03496531583368778,-0.09709086269140244,0.03979557566344738,-0.04113154299557209,-0.08298474084585905,0.03771213814616203,-0.042309220880270004,-0.08104744600132108,0.024468631483614445,-0.012980731204152107,-0.08779453160241246,0.020785202039405704,-0.026001490652561188,-0.0791787700727582,0.0399189256131649,-0.02825661562383175,-0.06776630785316229,0.044377679005265236,-0.022764540743082762,-0.06705104000866413,0.03356382716447115,-0.015618320787325501,-0.06503353081643581,0.02388342237100005,-0.02095206012018025,-0.0651710219681263,0.03353837504982948,-0.024259586818516254,-0.06574368663132191,0.039409708231687546,-0.020200966391712427,-0.05817567929625511,0.020663491683080792
0.0,0.0,0.0,-0.03393785748630762,-0.021145440638065338,-0.0045785363763570786,-0.03438686765730381,-0.044629473239183426,0.02816802356392145,-0.03484827280044556,-0.06587437726557255,0.04051393084228039,-0.03778723068535328,-0.07505645137280226,0.056788494810462,-0.02860454563051462,-0.08673914591781795,0.016281231539323926,-0.04051185958087444,-0.11493039689958096,0.022696893196552992,-0.03980775736272335,-0.14439605176448822,0.01978953438811004,-0.046482063829898834,-0.16865477710962296,0.004289752803742886,-0.018756564939394593,-0.08550071285571903,0.015040745493024588,-0.032900817692279816,-0.09868307318538427,0.03850627690553665,-0.039629945531487465,-0.08444451726973057,0.03615082986652851,-0.04191523604094982,-0.08225791808217764,0.02217824850231409,-0.012547614052891731,-0.08974067028611898,0.019206541823223233,-0.024549489375203848,-0.08059147978201509,0.03713048808276653,-0.02742660604417324,-0.06842802464962006,0.04248770512640476,-0.021606052992865443,-0.06903622392565012,0.03028603456914425,-0.016849095467478037,-0.06587013229727745,0.021131799556314945,-0.020028749713674188,-0.06591613404452801,0.030895409174263477,-0.02392186177894473,-0.06649527698755264,0.03770451620221138,-0.018936973065137863,-0.059653179720044136,0.018205920234322548
0.0,0.0,0.0,-0.033937253057956696,-0.019152887165546417,-0.0021665729582309723,-0.03556154668331146,-0.04237625002861023,0.03161432687193155,-0.03776583448052406,-0.06384161859750748,0.04784979671239853,-0.04074638709425926,-0.07248452678322792,0.06417977809906006,-0.030414163134992123,-0.08348037558607757,0.022950229205889627,-0.04315919242799282,-0.11071676202118397,0.02834064606577158,-0.043971918523311615,-0.13954290747642517,0.025412711314857006,-0.04956354945898056,-0.16509581357240677,0.009582800790667534,-0.02178440772695467,-0.08370014349929988,0.022143359179608524,-0.0375770628452301,-0.09635541308671236,0.04476216994225979,-0.043453434482216835,-0.08268336369656026,0.042121296748518944,-0.04547935537993908,-0.08202625578269362,0.02835162077099085,-0.01607613079249859,-0.08700202917680144,0.024476990685798228,-0.0296666007488966,-0.07890508766286075,0.04377821646630764,-0.030673863366246223,-0.06724560353904963,0.04899103567004204,-0.02522018039599061,-0.06774670444428921,0.037504361011087894,-0.019388722022995353,-0.0643085427582264,0.02616762463003397,-0.024998054141178727,-0.06491763517260551,0.03689668606966734,-0.02872239099815488,-0.06457502208650112,0.04341020807623863,-0.02371402084827423,-0.057807279750704765,0.024974671425297856
0.0,0.0,0.0,-0.03285348508507013,-0.017804622650146484,-0.001185169443488121,-0.035956455394625664,-0.042622946202754974,0.029671438969671726,-0.03662775084376335,-0.06335917115211487,0.0478551909327507,-0.03886044956743717,-0.06993342284113169,0.06261909380555153,-0.031275481916964054,-0.08285288186743855,0.022027639017323963,-0.042501918971538544,-0.10705617442727089,0.02615466807037592,-0.04562637023627758,-0.13484535738825798,0.023802259238436818,-0.05101209320127964,-0.16344566643238068,0.006492019630968571,-0.022066114528570324,-0.08293177583254874,0.023028372903354466,-0.03813821263611317,-0.09141170885413885,0.04236791282892227,-0.04375042766332626,-0.07745162630453706,0.04062771424651146,-0.04376433975994587,-0.07661599759012461,0.027544314041733742,-0.01460330793634057,-0.08381927013397217,0.024532970739528537,-0.028022951912134886,-0.07510474789887667,0.04480724595487118,-0.028956875205039978,-0.06435197964310646,0.04786688834428787,-0.024659412214532495,-0.06358933448791504,0.038283856585621834,-0.014724344946444035,-0.06252278760075569,0.027535833418369293,-0.02222988405264914,-0.06220568157732487,0.038284795358777046,-0.02550023840740323,-0.061266789212822914,0.04449311085045338,-0.021485024597495794,-0.05418824963271618,0.025961475213989615
0.0,0.0,0.0,-0.0323750851675868,-0.016166307032108307,-0.0005721133202314377,-0.0359097383916378,-0.039658073335886,0.030635005328804255,-0.037150755524635315,-0.059471795335412025,0.049661897122859955,-0.03875876031816006,-0.06541260983794928,0.0647105947136879,-0.03143732063472271,-0.07819799170829356,0.023491824584198184,-0.042138174176216125,-0.10121288150548935,0.027016099309548736,-0.04675235599279404,-0.12915506958961487,0.024801265448331833,-0.05265887826681137,-0.1583922877907753,0.007594196125864983,-0.02234229550231248,-0.07938001840375364,0.02492472028825432,-0.03874698281288147,-0.08718161657452583,0.044593434780836105,-0.04366291128098965,-0.07531345775350928,0.04230494238436222,-0.04430229775607586,-0.0755527587607503,0.0279065384529531,-0.015037345234304667,-0.08054946642369032,0.02619107230566442,-0.028484460897743702,-0.07205853424966335,0.047558946534991264,-0.028925590217113495,-0.061865443363785744,0.05047347769141197,-0.02552799414843321,-0.06126068904995918,0.04045481979846954,-0.014910862781107426,-0.06070188619196415,0.029628438875079155,-0.02277102693915367,-0.060173897072672844,0.04115171544253826,-0.02595949498936534,-0.05894453823566437,0.04764677584171295,-0.022049332736060023,-0.052063584327697754,0.03009033016860485
0.0,0.0,0.0,-0.006332315504550934,-0.03492330387234688,-6.389617919921875e-05,0.007593810558319092,-0.06484125461429358,0.009164176881313324,0.030962548218667507,-0.08891058899462223,0.010155748575925827,0.050913688726723194,-0.09085576981306076,0.006976541131734848,0.02279876172542572,-0.09656250849366188,-0.03184630209580064,0.03442568518221378,-0.12612109631299973,-0.03364336607046425,0.04234624654054642,-0.14974608272314072,-0.02407625038176775,0.04899178445339203,-0.17419355362653732,-0.016719138249754906,0.04101663175970316,-0.08398640714585781,-0.03942250879481435,0.06398514844477177,-0.10483423620462418,-0.022425402887165546,0.05821445118635893,-0.09790443442761898,0.005042273551225662,0.04391860123723745,-0.08703654445707798,0.029605276882648468,0.05741047579795122,-0.06845795083791018,-0.03946795244701207,0.07308080606162548,-0.0814971774816513,-0.018146110698580742,0.06635705381631851,-0.07457778416574001,0.004862476140260696,0.0548555813729763,-0.06240827217698097,0.020941313356161118,0.0651214700192213,-0.0489652156829834,-0.03100974252447486,0.0792788453400135,-0.06255332753062248,-0.01690509356558323,0.07616640254855156,-0.059861309826374054,0.0055977217853069305,0.06318439915776253,-0.05152125097811222,0.010256562381982803
0.0,0.0,0.0,-0.03209053352475166,-0.01613832637667656,8.603371679782867e-05,-0.03698832541704178,-0.04065016284584999,0.027651124633848667,-0.03891277499496937,-0.060402851551771164,0.045745210722088814,-0.04097401350736618,-0.0664978576824069,0.05643996596336365,-0.031085195019841194,-0.07844592246692628,0.02079765105736442,-0.04139644280076027,-0.10048785246908665,0.023547740653157234,-0.04723840951919556,-0.12853222340345383,0.0224120554048568,-0.05236904323101044,-0.15954960882663727,0.007188928313553333,-0.02196105709299445,-0.07959550293162465,0.022567151114344597,-0.03877932392060757,-0.08774949051439762,0.03973098285496235,-0.04397392086684704,-0.07631624164059758,0.03835068456828594,-0.044243695214390755,-0.07728125271387398,0.02588794194161892,-0.01364821009337902,-0.07995073357596993,0.02275739307515323,-0.02810881147161126,-0.0732553661800921,0.04422258399426937,-0.027974710799753666,-0.06467365380376577,0.04748235456645489,-0.02508571371436119,-0.06326804496347904,0.0390225350856781,-0.01243498083204031,-0.06115446612238884,0.026841719169169664,-0.021931638126261532,-0.06093446537852287,0.0386446975171566,-0.024421904236078262,-0.05993434600532055,0.046180762350559235,-0.02213031193241477,-0.05288020893931389,0.02997814118862152
0.0,0.0,0.0,-0.03069098014384508,-0.017633654177188873,-5.846843123435974e-05,-0.03399820812046528,-0.04300839453935623,0.03111553192138672,-0.034866418689489365,-0.06542092934250832,0.050064487382769585,-0.03608238697052002,-0.07419481128454208,0.06554542481899261,-0.02868590410798788,-0.08469786623027176,0.024319385935086757,-0.038956888020038605,-0.11224702000617981,0.029277360066771507,-0.042742686346173286,-0.14140405505895615,0.0262387131806463,-0.047099893912672997,-0.16908574849367142,0.010739658959209919,-0.019685403676703572,-0.08593478705734015,0.0244044175487943,-0.03405877389013767,-0.09785068221390247,0.04621114395558834,-0.03934835456311703,-0.08395497151650488,0.045279448851943016,-0.03957403264939785,-0.08074144343845546,0.03345359768718481,-0.011479882057756186,-0.0867070050444454,0.02530793787445873,-0.023347969632595778,-0.081409816397354,0.04685179889202118,-0.024302437901496887,-0.06945857871323824,0.05115395970642567,-0.021501628682017326,-0.06601657904684544,0.041162846609950066,-0.012258597649633884,-0.0659620463848114,0.02846299158409238,-0.018052318366244435,-0.06690955348312855,0.03984888643026352,-0.021045885980129242,-0.06600365228950977,0.04742392152547836,-0.01816193899139762,-0.058338383212685585,0.029961234889924526
0.0,0.0,0.0,-0.03324661869555712,-0.019078731536865234,-0.002402236685156822,-0.03493456542491913,-0.04391086474061012,0.031252628192305565,-0.03570927586406469,-0.0664276722818613,0.04749397374689579,-0.03932203911244869,-0.07644323073327541,0.06528216227889061,-0.029616772197186947,-0.08729600859805942,0.022108492703409865,-0.041803088039159775,-0.11576513014733791,0.028202275279909372,-0.04272330366075039,-0.1446821168065071,0.02575909672304988,-0.049350129440426826,-0.16949038952589035,0.009739498607814312,-0.02031004878517706,-0.08665579708758742,0.02071938244625926,-0.034633892588317394,-0.10100659355521202,0.04430270008742809,-0.0406976118683815,-0.08642203989438713,0.04206087440252304,-0.04339133948087692,-0.084656888153404,0.028377446345984936,-0.014459902886301279,-0.08989419788122177,0.02380386646836996,-0.0255031930282712,-0.08282218058593571,0.043019186705350876,-0.028486834838986397,-0.07034440245479345,0.047966089099645615,-0.023748607374727726,-0.0703899571672082,0.03682679124176502,-0.01832673908211291,-0.06606648117303848,0.025706258602440357,-0.021305954782292247,-0.06696799583733082,0.035767562687397,-0.025806949473917484,-0.06716056913137436,0.042933641001582146,-0.021258027758449316,-0.059946585446596146,0.024373096646741033
0.0,0.0,0.0,-0.031626928597688675,-0.017660751938819885,-0.0009543541818857193,-0.03462876845151186,-0.04322025552392006,0.030156665481626987,-0.03554705251008272,-0.06585330329835415,0.04864608496427536,-0.037801677361130714,-0.07429373264312744,0.06513968668878078,-0.029506088234484196,-0.08514942601323128,0.022486102257971652,-0.04074583388864994,-0.11199315823614597,0.02688621962442994,-0.043920356780290604,-0.14019541069865227,0.024108148529194295,-0.04951540008187294,-0.16753028333187103,0.006544305011630058,-0.020940130576491356,-0.08556127571500838,0.02280378364957869,-0.03622695803642273,-0.09795799665153027,0.04409614019095898,-0.041752398014068604,-0.08359966776333749,0.04249335266649723,-0.04162286035716534,-0.08063292759470642,0.02844876330345869,-0.014138296246528625,-0.08718233346007764,0.024214214994572103,-0.026773192454129457,-0.08102138992398977,0.04549482651054859,-0.028161833062767982,-0.06908755470067263,0.0485415942966938,-0.023411447880789638,-0.06670130416750908,0.03760970011353493,-0.01584104960784316,-0.0658083688467741,0.027497353497892618,-0.02209405356552452,-0.06636299751698971,0.03821146860718727,-0.025414712727069855,-0.06539674662053585,0.044648295268416405,-0.02144396072253585,-0.05728881061077118,0.02585189905948937
0.0,0.0,0.0,-0.03007078357040882,-0.016680113971233368,-0.0007259529083967209,-0.03354538790881634,-0.04274581000208855,0.028552766889333725,-0.03452849481254816,-0.06439297273755074,0.049957916140556335,-0.03693750128149986,-0.07179881818592548,0.06515197083353996,-0.02878663968294859,-0.08342358213849366,0.022752067148758215,-0.040471043437719345,-0.108566178008914,0.025929469149559736,-0.04562133178114891,-0.13666564226150513,0.022152183402795345,-0.05042651295661926,-0.16690855473279953,0.00424920953810215,-0.02190622268244624,-0.0847240393050015,0.02470737835392356,-0.03846454992890358,-0.09484032727777958,0.04251960478723049,-0.043370556086301804,-0.0807884312234819,0.03975512459874153,-0.04231455363333225,-0.07811531890183687,0.025396535405889153,-0.015234011691063643,-0.08486374840140343,0.025077997241169214,-0.028915504924952984,-0.07878059195354581,0.045825254172086716,-0.029037554748356342,-0.06766036711633205,0.04650207795202732,-0.025411337614059448,-0.06377866119146347,0.035788518376648426,-0.01577997487038374,-0.06491679325699806,0.029605464544147253,-0.024486698675900698,-0.06537002138793468,0.03994493931531906,-0.026769896503537893,-0.06361567974090576,0.04463731683790684,-0.024307223968207836,-0.055366141721606255,0.02516608126461506
0.0,0.0,0.0,-0.010023672133684158,-0.03535864129662514,-0.000386994332075119,0.005268372595310211,-0.06489907763898373,0.00942271575331688,0.03232657164335251,-0.08955944422632456,0.011988159269094467,0.05360235273838043,-0.09188763797283173,0.008141089230775833,0.018830234184861183,-0.09770542569458485,-0.034147078986279666,0.032355206087231636,-0.13055133819580078,-0.032330927439033985,0.04045402258634567,-0.15402469038963318,-0.023142683319747448,0.04824860394001007,-0.1803693100810051,-0.012727655470371246,0.03970441618002951,-0.08646493218839169,-0.03856201306916773,0.06435338407754898,-0.10777024179697037,-0.02357378974556923,0.057423362508416176,-0.09967464581131935,0.00455281138420105,0.043829457834362984,-0.0882143247872591,0.03227308392524719,0.05770750530064106,-0.06989242788404226,-0.037582538672722876,0.07486453652381897,-0.08312043640762568,-0.015163691714406013,0.06691263429820538,-0.07717862445861101,0.007548350840806961,0.054826581850647926,-0.06380284391343594,0.0267430879175663,0.06581543385982513,-0.05130261555314064,-0.02545913401991129,0.08191124349832535,-0.06503614690154791,-0.012283442541956902,0.07857231050729752,-0.06236226484179497,0.00890236347913742,0.06686791963875294,-0.05391946993768215,0.016616124659776688
0.0,0.0,0.0,-0.029631386511027813,-0.017000623047351837,-0.0009352285414934158,-0.033154115080833435,-0.04284937307238579,0.029412892181426287,-0.03387976996600628,-0.06303583085536957,0.04970820993185043,-0.035426679998636246,-0.07057433109730482,0.06492584384977818,-0.028043667785823345,-0.08202719467226416,0.0226965742331231,-0.03991920128464699,-0.10605436377227306,0.025620697997510433,-0.044430797919631004,-0.1344638094305992,0.022058557020500302,-0.04927452839910984,-0.16368290036916733,0.004380116239190102,-0.021746575192082673,-0.08281544060446322,0.02406033838633448,-0.03864525072276592,-0.09235821943730116,0.04309995286166668,-0.04375381022691727,-0.07879050029441714,0.039881302043795586,-0.04243997111916542,-0.07714669755659997,0.025611376855522394,-0.015927843283861876,-0.08336119446903467,0.024735118728131056,-0.029844844713807106,-0.07645588740706444,0.04536822624504566,-0.029695522971451283,-0.06531012989580631,0.04653759300708771,-0.026445969939231873,-0.06248132325708866,0.035163539461791515,-0.01771443267352879,-0.06324969604611397,0.0288926106877625,-0.0263285543769598,-0.0631574522703886,0.03951258026063442,-0.02819048473611474,-0.06171493977308273,0.044812485575675964,-0.025173960719257593,-0.05379519239068031,0.02555169095285237
0.0,0.0,0.0,-0.028829414397478104,-0.017192520201206207,-0.002398533746600151,-0.032529184594750404,-0.04313701018691063,0.02288113860413432,-0.032757462933659554,-0.06351133994758129,0.04121799021959305,-0.03351139836013317,-0.06996630877256393,0.05203636921942234,-0.026558781042695045,-0.08201110549271107,0.01578690530732274,-0.037466973066329956,-0.10602283850312233,0.01775487931445241,-0.043707506731152534,-0.13409239426255226,0.014857804286293685,-0.04772256128489971,-0.16592077165842056,-0.0018369611352682114,-0.020184180117212236,-0.08321735612116754,0.019094817340373993,-0.037078579887747765,-0.09177457168698311,0.0350326132029295,-0.042043302208185196,-0.07853248622268438,0.03358960524201393,-0.039409155026078224,-0.07669870695099235,0.022403179667890072,-0.012920665554702282,-0.08261274686083198,0.019788662204518914,-0.02737733442336321,-0.0767720052972436,0.04023469798266888,-0.027035176753997803,-0.06654778309166431,0.041740166023373604,-0.02400724496692419,-0.0623792689293623,0.033314429223537445,-0.012675728648900986,-0.06413988582789898,0.025968626141548157,-0.02323442790657282,-0.06433582678437233,0.03661133348941803,-0.02476656623184681,-0.06289581581950188,0.041771987453103065,-0.022514861077070236,-0.0552374180406332,0.023858194705098867
0.0,0.0,0.0,-0.028478125110268593,-0.017335079610347748,-0.00022700801491737366,-0.032412298023700714,-0.04370088875293732,0.026144440285861492,-0.031955523416399956,-0.06627617217600346,0.04786643199622631,-0.03260255418717861,-0.07468910235911608,0.06226291507482529,-0.024308406747877598,-0.08433569979388267,0.01981971214991063,-0.033371349796652794,-0.11058851890265942,0.02398925693705678,-0.03932913951575756,-0.13984311744570732,0.0210741413757205,-0.042788878083229065,-0.17199256271123886,0.006833483465015888,-0.0165329254232347,-0.08544148947112262,0.02268904959782958,-0.03106367029249668,-0.09522675164043903,0.039679598063230515,-0.037167035043239594,-0.0808046031743288,0.039939720183610916,-0.03598399832844734,-0.07834200048819184,0.029908686876296997,-0.007300276774913073,-0.08536518225446343,0.022760184947401285,-0.02023166324943304,-0.07930108765140176,0.0444033145904541,-0.021819992922246456,-0.06878612842410803,0.04775349423289299,-0.020601660013198853,-0.062238726764917374,0.038506779819726944,-0.006642713211476803,-0.06579589657485485,0.029374421574175358,-0.016181212617084384,-0.0663369856774807,0.04117295704782009,-0.018834841903299093,-0.06508913077414036,0.04792330972850323,-0.018537864089012146,-0.055800335481762886,0.032296815887093544
0.0,0.0,0.0,-0.029352562502026558,-0.016444221138954163,-0.002218678593635559,-0.032626550644636154,-0.04254927486181259,0.023045997601002455,-0.03298688121140003,-0.06328213959932327,0.043209370225667953,-0.03468247316777706,-0.06990755256265402,0.05580647476017475,-0.02675536973401904,-0.080669179209508,0.016567708167713135,-0.03811056725680828,-0.10365829989314079,0.018675191095098853,-0.04495699517428875,-0.13294002041220665,0.015551210613921285,-0.04884078912436962,-0.16569502651691437,-0.0004476718604564667,-0.02073162142187357,-0.08229423523880541,0.019898540107533336,-0.038433557376265526,-0.0900663947686553,0.035666488111019135,-0.04348387010395527,-0.07615446345880628,0.03457864560186863,-0.04068003408610821,-0.07468755915760994,0.023170010186731815,-0.013522990979254246,-0.08263360592536628,0.02032203017733991,-0.02879129070788622,-0.07510493695735931,0.0410192646086216,-0.028473980724811554,-0.06444408558309078,0.04350586421787739,-0.025366165675222874,-0.059723999351263046,0.03394676186144352,-0.013426789548248053,-0.06434958428144455,0.026648691855371,-0.025236896239221096,-0.06346245855093002,0.03775341250002384,-0.026097510010004044,-0.06137082725763321,0.04265015199780464,-0.024818912148475647,-0.05226197838783264,0.025475111790001392
0.0,0.0,0.0,-0.030278931371867657,-0.01731906831264496,-0.002240743488073349,-0.03342912346124649,-0.04335371404886246,0.024194758851081133,-0.03399965167045593,-0.0646448191255331,0.04401134140789509,-0.03600972518324852,-0.07194678485393524,0.05623175390064716,-0.02703794278204441,-0.08210485242307186,0.01873149414313957,-0.03825107775628567,-0.10679066553711891,0.02170318062417209,-0.044160349294543266,-0.1365119107067585,0.018538598611485213,-0.04835391417145729,-0.16725163161754608,0.004091148264706135,-0.02063036011531949,-0.08392487931996584,0.02144411555491388,-0.03800580091774464,-0.09372101165354252,0.03966232389211655,-0.04333975724875927,-0.07988097611814737,0.039230749011039734,-0.04153981991112232,-0.0783044071868062,0.02856956422328949,-0.013570640701800585,-0.08438613591715693,0.02207923657260835,-0.02880785334855318,-0.07754176668822765,0.04361039958894253,-0.028477851301431656,-0.06670680548995733,0.04692580737173557,-0.025185467675328255,-0.0623552780598402,0.03786085359752178,-0.014356953091919422,-0.06503836065530777,0.027679345570504665,-0.024825445376336575,-0.06513996422290802,0.03918116167187691,-0.026426099706441164,-0.06375042162835598,0.04421285167336464,-0.02483350597321987,-0.05507179722189903,0.026549261063337326
0.0,0.0,0.0,-0.004724271595478058,-0.033800266683101654,-0.0009726323187351227,0.011424075812101364,-0.06302103027701378,0.009447772055864334,0.033612838946282864,-0.08578547183424234,0.009459637105464935,0.05078422836959362,-0.09096989594399929,0.005886942148208618,0.023921096697449684,-0.09223590791225433,-0.03393231052905321,0.03496826998889446,-0.12294889241456985,-0.0374888873193413,0.04376142472028732,-0.14584524184465408,-0.03062932938337326,0.05153191089630127,-0.16988758742809296,-0.026879848912358284,0.04000108572654426,-0.08114219410344958,-0.04317287530284375,0.06190970726311207,-0.10154400765895844,-0.029844723641872406,0.05484069976955652,-0.09349713288247585,-0.0014853142201900482,0.04282063408754766,-0.08215340413153172,0.024723365902900696,0.05497827101498842,-0.06612974405288696,-0.04539222037419677,0.07183373719453812,-0.07877492439001799,-0.027583127841353416,0.06521232798695564,-0.0715715903788805,-0.003767218440771103,0.05423048883676529,-0.0607251999899745,0.014550786465406418,0.06185989826917648,-0.04694480262696743,-0.03852885076776147,0.0761992558836937,-0.061322919093072414,-0.02733885869383812,0.07447203993797302,-0.05981895513832569,-0.00447651743888855,0.06298025511205196,-0.052076276391744614,0.0022985972464084625
0.0,0.0,0.0,-0.031041288748383522,-0.018677473068237305,-0.004827205091714859,-0.03321860358119011,-0.04249648004770279,0.02208912279456854,-0.03382893465459347,-0.06150281988084316,0.037797585129737854,-0.03565659560263157,-0.06808081269264221,0.048708725720644,-0.027163567021489143,-0.08103548246435821,0.014001778792589903,-0.03944742493331432,-0.10498387552797794,0.016893202206119895,-0.04402441158890724,-0.13465380668640137,0.01314772549085319,-0.04915083572268486,-0.16290348023176193,-0.003967497497797012,-0.021420589939225465,-0.08157701301388443,0.01567027682904154,-0.039406294003129005,-0.08975831232964993,0.033017611131072044,-0.04490448348224163,-0.07567514758557081,0.029910444281995296,-0.042813464999198914,-0.07469374453648925,0.018047525314614177,-0.01603645645081997,-0.08291578339412808,0.017308954149484634,-0.03133377060294151,-0.07386095030233264,0.03541490249335766,-0.03160838782787323,-0.0627850778400898,0.03714204393327236,-0.027119547594338655,-0.060158759355545044,0.026288400404155254,-0.0186491624917835,-0.06253647059202194,0.022117499262094498,-0.027603611815720797,-0.06110888905823231,0.031910818070173264,-0.029106982983648777,-0.06084251217544079,0.035416074097156525,-0.026038421783596277,-0.05329539813101292,0.014986638765549287
0.0,0.0,0.0,-0.028055616188794374,-0.016975034028291702,-0.0022436808794736862,-0.03074569720774889,-0.04145249351859093,0.024773170705884695,-0.03184161148965359,-0.05904732830822468,0.04473518580198288,-0.03349790070205927,-0.0655763978138566,0.05758463963866234,-0.025197111070156097,-0.07786237192340195,0.0179460682120407,-0.038536496460437775,-0.09968655742704868,0.02099342760629952,-0.04366857931017876,-0.12967301160097122,0.017602823325432837,-0.04756980948150158,-0.16028816252946854,-0.0005300752818584442,-0.021451778942719102,-0.07906704698689282,0.019672170281410217,-0.04110323451459408,-0.08538794331252575,0.03620507940649986,-0.04518291354179382,-0.07053254498168826,0.03261953592300415,-0.041602401062846184,-0.06846041791141033,0.020863710902631283,-0.016950222197920084,-0.08023398835211992,0.020122294779866934,-0.033246222883462906,-0.07112105283886194,0.038547029718756676,-0.03227980900555849,-0.059025321155786514,0.03928697109222412,-0.02799080591648817,-0.05489205941557884,0.02868301048874855,-0.019294101977720857,-0.06189270410686731,0.025212173350155354,-0.02987869456410408,-0.05998649448156357,0.03472796268761158,-0.030473207123577595,-0.05774647183716297,0.03733193129301071,-0.027748733293265104,-0.048550743609666824,0.017550862103234977
0.0,0.0,0.0,-0.029794405214488506,-0.01750107854604721,-0.0019781850278377533,-0.03272688016295433,-0.04279369115829468,0.0264448095113039,-0.03269099723547697,-0.06384757161140442,0.04466821812093258,-0.034635329619050026,-0.07188276201486588,0.05836969427764416,-0.02533256681635976,-0.0825323867611587,0.0180232884013094,-0.03623119182884693,-0.10749469697475433,0.02114422805607319,-0.04035542160272598,-0.13650119677186012,0.017683449608739465,-0.04496590048074722,-0.16570963710546494,0.0011040177196264267,-0.019214043393731117,-0.0831827896181494,0.01932096795644611,-0.03662949800491333,-0.09380336571484804,0.037922490388154984,-0.04152001440525055,-0.07936167623847723,0.03595700114965439,-0.03994128108024597,-0.07711525075137615,0.02334222011268139,-0.01351228915154934,-0.0847166848834604,0.020551314344629645,-0.027713613584637642,-0.07817234238609672,0.040868863463401794,-0.028596043586730957,-0.06788299791514874,0.04259687103331089,-0.024495181627571583,-0.06405243836343288,0.031745947897434235,-0.015646587358787656,-0.06483524292707443,0.02587451646104455,-0.02441967837512493,-0.06519249267876148,0.036522651091217995,-0.026881174184381962,-0.06546077504754066,0.04191174916923046,-0.024097533896565437,-0.0569904949516058,0.0232045347802341
0.0,0.0,0.0,-0.030104688368737698,-0.017513684928417206,-0.0037889257073402405,-0.033156728371977806,-0.04280810058116913,0.022887034341692924,-0.03200378268957138,-0.06428011879324913,0.03946976736187935,-0.032924072816967964,-0.07242638990283012,0.05238127522170544,-0.0240305345505476,-0.08241752511821687,0.012819148250855505,-0.03386436589062214,-0.10817746445536613,0.015609245747327805,-0.038374343886971474,-0.13765142858028412,0.011985172284767032,-0.04244299978017807,-0.16693954914808273,-0.0032524894922971725,-0.017019760329276323,-0.08336850022897124,0.01495527639053762,-0.03310496732592583,-0.09406121075153351,0.03264808468520641,-0.038311345502734184,-0.07949496852234006,0.031455181539058685,-0.036989305168390274,-0.07639088481664658,0.019663489423692226,-0.009999297559261322,-0.08467958867549896,0.016692332457751036,-0.02359173446893692,-0.07809706823900342,0.03693425841629505,-0.024735115468502045,-0.06833502929657698,0.039550913497805595,-0.02180079882964492,-0.06339123658835888,0.028794818557798862,-0.011455871164798737,-0.06491077318787575,0.023318998515605927,-0.019729464780539274,-0.06563428975641727,0.03401586413383484,-0.022724750451743603,-0.06668798439204693,0.0401510838419199,-0.021153243258595467,-0.05790336988866329,0.022127744741737843
0.0,0.0,0.0,-0.030734388157725334,-0.02201562374830246,-0.005583753809332848,-0.03243510238826275,-0.04638435319066048,0.02445800695568323,-0.03150149341672659,-0.06823441945016384,0.03664985112845898,-0.03240191750228405,-0.07746699452400208,0.050288621336221695,-0.024056375958025455,-0.08967931848019361,0.011191109544597566,-0.03498183749616146,-0.1178046427667141,0.016001779586076736,-0.036267438903450966,-0.14661898463964462,0.01146051195973996,-0.043044790625572205,-0.1711680293083191,-0.004996782168745995,-0.016046417033066973,-0.08798794215545058,0.01024490047711879,-0.029641803354024887,-0.10036633908748627,0.0308146420866251,-0.03696311637759209,-0.08523391000926495,0.027983270585536957,-0.037751318886876106,-0.08232734119519591,0.016115383245050907,-0.010232962667942047,-0.0903037863317877,0.013774661347270012,-0.021599396131932735,-0.08296502521261573,0.03061371110379696,-0.025052987970411777,-0.07190714310854673,0.0339722353965044,-0.02082807384431362,-0.0698837898671627,0.021054517477750778,-0.015305740293115377,-0.06709223054349422,0.016909762751311064,-0.0186791499145329,-0.06757936254143715,0.026098470203578472,-0.02248970651999116,-0.06922431290149689,0.0323715191334486,-0.01947717322036624,-0.06258532963693142,0.01176348734588828
0.0,0.0,0.0,-0.004740249365568161,-0.0338703878223896,-0.0007619410753250122,0.011363137513399124,-0.06325271539390087,0.009880311787128448,0.033566112630069256,-0.08608776144683361,0.009842544794082642,0.05066942237317562,-0.0911205094307661,0.006643153727054596,0.024047596380114555,-0.09258818440139294,-0.033366766292601824,0.03500041738152504,-0.12332625687122345,-0.036969390232115984,0.04369986429810524,-0.1463010087609291,-0.030130517669022083,0.05138424038887024,-0.1703246682882309,-0.02675621584057808,0.04016516311094165,-0.08145048096776009,-0.04262816871050745,0.062118008732795715,-0.10194221511483192,-0.029229058884084225,0.054987370036542416,-0.09386357106268406,-0.0007919520139694214,0.04299029801040888,-0.08240793086588383,0.02541108801960945,0.055146077647805214,-0.06648143846541643,-0.044974429067224264,0.0719618909060955,-0.07906298991292715,-0.0270130829885602,0.0652319248765707,-0.07184166740626097,-0.0032630376517772675,0.05415945686399937,-0.06093835458159447,0.014935243874788284,0.061918314546346664,-0.047212764620780945,-0.03818047512322664,0.07627368345856667,-0.061637455597519875,-0.02689083945006132,0.07453979179263115,-0.060113025829195976,-0.004002198576927185,0.06297137029469013,-0.05225934460759163,0.0028116554021835327
0.0,0.0,0.0,-0.03044093493372202,-0.021041221916675568,-0.005355636589229107,-0.03241250477731228,-0.046254292130470276,0.023981891572475433,-0.031587776727974415,-0.06739572435617447,0.03727806266397238,-0.032339539378881454,-0.07543686218559742,0.050640531815588474,-0.024553743191063404,-0.08882462047040462,0.010787520150188357,-0.035399699583649635,-0.11585064232349396,0.015019352082163095,-0.03777615912258625,-0.14525584131479263,0.010437444492708892,-0.04442201927304268,-0.17044179886579514,-0.006447263993322849,-0.016769073001341894,-0.08766337973065674,0.010474442329723388,-0.03133641742169857,-0.09889846481382847,0.03056215960532427,-0.037678731605410576,-0.08361592283472419,0.028359935618937016,-0.03715991787612438,-0.07985544018447399,0.017219444271177053,-0.011044776998460293,-0.08912710333243012,0.013480440014973283,-0.023197915870696306,-0.08199694007635117,0.03102135006338358,-0.025678045116364956,-0.07006362825632095,0.034519544802606106,-0.021294204518198967,-0.06724580377340317,0.022523172199726105,-0.015265027526766062,-0.06668108701705933,0.01720427768304944,-0.019961676560342312,-0.06732821092009544,0.026626099832355976,-0.023443227633833885,-0.06814690493047237,0.03233275283128023,-0.02049403265118599,-0.0607561320066452,0.011821376421721652
0.0,0.0,0.0,-0.030416341498494148,-0.01975041627883911,-0.00452069565653801,-0.03268264513462782,-0.04520149901509285,0.023695191368460655,-0.0327990110963583,-0.0673411451280117,0.03886120207607746,-0.03415474109351635,-0.07483532838523388,0.05173162929713726,-0.025431904941797256,-0.08715836121700704,0.012409302755258977,-0.03665417060256004,-0.11363114975392818,0.015794092789292336,-0.039626289159059525,-0.14297966286540031,0.01146249589510262,-0.04580836929380894,-0.16942442953586578,-0.0056967902928590775,-0.01818263318273239,-0.08689051470719278,0.01322471296589356,-0.03427444025874138,-0.09877702966332436,0.033282363787293434,-0.04011017642915249,-0.08380012540146708,0.03233756870031357,-0.03915206715464592,-0.08100739028304815,0.020791803020983934,-0.012513336259871721,-0.08871955377981067,0.015919252298772335,-0.025914782658219337,-0.082370410207659,0.03501866012811661,-0.027698547579348087,-0.07043451257050037,0.039179056882858276,-0.023525387048721313,-0.06707615964114666,0.027856195345520973,-0.01617926638573408,-0.06706313416361809,0.02076286682859063,-0.023018699139356613,-0.06781000643968582,0.03117680549621582,-0.02596721053123474,-0.06746980361640453,0.036612652242183685,-0.022980773355811834,-0.05890374258160591,0.01768497657030821
0.0,0.0,0.0,-0.03010215051472187,-0.02014394849538803,-0.005128433927893639,-0.032620567828416824,-0.04579371586441994,0.022492398507893085,-0.03288803528994322,-0.06697560846805573,0.03638969920575619,-0.0334047544747591,-0.075162123888731,0.047473859041929245,-0.025729605928063393,-0.08825127664022148,0.011398047383408993,-0.03659907542169094,-0.11466881446540356,0.014662920031696558,-0.0397945623844862,-0.1435619443655014,0.010128899710252881,-0.04590279422700405,-0.1698482632637024,-0.0073693860322237015,-0.018163927365094423,-0.08748276880942285,0.012292825384065509,-0.03318764083087444,-0.09922688454389572,0.029865676537156105,-0.03967118635773659,-0.08381972182542086,0.026454662904143333,-0.03918144479393959,-0.08057160675525665,0.01465321471914649,-0.012155431788414717,-0.08811976853758097,0.014547825092449784,-0.024896598421037197,-0.0822295555844903,0.03117123246192932,-0.026592526584863663,-0.06987720169126987,0.0335349515080452,-0.02316980343312025,-0.06654924526810646,0.02233563456684351,-0.015220186673104763,-0.06605901941657066,0.018936858046799898,-0.021567145362496376,-0.06668530963361263,0.02771972492337227,-0.024901295080780983,-0.06666146777570248,0.032106174156069756,-0.022192275151610374,-0.058781834319233894,0.01170131444814615
0.0,0.0,0.0,-0.028697890229523182,-0.01827225089073181,-0.003230661153793335,-0.032020107842981815,-0.045509688556194305,0.02422639075666666,-0.032468635588884354,-0.0680973120033741,0.04310460761189461,-0.03360151872038841,-0.07555323652923107,0.0557889249175787,-0.02595720812678337,-0.08697549416683614,0.015504630282521248,-0.03642701730132103,-0.11297975108027458,0.018301129923202097,-0.041808685287833214,-0.14176777005195618,0.014297901652753353,-0.046880852431058884,-0.17121680080890656,-0.002616090700030327,-0.018958700820803642,-0.08776831231079996,0.018017051508650184,-0.03561367094516754,-0.09845765307545662,0.035034624859690666,-0.04111188463866711,-0.0834279153496027,0.03369552828371525,-0.03848259896039963,-0.07979713613167405,0.02213755203410983,-0.011796222534030676,-0.0873677134513855,0.018977501895278692,-0.02585060428828001,-0.08209583791904151,0.03855917416512966,-0.026265413500368595,-0.07048497721552849,0.040788279846310616,-0.022952314000576735,-0.06506755389273167,0.030442471615970135,-0.01297791674733162,-0.06705615110695362,0.024481982924044132,-0.02197342785075307,-0.06782284192740917,0.034635236486792564,-0.02442142181098461,-0.06679467298090458,0.03903890773653984,-0.022189974784851074,-0.05765866860747337,0.019637429155409336
0.0,0.0,0.0,-0.0295772273093462,-0.01756499707698822,-0.003525272011756897,-0.0335029773414135,-0.044804640114307404,0.021836116444319487,-0.03297901153564453,-0.06714268960058689,0.04049860127270222,-0.034101856872439384,-0.0738368658348918,0.05172457732260227,-0.026497870683670044,-0.0846341741271317,0.01338924071751535,-0.036710964515805244,-0.10905301384627819,0.014891142869601026,-0.0435605775564909,-0.13731786608695984,0.01085820747539401,-0.048717303201556206,-0.16900935024023056,-0.005449151620268822,-0.01940729294437915,-0.08547780429944396,0.017313953256234527,-0.036117877811193466,-0.09439518675208092,0.03264985792338848,-0.04198760911822319,-0.08077290188521147,0.03098977357149124,-0.03953446261584759,-0.07954887370578945,0.01959711080417037,-0.01157144969329238,-0.0845479442505166,0.018816756084561348,-0.02604827657341957,-0.07872979436069727,0.039244748651981354,-0.026596607640385628,-0.06948463711887598,0.04032079875469208,-0.024569746106863022,-0.06534707359969616,0.02986599039286375,-0.01167178526520729,-0.06476341001689434,0.02643146552145481,-0.022320876829326153,-0.06548636220395565,0.037256140261888504,-0.02413699636235833,-0.0649977270513773,0.04225682467222214,-0.023091739043593407,-0.05746409855782986,0.024550731293857098
0.0,0.0,0.0,-0.0046105533838272095,-0.03275461494922638,0.0014786086976528168,0.011262467131018639,-0.06291042733937502,0.010476984083652496,0.030087712220847607,-0.08463775739073753,0.006053801625967026,0.04259063582867384,-0.09260420687496662,0.0008745156228542328,0.023176588118076324,-0.09247287549078465,-0.03139436151832342,0.031709905713796616,-0.12068076431751251,-0.03693897929042578,0.03973028063774109,-0.14300930500030518,-0.029406696557998657,0.04787718132138252,-0.16252440214157104,-0.026120017282664776,0.037244067527353764,-0.08196155168116093,-0.0427059642970562,0.05758952349424362,-0.10235292091965675,-0.02875993400812149,0.0506548173725605,-0.09316404163837433,-0.0006241463124752045,0.04100957990158349,-0.08049304643645883,0.02652778849005699,0.050683981738984585,-0.06758669577538967,-0.0464892229065299,0.06540560349822044,-0.08010492939502001,-0.02921462245285511,0.05783629044890404,-0.07096518576145172,-0.00451340526342392,0.04592939792200923,-0.060972049832344055,0.013834744691848755,0.05580967105925083,-0.048327306285500526,-0.04193448193836957,0.06715226545929909,-0.060335349291563034,-0.029754364863038063,0.06591391004621983,-0.05984116904437542,-0.006736934185028076,0.05396904796361923,-0.05210436135530472,-0.0011313818395137787
0.0,0.0,0.0,-0.030876818113029003,-0.01715286821126938,-0.003379570320248604,-0.03524537943303585,-0.044431813061237335,0.0252639539539814,-0.035839213989675045,-0.06625572219491005,0.04445815645158291,-0.03649861179292202,-0.07245663460344076,0.05772697553038597,-0.029996776953339577,-0.08612141315825284,0.017824228503741324,-0.042546579614281654,-0.11104126274585724,0.020146235241554677,-0.0479356087744236,-0.1391313262283802,0.015776093117892742,-0.05426578223705292,-0.16836488991975784,-0.002615690231323242,-0.02246151422150433,-0.0869446110446006,0.020632005878724158,-0.03976862318813801,-0.0962058613076806,0.037665579468011856,-0.04435879737138748,-0.08092746674083173,0.03671111725270748,-0.04260389506816864,-0.07742643263190985,0.025538644287735224,-0.015209972392767668,-0.08664104831404984,0.021878967294469476,-0.029595527797937393,-0.08034853171557188,0.04116351157426834,-0.029935726895928383,-0.06878182385116816,0.04229986481368542,-0.025892811827361584,-0.06474676541984081,0.03354897350072861,-0.015651023481041193,-0.06584877334535122,0.027205529622733593,-0.02471151016652584,-0.06700201146304607,0.036453234031796455,-0.027420938946306705,-0.06568609178066254,0.03907421976327896,-0.024109810357913375,-0.057029640302062035,0.018353120831307024
0.0,0.0,0.0,-0.03105892986059189,-0.020150519907474518,-0.005119779147207737,-0.03341083228588104,-0.046021971851587296,0.02506803162395954,-0.03333192318677902,-0.06664563342928886,0.03823200333863497,-0.032841337844729424,-0.07386815920472145,0.049934026785194874,-0.027121372055262327,-0.0887927315197885,0.013878069934435189,-0.03917507454752922,-0.11454698443412781,0.01723995036445558,-0.042147446423769,-0.14371244981884956,0.012643156573176384,-0.04906782507896423,-0.16835874319076538,-0.003054465167224407,-0.019965881947427988,-0.0872524103615433,0.014910893121850677,-0.034262911416590214,-0.09926016628742218,0.03387158643454313,-0.04080489091575146,-0.08508245553821325,0.02866207528859377,-0.041237253695726395,-0.08166315965354443,0.013788459938950837,-0.014233009424060583,-0.08742107474245131,0.0180765048135072,-0.026976517867296934,-0.0817459172103554,0.03414009418338537,-0.027416805736720562,-0.07054371107369661,0.034516395069658756,-0.024219192564487457,-0.06857045739889145,0.021221850533038378,-0.01852851500734687,-0.06455069221556187,0.021936185657978058,-0.02352962689474225,-0.06621771678328514,0.030114082619547844,-0.0263344906270504,-0.06649064272642136,0.033363946713507175,-0.023663781117647886,-0.06101221777498722,0.010091111995279789
0.0,0.0,0.0,-0.03036581724882126,-0.018167831003665924,-0.004505027085542679,-0.03405182622373104,-0.04544004425406456,0.023102703504264355,-0.03447048366069794,-0.06679451651871204,0.03868047334253788,-0.034503926523029804,-0.07336696982383728,0.05009755864739418,-0.028522244654595852,-0.08830200880765915,0.014782239915803075,-0.04036681354045868,-0.11345003917813301,0.01743195892777294,-0.0456442479044199,-0.14241695404052734,0.012751896865665913,-0.05148395895957947,-0.17006657272577286,-0.003986816853284836,-0.021561646834015846,-0.08845694828778505,0.017353329807519913,-0.0379402581602335,-0.09871709905564785,0.03476731665432453,-0.04265316389501095,-0.0843131854198873,0.032372890040278435,-0.04035434313118458,-0.07993220817297697,0.019877072889357805,-0.014902574010193348,-0.08702625753358006,0.01888609677553177,-0.0292521296069026,-0.08238678006455302,0.03681797534227371,-0.028944017365574837,-0.0700611062347889,0.0378104392439127,-0.025141306687146425,-0.06583752110600471,0.02799349371343851,-0.016869603423401713,-0.06596386432647705,0.023942277766764164,-0.02484923182055354,-0.06760819628834724,0.03215440548956394,-0.026091350708156824,-0.06564240716397762,0.03424208424985409,-0.023873056285083294,-0.05859897658228874,0.01274156360886991
0.0,0.0,0.0,-0.03129120171070099,-0.01981297880411148,-0.004530175589025021,-0.03426983952522278,-0.04650082066655159,0.023437608033418655,-0.03446526266634464,-0.06914638914167881,0.0388306463137269,-0.034398818388581276,-0.07668978348374367,0.05092813912779093,-0.027812364511191845,-0.0895598353818059,0.013100252603180707,-0.03980027697980404,-0.11735327169299126,0.017221978632733226,-0.04495025426149368,-0.14577790722250938,0.013792923709843308,-0.05183026008307934,-0.17215844243764877,-0.0011952975764870644,-0.019392026704736054,-0.08905454562045634,0.014801806217292324,-0.03400892950594425,-0.1008823812007904,0.0342361880466342,-0.0400781761854887,-0.08616154734045267,0.033624603413045406,-0.03983023576438427,-0.08233077079057693,0.022599227726459503,-0.012299025431275368,-0.08910903497599065,0.017257079016417265,-0.024450134485960007,-0.08387896930798888,0.036218161694705486,-0.025881392881274223,-0.0728335902094841,0.03945623803883791,-0.022409326396882534,-0.06893536075949669,0.02933643013238907,-0.014131194446235895,-0.06713344901800156,0.022011487279087305,-0.019583655754104257,-0.06821735203266144,0.0316297197714448,-0.022931476123631,-0.06836702860891819,0.03587875235825777,-0.02035072585567832,-0.06118742749094963,0.015805628150701523
0.0,0.0,0.0,-0.031482528895139694,-0.019018158316612244,-0.0032140053808689117,-0.03482424467802048,-0.04572415351867676,0.024967920035123825,-0.03551048785448074,-0.06916664727032185,0.04260347597301006,-0.03529467061161995,-0.07697287667542696,0.055223919451236725,-0.028360472060739994,-0.08992192498408258,0.016057626577094197,-0.040721580386161804,-0.11823577992618084,0.020927006844431162,-0.045986976474523544,-0.14616741612553596,0.01778880227357149,-0.053728871047496796,-0.17313789576292038,0.002135852351784706,-0.019861364853568375,-0.08978308364748955,0.018054539221338928,-0.033952428959310055,-0.10211877897381783,0.03790799155831337,-0.04001791216433048,-0.08671724516898394,0.037406064569950104,-0.038269324228167534,-0.08221947960555553,0.026966949924826622,-0.0120742148719728,-0.08953536953777075,0.019735514651983976,-0.024353637360036373,-0.08527845563367009,0.03994256071746349,-0.02560256328433752,-0.07360202074050903,0.04292367398738861,-0.020698942942544818,-0.06946757808327675,0.03275576699525118,-0.013429227285087109,-0.0679701492190361,0.023910334799438715,-0.01892516645602882,-0.0701929647475481,0.03461948037147522,-0.022181582869961858,-0.07036799564957619,0.03905273415148258,-0.019187225960195065,-0.06288875266909599,0.018497564713470638
0.0,0.0,0.0,-0.018601223826408386,-0.0311119444668293,0.0006985152140259743,-0.009970419108867645,-0.062012242153286934,0.018189302645623684,0.010759493336081505,-0.09107909351587296,0.03201563935726881,0.030901575461030006,-0.09735631011426449,0.0423136530444026,0.004858626052737236,-0.10249929875135422,-0.01091483015625272,0.009696517139673233,-0.13418664410710335,-0.002024410292506218,0.013051379472017288,-0.16315988451242447,0.005591214634478092,0.011017866432666779,-0.1842365339398384,0.00822161789983511,0.03036657255142927,-0.09342202544212341,-0.012928885291330516,0.04284318909049034,-0.10717188566923141,0.010687249712646008,0.03162946994416416,-0.09384031221270561,0.03712883125990629,0.020228788256645203,-0.08362195501103997,0.05977005045861006,0.05312029644846916,-0.07696753926575184,-0.011406715086195618,0.05568584240972996,-0.08230570331215858,0.016697301529347897,0.04728945717215538,-0.07169527746737003,0.03595489542931318,0.036117903888225555,-0.05916750431060791,0.04674481134861708,0.06257596611976624,-0.05530972592532635,-0.0025860192254185677,0.06779805198311806,-0.06395474262535572,0.01539380382746458,0.06272922642529011,-0.06014065816998482,0.03471882175654173,0.05367331951856613,-0.04947245866060257,0.036118472926318645
0.0,0.0,0.0,-0.002821199595928192,-0.03418947383761406,0.004006274044513702,0.014929641038179398,-0.06531463377177715,0.012317951768636703,0.03669539885595441,-0.0890289954841137,0.009353246539831161,0.05341281741857529,-0.09568427875638008,0.0015319474041461945,0.024093126878142357,-0.09507747180759907,-0.03045701142400503,0.03371869772672653,-0.12183751910924911,-0.037337792571634054,0.0423455648124218,-0.14280810952186584,-0.03204967733472586,0.04934680834412575,-0.16120097786188126,-0.03139825817197561,0.03799432795494795,-0.08372203353792429,-0.042729562730528414,0.059525176882743835,-0.10027720034122467,-0.028160402551293373,0.053948890417814255,-0.08931157179176807,0.0008453018963336945,0.042380593018606305,-0.07807171205058694,0.028332725167274475,0.051584512926638126,-0.06697862688452005,-0.047831444535404444,0.06801511347293854,-0.07846597582101822,-0.029380228370428085,0.0606837123632431,-0.06873356364667416,-0.0029281936585903168,0.04744397755712271,-0.05781113728880882,0.015033669769763947,0.056310005486011505,-0.0475023090839386,-0.043137141270563006,0.06894455291330814,-0.05882221274077892,-0.03037281706929207,0.06724502332508564,-0.05751798115670681,-0.00609201192855835,0.05593036860227585,-0.04981544241309166,0.000574849545955658
0.0,0.0,0.0,-0.03292801696807146,-0.020168930292129517,-0.004440849646925926,-0.03552800603210926,-0.04606502503156662,0.026401751674711704,-0.037079744040966034,-0.07014589756727219,0.042875468730926514,-0.03768673911690712,-0.07865661662071943,0.05721151828765869,-0.030397417955100536,-0.0915650597307831,0.017294762423262,-0.04312361590564251,-0.12170348688960075,0.022978920955210924,-0.046707313507795334,-0.15066319704055786,0.019263043184764683,-0.05567408911883831,-0.174031563103199,0.0036955540999770164,-0.020599429961293936,-0.09152676910161972,0.01782776348409243,-0.034117755480110645,-0.10503699444234371,0.04061364382505417,-0.040384525433182716,-0.08910227240994573,0.039769772440195084,-0.0403774231672287,-0.08429281134158373,0.02915770933032036,-0.0127375484444201,-0.0923834159038961,0.02058703382499516,-0.024750439450144768,-0.08718224638141692,0.040434788912534714,-0.026431134901940823,-0.07390574552118778,0.04522552154958248,-0.021427151979878545,-0.07071162946522236,0.033896300941705704,-0.015203856863081455,-0.06924466602504253,0.02342601539567113,-0.01914647058583796,-0.07131082378327847,0.03423326089978218,-0.022928279358893633,-0.0710038784891367,0.03888307511806488,-0.018641872331500053,-0.06351585127413273,0.01777214725734666
0.0,0.0,0.0,-0.03239924367517233,-0.01850438117980957,-0.001937447115778923,-0.03626845218241215,-0.045409951359033585,0.028263933025300503,-0.0380984079092741,-0.06989604979753494,0.048770586028695107,-0.03904077038168907,-0.07910945545881987,0.06307646632194519,-0.030491193756461143,-0.09017317299731076,0.021465834230184555,-0.042770760133862495,-0.12061228603124619,0.02698340080678463,-0.04801086708903313,-0.148214902728796,0.024194257566705346,-0.05610942840576172,-0.17512697726488113,0.008814357221126556,-0.020579350763000548,-0.0910357462707907,0.02333197562256828,-0.03485693410038948,-0.10429897624999285,0.04527832008898258,-0.04091897793114185,-0.08955872105434537,0.04559781029820442,-0.04002299904823303,-0.08554265298880637,0.035349590703845024,-0.011916742660105228,-0.0916145732626319,0.02499693864956498,-0.024131651036441326,-0.08743279299233109,0.04735825955867767,-0.02559492737054825,-0.07495614420622587,0.0512885469943285,-0.021300885593518615,-0.07087844982743263,0.042470479384064674,-0.012062056921422482,-0.06998173333704472,0.02905724896118045,-0.017436496447771788,-0.07213192991912365,0.04123755730688572,-0.021196178044192493,-0.0722396932542324,0.04654192551970482,-0.01850957190617919,-0.06474014930427074,0.027664635330438614
0.0,0.0,0.0,-0.031819961965084076,-0.018348611891269684,-0.0010363031178712845,-0.03400819189846516,-0.04500918090343475,0.03134911321103573,-0.03581942990422249,-0.0690549835562706,0.051667168736457825,-0.03917735256254673,-0.07998406374827027,0.06656268797814846,-0.02950025163590908,-0.08898511109873652,0.021646417138981633,-0.04194960370659828,-0.1194600835442543,0.027748072519898415,-0.04597778990864754,-0.1478727161884308,0.02474557771347463,-0.0539776086807251,-0.17373619228601456,0.009741873480379581,-0.02042538719251752,-0.0895141155924648,0.02173607244185405,-0.033862026408314705,-0.10420726053416729,0.04446716979146004,-0.04027255065739155,-0.08941635373048484,0.04392656497657299,-0.039813488721847534,-0.0863968413323164,0.03260398097336292,-0.012970798648893833,-0.09079340356402099,0.023777968483045697,-0.024514221120625734,-0.08660622464958578,0.04499533399939537,-0.025826350785791874,-0.07390798535197973,0.049791887402534485,-0.0212258588289842,-0.07137102074921131,0.039831193163990974,-0.014395939651876688,-0.06917625851929188,0.026835516095161438,-0.01828600512817502,-0.07123336754739285,0.03850334696471691,-0.0220622131600976,-0.0714290663599968,0.04525020532310009,-0.019578678999096155,-0.06448460929095745,0.026686507742851973
0.0,0.0,0.0,-0.029762279242277145,-0.017131738364696503,0.0005593579262495041,-0.033228655345737934,-0.045279912650585175,0.0285806842148304,-0.03486183099448681,-0.06900552846491337,0.050224943086504936,-0.03683375008404255,-0.0791370989754796,0.06096477434039116,-0.02801728993654251,-0.08750032051466405,0.020266044710297137,-0.03937355801463127,-0.11639371141791344,0.025103176943957806,-0.04647384583950043,-0.1444222331047058,0.02276729140430689,-0.053043432533741,-0.17399997264146805,0.009101750329136848,-0.020046957302838564,-0.08915428002364933,0.022163864923641086,-0.03410331346094608,-0.10272753238677979,0.041922155767679214,-0.03990700840950012,-0.08892309805378318,0.04205163009464741,-0.03809075802564621,-0.08588705933652818,0.03071507252752781,-0.011353940702974796,-0.08808138023596257,0.022155372658744454,-0.024083476047962904,-0.08635850518476218,0.0449169110506773,-0.02359457081183791,-0.07535412535071373,0.0482814721763134,-0.02019399730488658,-0.07002422586083412,0.039612481370568275,-0.01048219297081232,-0.06926897354424,0.027056907303631306,-0.017163871321827173,-0.07181842997670174,0.03969145752489567,-0.019771672668866813,-0.07130728475749493,0.04659668542444706,-0.019129090243950486,-0.0642347652465105,0.028201814740896225
0.0,0.0,0.0,-0.030455397441983223,-0.01799730211496353,-0.00044927559792995453,-0.03401057608425617,-0.04576922953128815,0.027737779542803764,-0.03580350801348686,-0.07041912339627743,0.048229290172457695,-0.036141494289040565,-0.08006311859935522,0.05987553298473358,-0.028308219276368618,-0.08841247041709721,0.018798432807670906,-0.038543395698070526,-0.11803904175758362,0.024473315570503473,-0.045428428798913956,-0.14684780687093735,0.022121196379885077,-0.05178849957883358,-0.1752278357744217,0.009053885005414486,-0.01923429686576128,-0.08975308481603861,0.020959245041012764,-0.03217027895152569,-0.10365928709506989,0.041728703305125237,-0.038546400144696236,-0.090375364292413,0.04384562931954861,-0.036659084260463715,-0.08710219990462065,0.03450058680027723,-0.009091335348784924,-0.08889832173008472,0.021554345497861505,-0.021253142040222883,-0.08689833723474294,0.044602446258068085,-0.021610569674521685,-0.0767916152253747,0.049844175577163696,-0.019060690887272358,-0.07159255258738995,0.04176255129277706,-0.008066125214099884,-0.06923981197178364,0.02674120245501399,-0.014772992813959718,-0.07214604504406452,0.040008360520005226,-0.017362720798701048,-0.07236681133508682,0.048489296808838844,-0.01626310683786869,-0.06618301011621952,0.032105463556945324
0.0,0.0,0.0,0.0,0.0,0.0,0.0,0.0,0.0,0.0,0.0,0.0,0.0,0.0,0.0,0.0,0.0,0.0,0.0,0.0,0.0,0.0,0.0,0.0,0.0,0.0,0.0,0.0,0.0,0.0,0.0,0.0,0.0,0.0,0.0,0.0,0.0,0.0,0.0,0.0,0.0,0.0,0.0,0.0,0.0,0.0,0.0,0.0,0.0,0.0,0.0,0.0,0.0,0.0,0.0,0.0,0.0,0.0,0.0,0.0,0.0,0.0,0.0
0.0,0.0,0.0,-0.03156139887869358,-0.01755496859550476,-0.00116053968667984,-0.03503640368580818,-0.04479892551898956,0.028196024242788553,-0.036366477608680725,-0.06858285889029503,0.04908233694732189,-0.0367484875023365,-0.07756845466792583,0.06165793351829052,-0.029544036835432053,-0.08776618377305567,0.020333822525572032,-0.04138593748211861,-0.1168771106749773,0.025654190685600042,-0.04754588194191456,-0.1451181322336197,0.023049383191391826,-0.054669637233018875,-0.17348100244998932,0.008948689326643944,-0.02128959121182561,-0.08859562524594367,0.022395388805307448,-0.03612998127937317,-0.10185694321990013,0.041834061965346336,-0.041610002517700195,-0.08713926444761455,0.04032631032168865,-0.039787398651242256,-0.08352499804459512,0.028165629599243402,-0.012714629527181387,-0.08795952959917486,0.02327914535999298,-0.025655480101704597,-0.08429574430920184,0.043997228145599365,-0.025840393733233213,-0.07350650895386934,0.04676346480846405,-0.021939479047432542,-0.06854451075196266,0.036926714703440666,-0.012738131918013096,-0.06741474196314812,0.027915787883102894,-0.018933859188109636,-0.06942063011229038,0.03984793275594711,-0.022192065371200442,-0.06974230520427227,0.04573487862944603,-0.020178861916065216,-0.06322669796645641,0.026155132800340652
0.0,0.0,0.0,-0.030949528329074383,-0.01777993142604828,-0.00214308500289917,-0.033749681897461414,-0.044991910457611084,0.027876034379005432,-0.03533442132174969,-0.06801029853522778,0.048265738412737846,-0.036081526428461075,-0.07754108123481274,0.060728657990694046,-0.028200091794133186,-0.08721466863062233,0.018716548976954073,-0.039821671321988106,-0.11604896932840347,0.023232302628457546,-0.046297766268253326,-0.14476609230041504,0.019688852771651,-0.05341196991503239,-0.17270679771900177,0.004941199906170368,-0.020890641142614186,-0.08803082467056811,0.020480317412875593,-0.03539165295660496,-0.10131656751036644,0.039321910589933395,-0.04142977483570576,-0.08713902137242258,0.035952458158135414,-0.03981429152190685,-0.08443671371787786,0.023651146795600653,-0.013098333030939102,-0.08718638971913606,0.02126863063313067,-0.02578723756596446,-0.0837012913543731,0.04104502126574516,-0.025384001899510622,-0.07262832392007113,0.043130772188305855,-0.022268112981691957,-0.06860297545790672,0.03211791813373566,-0.013969603925943375,-0.06667268462479115,0.02602016692981124,-0.02019012812525034,-0.06851216033101082,0.03731571137905121,-0.022386913187801838,-0.0695194210857153,0.04330981895327568,-0.021029575960710645,-0.06352672912180424,0.02396658668294549
0.0,0.0,0.0,-0.03055916726589203,-0.017464980483055115,0.00031121261417865753,-0.03383081592619419,-0.04489267244935036,0.030965030193328857,-0.035401348024606705,-0.06933912821114063,0.05364290066063404,-0.03606075793504715,-0.07926081772893667,0.06808915734291077,-0.028703135438263416,-0.08806044782977551,0.023197234666440636,-0.03955434821546078,-0.11720226518809795,0.028825463727116585,-0.04617617465555668,-0.14587806165218353,0.025924249086529016,-0.053176531568169594,-0.17446596175432205,0.012157144956290722,-0.02038802474271506,-0.08908209623768926,0.024596187169663608,-0.03445340320467949,-0.10191277787089348,0.045219939202070236,-0.04022274538874626,-0.08760863076895475,0.04474918730556965,-0.03865238092839718,-0.08426824235357344,0.03390037640929222,-0.011478351429104805,-0.08825770206749439,0.0250748498365283,-0.02409626543521881,-0.0848484494490549,0.04698875546455383,-0.023890212178230286,-0.0740283653140068,0.050807228311896324,-0.021389862056821585,-0.0691337138414383,0.04123749025166035,-0.01156335836276412,-0.06793861649930477,0.029349238611757755,-0.017616089433431625,-0.06981351412832737,0.04217924177646637,-0.020528258057311177,-0.07044585980474949,0.04991759546101093,-0.019366118358448148,-0.06427459605038166,0.0327694583684206
0.0,0.0,0.0,-0.03079283982515335,-0.018580786883831024,-0.0012698862701654434,-0.033476585522294044,-0.04455554857850075,0.03061032108962536,-0.03461682051420212,-0.06731200776994228,0.05098110809922218,-0.03432138450443745,-0.07601511711254716,0.06701944582164288,-0.027961925603449345,-0.08559119678102434,0.020798713212570874,-0.03896636888384819,-0.11347604542970657,0.02556271618232131,-0.04548031650483608,-0.14170099049806595,0.02156459289835766,-0.052721910178661346,-0.1687583550810814,0.005735443904995918,-0.020458238665014505,-0.08598588220775127,0.021988834254443645,-0.03451561648398638,-0.09879573155194521,0.04101976007223129,-0.04123077169060707,-0.08629559678956866,0.03633358236402273,-0.040556374937295914,-0.085590846138075,0.021816046093590558,-0.013035027775913477,-0.08563124551437795,0.02297830441966653,-0.02590622426941991,-0.0815208051353693,0.04309738799929619,-0.025507832877337933,-0.07275796961039305,0.04464206472039223,-0.023017958737909794,-0.07078691758215427,0.031180474907159805,-0.014890630729496479,-0.06455590948462486,0.02709435112774372,-0.020968881202861667,-0.06584745086729527,0.039671532809734344,-0.023622028529644012,-0.06801103241741657,0.047742169350385666,-0.021812614053487778,-0.06338141299784184,0.028674437664449215
0.0,0.0,0.0,-0.03171372972428799,-0.018691562116146088,-0.0019935350865125656,-0.033895405009388924,-0.045840661972761154,0.03197168558835983,-0.03469536639750004,-0.06956176087260246,0.053415095433592796,-0.03708011098206043,-0.07915719132870436,0.07085124962031841,-0.02915070950984955,-0.08980944962240756,0.022243761457502842,-0.041388023644685745,-0.11949263513088226,0.02835463546216488,-0.04583253897726536,-0.14781180769205093,0.024241474457085133,-0.05371619202196598,-0.17366837710142136,0.007946932688355446,-0.02069960709195584,-0.08992733666673303,0.022935734457860235,-0.03433131333440542,-0.10372995585203171,0.04499101638793945,-0.04121549613773823,-0.08806733135133982,0.04214858263731003,-0.04098578169941902,-0.08470858563669026,0.02867202926427126,-0.013403257820755243,-0.09052900550886989,0.025276920525357127,-0.02541638072580099,-0.08544361544772983,0.04549587704241276,-0.026238249149173498,-0.0735015831887722,0.04782288335263729,-0.02211540355347097,-0.07079489715397358,0.03556726314127445,-0.015541679225862026,-0.0682480726391077,0.028820017352700233,-0.019474346423521638,-0.07025192491710186,0.04013879969716072,-0.02296734438277781,-0.07135776057839394,0.04587273672223091,-0.020982035901397467,-0.06541452556848526,0.024077676236629486
0.0,0.0,0.0,-0.004601005464792252,-0.032795730978250504,0.0018682405352592468,0.011838123202323914,-0.06281426548957825,0.0107959546148777,0.03157667629420757,-0.08635194785892963,0.006957102566957474,0.04703728947788477,-0.09398244507610798,0.0014078542590141296,0.022407235577702522,-0.09307181276381016,-0.031849563121795654,0.03213726915419102,-0.1208890862762928,-0.03853795048780739,0.04046813026070595,-0.14324117451906204,-0.0310894837602973,0.04689967632293701,-0.1636911928653717,-0.029023565351963043,0.03695579501800239,-0.08209390100091696,-0.043127328739501536,0.05720752477645874,-0.10080104507505894,-0.02911636047065258,0.05158054642379284,-0.090459237806499,0.0003155171871185303,0.03975344728678465,-0.0790172596462071,0.027468591928482056,0.05129596684128046,-0.06748239044100046,-0.04689027974382043,0.0670691467821598,-0.07916062790900469,-0.028939477168023586,0.059739261865615845,-0.07043887209147215,-0.0039563365280628204,0.047121637500822544,-0.05938421189785004,0.015528563410043716,0.05799408070743084,-0.04815693572163582,-0.041048051905818284,0.06878973171114922,-0.06035846471786499,-0.02936734538525343,0.06728744879364967,-0.059134067967534065,-0.006822310388088226,0.055167849175632,-0.050796376541256905,-0.00021191686391830444
0.0,0.0,0.0,-0.03234377037733793,-0.018874503672122955,-0.005746970884501934,-0.035031259059906006,-0.045501142740249634,0.025469602085649967,-0.036537282168865204,-0.06933635100722313,0.042872882448136806,-0.03649779409170151,-0.07848579995334148,0.056628464721143246,-0.030489666387438774,-0.0896937899524346,0.013840308296494186,-0.04269829019904137,-0.11985302716493607,0.019835495855659246,-0.04771944880485535,-0.14940089359879494,0.015842769935261458,-0.05526111274957657,-0.1738421991467476,0.0006962772458791733,-0.022037875838577747,-0.09018264804035425,0.014806791732553393,-0.0358835207298398,-0.10383686982095242,0.03583351243287325,-0.04172269627451897,-0.08714123908430338,0.03251172509044409,-0.04071447812020779,-0.08252486865967512,0.02126328321173787,-0.014502414036542177,-0.09104006947018206,0.01762488717213273,-0.026817374862730503,-0.08587698847986758,0.03518864046782255,-0.027065228670835495,-0.07217175513505936,0.03849256318062544,-0.0219470108859241,-0.06831395253539085,0.026768267154693604,-0.016374906059354544,-0.06859653443098068,0.021399380173534155,-0.02031466830521822,-0.07004676014184952,0.0308260852470994,-0.023957978934049606,-0.07091320119798183,0.034614511765539646,-0.02066772524267435,-0.063797228038311,0.013253308250568807
0.0,0.0,0.0,-0.03249907772988081,-0.01868269592523575,-0.004961511120200157,-0.03525089845061302,-0.04537244886159897,0.026901467703282833,-0.03659760765731335,-0.06970149651169777,0.044659871608018875,-0.037554994225502014,-0.07898293528705835,0.0596351008862257,-0.030216416344046593,-0.09049922216217965,0.016714516677893698,-0.043086038902401924,-0.12070835754275322,0.022398534463718534,-0.04750865139067173,-0.1494995355606079,0.017936159973032773,-0.055624159052968025,-0.17429060488939285,0.0014314856380224228,-0.021220159367658198,-0.0910269282758236,0.018278641655342653,-0.03558266069740057,-0.10427279025316238,0.03980850428342819,-0.041625211015343666,-0.08767490787431598,0.036650897935032845,-0.041597599163651466,-0.08324273955076933,0.02424446027725935,-0.013879743404686451,-0.09181673219427466,0.02161532547324896,-0.02615508111193776,-0.0861486392095685,0.0400239285081625,-0.0272983331233263,-0.07305669039487839,0.04319535009562969,-0.022912583546712995,-0.06970837898552418,0.031204383820295334,-0.01602905709296465,-0.06927678361535072,0.02592232311144471,-0.019780124304816127,-0.0707391295582056,0.03543184511363506,-0.02399141015484929,-0.07112202979624271,0.03884879872202873,-0.02092448971234262,-0.0644704345613718,0.016691550612449646
0.0,0.0,0.0,-0.030149316415190697,-0.017122142016887665,-0.0019842907786369324,-0.033827053382992744,-0.04410308226943016,0.028462117072194815,-0.03522356413304806,-0.06671017780900002,0.04948483221232891,-0.03724556043744087,-0.07558465749025345,0.0632618498057127,-0.029095870442688465,-0.08672223216854036,0.020139220170676708,-0.042038677260279655,-0.11501199565827847,0.02552530262619257,-0.04843680374324322,-0.1433718428015709,0.0221097202738747,-0.05589056387543678,-0.17042245715856552,0.007207682356238365,-0.02138406946323812,-0.08790877880528569,0.022297396906651556,-0.035979337990283966,-0.09935534372925758,0.042518556118011475,-0.041956180706620216,-0.08468255470506847,0.041446324437856674,-0.04053928889334202,-0.0811763871461153,0.030481587164103985,-0.013621110003441572,-0.0876758040394634,0.02373894746415317,-0.026480162516236305,-0.08267577760852873,0.04360158182680607,-0.026276754215359688,-0.0707220071926713,0.046451352536678314,-0.02307726815342903,-0.06622990220785141,0.03731423802673817,-0.014601660892367363,-0.06724732555449009,0.028164316434413195,-0.01978488196618855,-0.068444998934865,0.038456445559859276,-0.022818749770522118,-0.06800458021461964,0.04320576973259449,-0.02090762578882277,-0.06121046654880047,0.02350799599662423
0.0,0.0,0.0,-0.030499108135700226,-0.01719372719526291,-0.002474157139658928,-0.03521591052412987,-0.044461365789175034,0.02636383194476366,-0.03648364171385765,-0.06803547032177448,0.047124603763222694,-0.03664305992424488,-0.0763148246333003,0.06068991683423519,-0.02960934955626726,-0.08699217176763341,0.017964105354622006,-0.041437651962041855,-0.1155665572732687,0.022392755141481757,-0.04878273233771324,-0.1436931975185871,0.01880850293673575,-0.05605136230587959,-0.1721038520336151,0.003219079226255417,-0.020977507228963077,-0.08872939343564212,0.021381933940574527,-0.035461485385894775,-0.10039829555898905,0.03997865505516529,-0.041342779994010925,-0.0862796506844461,0.03956415317952633,-0.03962105140089989,-0.08287889696657658,0.02889969665557146,-0.011796554084867239,-0.08794460620265454,0.022754961159080267,-0.024532276205718517,-0.08388437051326036,0.04392041638493538,-0.02503271773457527,-0.07368788123130798,0.04651809297502041,-0.022552226204425097,-0.06853437796235085,0.0372883602976799,-0.01117350347340107,-0.06805009581148624,0.02886819001287222,-0.01810257975012064,-0.0702050942927599,0.04021933116018772,-0.021238483022898436,-0.07001052983105183,0.04507139325141907,-0.01981748198159039,-0.06309925392270088,0.025501628406345844
0.0,0.0,0.0,-0.030355937778949738,-0.017738305032253265,-0.001809844747185707,-0.03393031843006611,-0.04435007646679878,0.02742734970524907,-0.03555462136864662,-0.06690122000873089,0.04872571490705013,-0.03698659688234329,-0.07508719712495804,0.06182676553726196,-0.029022383503615856,-0.08595857809996232,0.01940243924036622,-0.041535092517733574,-0.11412201076745987,0.024109225487336516,-0.048098932951688766,-0.14251139014959335,0.020301779513829388,-0.05555599182844162,-0.1704338788986206,0.005016867071390152,-0.02139338501729071,-0.08733156230300665,0.02161596016958356,-0.035998689010739326,-0.09888970851898193,0.041766367852687836,-0.04162292182445526,-0.08476483938284218,0.04129640944302082,-0.039787810295820236,-0.08198526967316866,0.03074556216597557,-0.01344424020498991,-0.08715818799100816,0.02270128531381488,-0.02639635279774666,-0.0823077370878309,0.04414409399032593,-0.02641905192285776,-0.07108477503061295,0.047071631997823715,-0.023021957837045193,-0.06660740450024605,0.0374582689255476,-0.014216072857379913,-0.06718711368739605,0.027454750146716833,-0.020373268518596888,-0.06847338378429413,0.03929099254310131,-0.022660333663225174,-0.06798483245074749,0.044351689517498016,-0.020789720583707094,-0.06070124730467796,0.025063382927328348
0.0,0.0,0.0,-0.004294615238904953,-0.03306139260530472,0.000962425023317337,0.011865787208080292,-0.06256083957850933,0.009637944400310516,0.031138600781559944,-0.08598110545426607,0.0058212243020534515,0.046006092336028814,-0.09304631128907204,0.0009246841073036194,0.021879762411117554,-0.09249354712665081,-0.0331101818010211,0.03127338923513889,-0.1204899400472641,-0.03952500410377979,0.03963962569832802,-0.1431816667318344,-0.03321488853543997,0.04641250520944595,-0.16425242274999619,-0.03181341476738453,0.03651896491646767,-0.08142436156049371,-0.043699346017092466,0.056385256350040436,-0.10148286446928978,-0.02931840717792511,0.05043253395706415,-0.09196460992097855,0.00022876635193824768,0.03877706022467464,-0.08043911447748542,0.026871733367443085,0.05092916637659073,-0.06762741412967443,-0.046413891948759556,0.06580415368080139,-0.08058793935924768,-0.028445503674447536,0.05924556031823158,-0.07230114284902811,-0.003547176718711853,0.04750827793031931,-0.061264717020094395,0.015188317745923996,0.05773238092660904,-0.04897165298461914,-0.04010333295445889,0.06906644627451897,-0.06276171002537012,-0.028706427663564682,0.06769982166588306,-0.062143909744918346,-0.006664879620075226,0.0559777207672596,-0.05422493442893028,-0.0003864765167236328
0.0,0.0,0.0,-0.0320622231811285,-0.02033223956823349,-0.00582028366625309,-0.03449786454439163,-0.046574365347623825,0.0270828977227211,-0.03586592152714729,-0.06993956118822098,0.04471170902252197,-0.03596623241901398,-0.07833563722670078,0.060299914330244064,-0.02939492277801037,-0.09058754704892635,0.015593752614222467,-0.0416692029684782,-0.12039436399936676,0.020733081735670567,-0.04657931625843048,-0.1490919068455696,0.014873284846544266,-0.05560400150716305,-0.1716979667544365,-0.0021193604916334152,-0.020933077088557184,-0.09064683062024415,0.0164717813313473,-0.034280394203960896,-0.10346688702702522,0.03772680275142193,-0.04168388992547989,-0.08786136982962489,0.03314412944018841,-0.04129544086754322,-0.08471081079915166,0.019831100711598992,-0.013649764005094767,-0.09054906805977225,0.019539176486432552,-0.026044946629554033,-0.08509150659665465,0.03748747333884239,-0.02685200236737728,-0.07292018178850412,0.039473867043852806,-0.02261519944295287,-0.07063969224691391,0.025505573488771915,-0.017338363686576486,-0.06737424433231354,0.022812848910689354,-0.02096092514693737,-0.06941675767302513,0.03345276229083538,-0.02417304366827011,-0.07039999961853027,0.03726178966462612,-0.02093701553530991,-0.06516250781714916,0.013794497586786747
0.0,0.0,0.0,-0.03038949705660343,-0.018012017011642456,-0.003925468772649765,-0.033408332616090775,-0.0448995977640152,0.02599711436778307,-0.03492838703095913,-0.06717651337385178,0.04481959715485573,-0.03519905637949705,-0.0754273571074009,0.05754438787698746,-0.028234259225428104,-0.08631908427923918,0.01597103918902576,-0.04060938395559788,-0.11466425284743309,0.020136596402153373,-0.047294070944190025,-0.14374615624547005,0.015811595134437084,-0.05477195419371128,-0.17021127045154572,1.733936369419098e-05,-0.021298493025824428,-0.08730428665876389,0.01810914243105799,-0.03661353699862957,-0.09952814690768719,0.03652926720678806,-0.04220079444348812,-0.0851015504449606,0.033166101202368736,-0.040163492783904076,-0.08225663262419403,0.020929931662976742,-0.0142941870726645,-0.08676010323688388,0.019660674734041095,-0.0274447463452816,-0.0820378907956183,0.038333434611558914,-0.027011428959667683,-0.0707931537181139,0.039643412455916405,-0.023112251656129956,-0.0667120423167944,0.028467748314142227,-0.016316896537318826,-0.0662645548582077,0.024744111578911543,-0.022408942924812436,-0.06774967908859253,0.034742964431643486,-0.02462781872600317,-0.06821517646312714,0.03824971430003643,-0.022409119410440326,-0.0620026346296072,0.017271211836487055
0.0,0.0,0.0,-0.031160482205450535,-0.02017882466316223,-0.005342204123735428,-0.032797341234982014,-0.045755382627248764,0.02663523703813553,-0.03421791084110737,-0.06745797768235207,0.042648401111364365,-0.03490425460040569,-0.0762851182371378,0.05671347677707672,-0.02802621154114604,-0.08695114683359861,0.014897382992785424,-0.040967948734760284,-0.11560458317399025,0.019748087972402573,-0.0464605987071991,-0.14447292685508728,0.014526516548357904,-0.054863445460796356,-0.1676490679383278,-0.002392532303929329,-0.021501158131286502,-0.0872046195436269,0.015400504889839794,-0.03590458631515503,-0.10018161777406931,0.034591345116496086,-0.042640846222639084,-0.08605843596160412,0.028908045031130314,-0.04219248704612255,-0.08454877138137817,0.014582331816200167,-0.015980009455233812,-0.08798391534946859,0.01792171155102551,-0.028486769646406174,-0.0818202318623662,0.03472849167883396,-0.028548614121973515,-0.07121512480080128,0.03555680252611637,-0.024548925459384918,-0.06933244317770004,0.021606006659567356,-0.020284774713218212,-0.06559023447334766,0.021481203380972147,-0.024499435676261783,-0.06612573564052582,0.03127928450703621,-0.026599552016705275,-0.06799275241792202,0.03598203510046005,-0.023678174009546638,-0.06296148523688316,0.013860213104635477
0.0,0.0,0.0,-0.03190357331186533,-0.020242780447006226,-0.004795443266630173,-0.0346357487142086,-0.04603300243616104,0.02555812429636717,-0.035189446061849594,-0.06861907057464123,0.040314747020602226,-0.03450652305036783,-0.0766029367223382,0.05440504476428032,-0.028337099589407444,-0.08864715858362615,0.0140045084990561,-0.0413580946624279,-0.11726446449756622,0.019391715060919523,-0.04641372337937355,-0.14533402770757675,0.014579733309801668,-0.05505388043820858,-0.16907037794589996,-0.002498239278793335,-0.02049444045405835,-0.08834244054742157,0.015021053201053292,-0.03440335765480995,-0.10125149413943291,0.03527512215077877,-0.040998226031661034,-0.08696315833367407,0.030811327509582043,-0.04096286930143833,-0.08442408964037895,0.016121821419801563,-0.014198959339410067,-0.08913682913407683,0.018258117837831378,-0.026035400107502937,-0.08331937994807959,0.036054205149412155,-0.02700860984623432,-0.07322642672806978,0.037481410428881645,-0.022590603912249207,-0.07128134835511446,0.023430706933140755,-0.017906910041347146,-0.06635431572794914,0.022086914163082838,-0.021893759490922093,-0.06734311953186989,0.03244169428944588,-0.024645494297146797,-0.06891696900129318,0.037379972636699677,-0.021187237231060863,-0.06366987712681293,0.01514539729396347
0.0,0.0,0.0,-0.031198970042169094,-0.01877044141292572,-0.0035370904952287674,-0.03472348675131798,-0.0457921028137207,0.02650610636919737,-0.03567162901163101,-0.06905906088650227,0.044163886457681656,-0.034817696548998356,-0.07695485185831785,0.057795144617557526,-0.02899361588060856,-0.08881705580279231,0.017236071405932307,-0.04065090790390968,-0.11707473360002041,0.0216854945756495,-0.04738013818860054,-0.14523513987660408,0.017647190485149622,-0.05517921410501003,-0.17121709883213043,0.0009238850325345993,-0.020835177041590214,-0.08950311061926186,0.019317757803946733,-0.03467450384050608,-0.10186806507408619,0.0377193558961153,-0.040751345455646515,-0.08783922623842955,0.0347195602953434,-0.039257269352674484,-0.08503222744911909,0.0225243316963315,-0.013150194194167852,-0.08864556683693081,0.02088751131668687,-0.02521568164229393,-0.08433456206694245,0.03970879688858986,-0.02537435106933117,-0.07405698020011187,0.04114151373505592,-0.022084814496338367,-0.07063772529363632,0.029578737914562225,-0.014384545385837555,-0.06711350195109844,0.025794221088290215,-0.019934499636292458,-0.06932095438241959,0.03606949746608734,-0.02284282771870494,-0.07075325399637222,0.040704404935240746,-0.020428370451554656,-0.06520594470202923,0.019827751093544066
0.0,0.0,0.0,0.0,0.0,0.0,0.0,0.0,0.0,0.0,0.0,0.0,0.0,0.0,0.0,0.0,0.0,0.0,0.0,0.0,0.0,0.0,0.0,0.0,0.0,0.0,0.0,0.0,0.0,0.0,0.0,0.0,0.0,0.0,0.0,0.0,0.0,0.0,0.0,0.0,0.0,0.0,0.0,0.0,0.0,0.0,0.0,0.0,0.0,0.0,0.0,0.0,0.0,0.0,0.0,0.0,0.0,0.0,0.0,0.0,0.0,0.0,0.0
0.0,0.0,0.0,-0.030878111720085144,-0.017610542476177216,-0.0025179609656333923,-0.035650160163640976,-0.04466163367033005,0.027497785165905952,-0.03663872554898262,-0.06755127757787704,0.047911785542964935,-0.03570970706641674,-0.07546820119023323,0.0623400192707777,-0.029664838686585426,-0.08678086334839463,0.01981816440820694,-0.041061555966734886,-0.11438527703285217,0.024171231081709266,-0.04849771596491337,-0.14280401170253754,0.020642387273255736,-0.05602947808802128,-0.17036516219377518,0.005538592115044594,-0.02138967113569379,-0.08828259585425258,0.022720748325809836,-0.036409759894013405,-0.09978150576353073,0.0411992073059082,-0.04214680753648281,-0.08629357046447694,0.03944084420800209,-0.040711745619773865,-0.08396280277520418,0.028249509166926146,-0.013169463723897934,-0.08718563779257238,0.0239754943177104,-0.025851416401565075,-0.08265040116384625,0.04429273493587971,-0.02575497981160879,-0.07298057619482279,0.046121686697006226,-0.023565561044961214,-0.069088876247406,0.035966336727142334,-0.013326308690011501,-0.06645176745951176,0.029518842697143555,-0.020315225701779127,-0.06839714013040066,0.04042080603539944,-0.023537499364465475,-0.06908581219613552,0.045322176069021225,-0.02168212889228016,-0.06326914206147194,0.025609790813177824
0.0,0.0,0.0,-0.03112446703016758,-0.01847207546234131,-0.0029540173709392548,-0.035428840667009354,-0.04560010880231857,0.02738760504871607,-0.0364645067602396,-0.0688774585723877,0.045225055888295174,-0.035624925047159195,-0.07757046446204185,0.059115562587976456,-0.02922370843589306,-0.08944332390092313,0.01837754575535655,-0.040690988302230835,-0.11707358993589878,0.022591934073716402,-0.047101909294724464,-0.14498946443200111,0.018568136292742565,-0.054991886019706726,-0.1708110123872757,0.0016470439732074738,-0.020471340510994196,-0.08969210740178823,0.01959712663665414,-0.03405771870166063,-0.10187694430351257,0.038387689739465714,-0.040232881903648376,-0.08731014491058886,0.03627949580550194,-0.039508434012532234,-0.08487717714160681,0.02470850571990013,-0.012675218749791384,-0.0890423241071403,0.020744090666994452,-0.023968041874468327,-0.08416432654485106,0.039811890572309494,-0.02493116818368435,-0.07412609830498695,0.04165228269994259,-0.02222647750750184,-0.07114192470908165,0.030461827293038368,-0.013371825218200684,-0.06690238043665886,0.025159296579658985,-0.01896175742149353,-0.06886338256299496,0.03528323210775852,-0.02220791671425104,-0.07022589258849621,0.04028834030032158,-0.01964544109068811,-0.06406877562403679,0.01971153903286904
0.0,0.0,0.0,-0.030255232006311417,-0.017569467425346375,-0.002178529277443886,-0.03296185843646526,-0.043794214725494385,0.030156278051435947,-0.03441166505217552,-0.06507963500916958,0.05067848972976208,-0.036976978182792664,-0.07462495099753141,0.06613451428711414,-0.028381468262523413,-0.084824591409415,0.019255168095696718,-0.04151790775358677,-0.11230577901005745,0.023866014555096626,-0.04727218672633171,-0.14057676494121552,0.01932442231918685,-0.05561208724975586,-0.16662070900201797,0.0031999722123146057,-0.02159202314214781,-0.0858592705335468,0.020474159042350948,-0.036184719763696194,-0.09797266591340303,0.0400704350322485,-0.042526185512542725,-0.08375456789508462,0.03630327060818672,-0.04163467139005661,-0.08235727995634079,0.023094748612493277,-0.01507171057164669,-0.08635137649253011,0.022295520873740315,-0.027780385687947273,-0.08087685564532876,0.04086420498788357,-0.027394304517656565,-0.07005930505692959,0.042961934581398964,-0.024270950350910425,-0.06778776086866856,0.03148478548973799,-0.01753433677367866,-0.06573538668453693,0.026583637576550245,-0.02235888596624136,-0.067037807777524,0.037059834226965904,-0.02475721575319767,-0.0676396768540144,0.0424690768122673,-0.022878016345202923,-0.06244270317256451,0.02180688944645226
0.0,0.0,0.0,-0.029641587287187576,-0.017305687069892883,-0.0002508312463760376,-0.03337831795215607,-0.04478698968887329,0.030375625006854534,-0.03463992848992348,-0.06743061356246471,0.05302981659770012,-0.035925375297665596,-0.07698901370167732,0.06715402007102966,-0.027960999868810177,-0.08567558112554252,0.021595760670606978,-0.03948841989040375,-0.11353020742535591,0.025625285925343633,-0.047252144664525986,-0.141812976449728,0.021903677043155767,-0.05397465080022812,-0.1705249771475792,0.007451129145920277,-0.020646886667236686,-0.08700554771348834,0.02394194039516151,-0.03515240550041199,-0.09970899391919374,0.041214458644390106,-0.041246531531214714,-0.08666115766391158,0.03781167045235634,-0.03992040269076824,-0.08465144271031022,0.025411187671124935,-0.012241735123097897,-0.08589293051045388,0.024216825142502785,-0.025073304772377014,-0.08294322772417217,0.04382013529539108,-0.024156680330634117,-0.0733901048079133,0.045139554888010025,-0.022705277893692255,-0.06911841221153736,0.03446407988667488,-0.012628724798560143,-0.06619176082313061,0.02915712120011449,-0.018887782469391823,-0.0684863980859518,0.04009625501930714,-0.02154441364109516,-0.06947228964418173,0.045723551884293556,-0.021783693693578243,-0.0645216517150402,0.026270244736224413
0.0,0.0,0.0,-0.03140330873429775,-0.018117837607860565,-0.002927444875240326,-0.03443194553256035,-0.04525675252079964,0.029872599057853222,-0.03578082285821438,-0.06826904229819775,0.05019411817193031,-0.03838593699038029,-0.07810373418033123,0.06660609319806099,-0.029704379849135876,-0.0884296577423811,0.019776109838858247,-0.042551666498184204,-0.11758971400558949,0.025431936606764793,-0.04769126884639263,-0.14618613570928574,0.02170621504774317,-0.056282611563801765,-0.1712043285369873,0.00646212138235569,-0.021486738696694374,-0.08958526235073805,0.02134373746230267,-0.03589337319135666,-0.1034187339246273,0.04192034527659416,-0.042294831946492195,-0.08803741703741252,0.03919850289821625,-0.04169662669301033,-0.08546503772959113,0.027578495908528566,-0.013966161757707596,-0.09017490968108177,0.023910167394205928,-0.02639804035425186,-0.08543253876268864,0.04240698181092739,-0.02693135943263769,-0.07342279888689518,0.0452381931245327,-0.023475525435060263,-0.07058864086866379,0.03444555029273033,-0.01627720147371292,-0.06867613270878792,0.028206089977174997,-0.02067251573316753,-0.07099680230021477,0.0380630549043417,-0.023760621203109622,-0.07099047861993313,0.0425041988492012,-0.021771829342469573,-0.0654559750109911,0.021527910081204027
0.0,0.0,0.0,-0.005563490092754364,-0.03394686430692673,-0.003954693675041199,0.011295326054096222,-0.06373321078717709,0.0020799748599529266,0.03079942986369133,-0.08803578838706017,-0.004606675356626511,0.04792983643710613,-0.0958913154900074,-0.013391483575105667,0.019462576135993004,-0.09024380147457123,-0.041681937873363495,0.029942475259304047,-0.12033667415380478,-0.04678395972587168,0.03858038783073425,-0.14178254455327988,-0.039436714723706245,0.0456039197742939,-0.16526693105697632,-0.0358141977339983,0.0346790449693799,-0.07822424732148647,-0.05056424275971949,0.05712112598121166,-0.10146244615316391,-0.037439972162246704,0.04969543032348156,-0.09374355152249336,-0.00983748584985733,0.038114825962111354,-0.08166246395558119,0.017693229019641876,0.04945742338895798,-0.06387976743280888,-0.051949673565104604,0.065483208745718,-0.07928093709051609,-0.03592056129127741,0.05804004892706871,-0.0708355400711298,-0.010933876037597656,0.04809787403792143,-0.05970585159957409,0.008807145059108734,0.0567987821996212,-0.04593130014836788,-0.044271865859627724,0.06967654451727867,-0.06204631365835667,-0.033719178289175034,0.06858819350600243,-0.06187227554619312,-0.011494584381580353,0.05769481509923935,-0.053537337109446526,-0.005375102162361145
0.0,0.0,0.0,-0.03014205489307642,-0.01780570298433304,-0.0015164241194725037,-0.0337793892249465,-0.04533114656805992,0.029510117135941982,-0.03531795646995306,-0.06837264262139797,0.05103606730699539,-0.03572101145982742,-0.07710832916200161,0.06510098092257977,-0.02912220824509859,-0.08767989033367485,0.021483642398379743,-0.04050403647124767,-0.11525077372789383,0.025539285503327847,-0.04779081232845783,-0.14363467693328857,0.02151005997438915,-0.05479363538324833,-0.1713135614991188,0.005710570141673088,-0.021572573110461235,-0.08885525306686759,0.023625033907592297,-0.0359854344278574,-0.10075526125729084,0.04084286838769913,-0.04114377498626709,-0.08651171578094363,0.037292735651135445,-0.03944255970418453,-0.08391749602742493,0.025263964431360364,-0.013206977862864733,-0.0870694782352075,0.024083458818495274,-0.025905896443873644,-0.08330403151921928,0.042784448713064194,-0.025093569420278072,-0.07315332163125277,0.04374603368341923,-0.023151001427322626,-0.06887508742511272,0.03292343020439148,-0.01358785992488265,-0.06646514311432838,0.029009953141212463,-0.02001131954602897,-0.06830546073615551,0.03908557444810867,-0.022481180960312486,-0.06917174533009529,0.04321844130754471,-0.02154960168991238,-0.06395448371767998,0.022542704246006906
0.0,0.0,0.0,-0.03056160733103752,-0.019435830414295197,-0.004676354117691517,-0.03345685265958309,-0.04508733004331589,0.023674731142818928,-0.034691305831074715,-0.06781955063343048,0.03848262410610914,-0.033565135672688484,-0.07481913361698389,0.051937068812549114,-0.026923264376819134,-0.08789139473810792,0.013500820030458272,-0.03871172480285168,-0.11517013981938362,0.01883859047666192,-0.04494013637304306,-0.14320700243115425,0.014483088452834636,-0.05410390347242355,-0.16739192605018616,-0.002575100399553776,-0.01897797966375947,-0.08787185652181506,0.015136767670810514,-0.03261146694421768,-0.09921963792294264,0.03618436027318239,-0.03950083628296852,-0.08547231182456017,0.03458675090223551,-0.03831371292471886,-0.08256904454901814,0.023460671305656433,-0.011815373785793781,-0.08805020619183779,0.018049349542707205,-0.023588465061038733,-0.0823783716186881,0.03779993485659361,-0.024789820425212383,-0.07228893041610718,0.04029476922005415,-0.021301158238202333,-0.0691986046731472,0.028190510347485542,-0.014546982245519757,-0.06625235639512539,0.022627562284469604,-0.019544652197510004,-0.0670296810567379,0.03430840838700533,-0.021584525238722563,-0.06809241883456707,0.040626575239002705,-0.01846993644721806,-0.06227382458746433,0.02030537696555257
0.0,0.0,0.0,-0.031274959444999695,-0.019552677869796753,-0.004684502258896828,-0.03370799869298935,-0.045034896582365036,0.026209861040115356,-0.035020723938941956,-0.06757962889969349,0.0424802340567112,-0.03528687544167042,-0.07605798169970512,0.055624790489673615,-0.02906389720737934,-0.08898327522911131,0.015973271772963926,-0.04224068857729435,-0.11612371355295181,0.02136873919516802,-0.04745035991072655,-0.14561127126216888,0.016785782761871815,-0.05593464523553848,-0.1687779799103737,0.0014746654778718948,-0.022024115023668855,-0.08864635275676847,0.015611476468620822,-0.0361224627122283,-0.10062355268746614,0.03620733693242073,-0.0419442243874073,-0.08542469516396523,0.032676221802830696,-0.041592203080654144,-0.08190733660012484,0.02156572137027979,-0.01587843894958496,-0.08941783825866878,0.017824522918090224,-0.028446618001908064,-0.08369368081912398,0.035156792029738426,-0.02843501139432192,-0.07135168462991714,0.0375266931951046,-0.023735346738249063,-0.06853356957435608,0.024644522927701473,-0.019851632649078965,-0.0666290670633316,0.0204653930850327,-0.023758641444146633,-0.0682457871735096,0.029569235630333424,-0.026163514703512192,-0.06882724352180958,0.03341229446232319,-0.023105557076632977,-0.06259963475167751,0.011852245777845383
0.0,0.0,0.0,-0.03122770506888628,-0.0190679132938385,-0.005253073759377003,-0.03370398096740246,-0.04470080882310867,0.02467230334877968,-0.035120584070682526,-0.06711344048380852,0.040270029567182064,-0.03569842502474785,-0.07560567557811737,0.05334775801748037,-0.028860536869615316,-0.08724691066890955,0.013840645377058536,-0.04190185107290745,-0.11487423069775105,0.019136718474328518,-0.047402527183294296,-0.1441667564213276,0.015055743919219822,-0.055611323565244675,-0.16798025369644165,-0.0001451512798666954,-0.021837011445313692,-0.08742785337381065,0.014079713084356626,-0.036547609604895115,-0.09974132385104895,0.03512232843786478,-0.04206334613263607,-0.08488160092383623,0.032635764218866825,-0.04139363765716553,-0.08125445852056146,0.021805967204272747,-0.01587932463735342,-0.08816023892723024,0.016493632225319743,-0.02878715516999364,-0.08282633312046528,0.034840296022593975,-0.028512478806078434,-0.07035079784691334,0.03819380234926939,-0.02340516448020935,-0.06730581820011139,0.026783723384141922,-0.019615363562479615,-0.06619925051927567,0.019657433964312077,-0.024124814197421074,-0.06769641302525997,0.0292481891810894,-0.026428563054651022,-0.06769895367324352,0.03344814758747816,-0.023125734878703952,-0.06119992583990097,0.012798795942217112
0.0,0.0,0.0,-0.03193557448685169,-0.01914290338754654,-0.005940142087638378,-0.03408423624932766,-0.045510269701480865,0.024496951140463352,-0.03625536896288395,-0.0683719553053379,0.040491933934390545,-0.036326357163488865,-0.07653022930026054,0.05320810806006193,-0.029726196080446243,-0.08909936901181936,0.014245053345803171,-0.042859217151999474,-0.11729507893323898,0.0192849887534976,-0.048106713220477104,-0.1466503031551838,0.015619584068190306,-0.05646625533699989,-0.17016958445310593,-0.00020331330597400665,-0.021768901497125626,-0.08926285919733346,0.01481926585893234,-0.036723265424370766,-0.10184969939291477,0.03615290392190218,-0.041800620034337044,-0.0864125972148031,0.03433681186288595,-0.04129224643111229,-0.08216720400378108,0.024423536844551563,-0.015373547095805407,-0.08979622297920287,0.017345187021419406,-0.027641667518764734,-0.08468324318528175,0.035317481495440006,-0.02815957646816969,-0.07192385382950306,0.03882269095629454,-0.023356042336672544,-0.0682595781981945,0.029082189314067364,-0.018505361629649997,-0.06750099547207355,0.020708725322037935,-0.022679981775581837,-0.06903903558850288,0.02982758730649948,-0.025595686864107847,-0.06908547692000866,0.03310085739940405,-0.022036628099158406,-0.06210804730653763,0.011748670134693384
0.0,0.0,0.0,-0.006489865481853485,-0.03513309359550476,-0.002181749790906906,0.00792376697063446,-0.06708650570362806,0.0021112747490406036,0.02783739659935236,-0.09451128169894218,-0.004782289266586304,0.04762474074959755,-0.10349399223923683,-0.015014205127954483,0.0156391691416502,-0.09292635507881641,-0.04150302102789283,0.02955622784793377,-0.12239851802587509,-0.04622720438055694,0.03816299885511398,-0.14620351046323776,-0.037230052053928375,0.046295251697301865,-0.16803596168756485,-0.03303426597267389,0.03330381540581584,-0.08093928871676326,-0.05052588600665331,0.05688035301864147,-0.10354349948465824,-0.03934566490352154,0.05302196554839611,-0.09731370955705643,-0.012686673551797867,0.03907031752169132,-0.085259810090065,0.013024192303419113,0.049662248231470585,-0.06486941501498222,-0.05190149159170687,0.06771431118249893,-0.08317665103822947,-0.03595967497676611,0.061833832412958145,-0.07481551449745893,-0.01308012381196022,0.04933508671820164,-0.06368792988359928,0.004746180027723312,0.058509644120931625,-0.04738226532936096,-0.0443081590346992,0.0737626925110817,-0.06381502468138933,-0.03348632715642452,0.07256204262375832,-0.06155982706695795,-0.011832010000944138,0.0611801128834486,-0.05408109724521637,-0.004917323589324951
0.0,0.0,0.0,-0.03130030632019043,-0.019957393407821655,-0.004088612273335457,-0.0337219275534153,-0.04612411558628082,0.0264127803966403,-0.03414922021329403,-0.06956102140247822,0.04260925389826298,-0.034687191247940063,-0.07789766229689121,0.05677035078406334,-0.027928403578698635,-0.08962317602708936,0.015428456186782569,-0.0398432482033968,-0.11712589487433434,0.02039191173389554,-0.04516100510954857,-0.1463535688817501,0.016107805364299566,-0.053589893504977226,-0.17054647207260132,0.0016575604677200317,-0.020192671683616936,-0.0892963265068829,0.015513031677983236,-0.03386095818132162,-0.10220680478960276,0.03648773021996021,-0.039918579161167145,-0.08812874229624867,0.03463054448366165,-0.04013890027999878,-0.08494449662975967,0.023544834926724434,-0.013335657306015491,-0.08960083755664527,0.01786507829092443,-0.02513971459120512,-0.08477237168699503,0.036839958280324936,-0.025782867800444365,-0.07399923540651798,0.039994996041059494,-0.022535854717716575,-0.07119523547589779,0.027258364483714104,-0.016751279588788748,-0.0669378936290741,0.021198345348238945,-0.020765452878549695,-0.06892828084528446,0.031514983624219894,-0.023306940216571093,-0.06998603045940399,0.03756820224225521,-0.021275068633258343,-0.06462057121098042,0.01713057328015566
0.0,0.0,0.0,-0.03330249059945345,-0.02002297341823578,-0.005300902761518955,-0.03571899514645338,-0.046401336789131165,0.025411556474864483,-0.036906395107507706,-0.07118669897317886,0.039284574799239635,-0.03699195757508278,-0.0800441624596715,0.05292551312595606,-0.030379793606698513,-0.09239647909998894,0.014686379407066852,-0.04327292740345001,-0.1209276132285595,0.019674118608236313,-0.046765897423028946,-0.14992455393075943,0.0157549757277593,-0.05579768866300583,-0.1726350262761116,0.0016426732763648033,-0.02111526849330403,-0.09141082153655589,0.014042709255591035,-0.03409183584153652,-0.10620443150401115,0.036971679888665676,-0.04037664458155632,-0.09119577007368207,0.03596982266753912,-0.04215994104743004,-0.08711178810335696,0.025489414110779762,-0.01448761997744441,-0.09277725778520107,0.01751053030602634,-0.02500466024503112,-0.08788604917936027,0.03567426558583975,-0.02692549768835306,-0.07559632696211338,0.04026800673455,-0.023121855221688747,-0.07320885173976421,0.02877984382212162,-0.018057462526485324,-0.06836575083434582,0.0206499882042408,-0.02063670940697193,-0.07133553735911846,0.0297849141061306,-0.024589555338025093,-0.0717256423085928,0.03472695592790842,-0.021591170225292444,-0.06502453237771988,0.014117897022515535
0.0,0.0,0.0,-0.028620583936572075,-0.019019581377506256,-0.0030485522001981735,-0.03314288519322872,-0.04676453024148941,0.023342507891356945,-0.033685483038425446,-0.07063484564423561,0.039775699377059937,-0.03321820870041847,-0.07880869414657354,0.049651142209768295,-0.027338014915585518,-0.09070668742060661,0.01430837155203335,-0.0380276907235384,-0.11714904569089413,0.017206971300765872,-0.04571162536740303,-0.14636900648474693,0.012837672024033964,-0.05247010290622711,-0.1736678034067154,-0.0013330616056919098,-0.019509035628288984,-0.09146491577848792,0.015633629518561065,-0.03264810796827078,-0.1031850790604949,0.03278052806854248,-0.03859942406415939,-0.08896048925817013,0.032597342506051064,-0.03721461445093155,-0.08503039786592126,0.025251169688999653,-0.01013803668320179,-0.08964328712318093,0.016211463371291757,-0.021613964345306158,-0.08692610426805913,0.03564455173909664,-0.022276688367128372,-0.07579603791236877,0.03840801119804382,-0.02205415815114975,-0.07003847323358059,0.02868082281202078,-0.010139787569642067,-0.0688708033412695,0.02162558026611805,-0.017402004916220903,-0.07178649120032787,0.031184135004878044,-0.019275639904662967,-0.07153624296188354,0.03710654377937317,-0.01998677058145404,-0.06511745043098927,0.0182589003816247
0.0,0.0,0.0,-0.030078325420618057,-0.019910216331481934,-0.00392688624560833,-0.032533010467886925,-0.0467991977930069,0.025155380368232727,-0.03282156027853489,-0.06887992098927498,0.04010702855885029,-0.03137685917317867,-0.07629289105534554,0.05095432512462139,-0.028136023320257664,-0.08855564799159765,0.012477435055188835,-0.039688171818852425,-0.11449326016008854,0.01628970541059971,-0.04531487450003624,-0.1442350037395954,0.012410887866280973,-0.052889134734869,-0.16875304281711578,-0.001849086955189705,-0.021293167606927454,-0.08745299652218819,0.01173203345388174,-0.0359160378575325,-0.09911592490971088,0.029593879356980324,-0.04088415391743183,-0.0841209595091641,0.026595501229166985,-0.040857668966054916,-0.08014545496553183,0.014901339076459408,-0.015096088405698538,-0.08675844501703978,0.012871819199062884,-0.027289066463708878,-0.08129975944757462,0.02906486764550209,-0.026780433021485806,-0.0690301489084959,0.03031759150326252,-0.02338148863054812,-0.0636978279799223,0.01876276219263673,-0.01849076710641384,-0.06457615830004215,0.016251032706350088,-0.023555935360491276,-0.06598946638405323,0.02391813974827528,-0.025089274626225233,-0.06539828889071941,0.0283496230840683,-0.023060305044054985,-0.058815935626626015,0.007790004834532738
0.0,0.0,0.0,-0.030858549289405346,-0.020562000572681427,-0.004294914193451405,-0.033653656020760536,-0.047440290451049805,0.023565209470689297,-0.03375490568578243,-0.0713085662573576,0.03753484319895506,-0.03273116424679756,-0.07882210239768028,0.04868271481245756,-0.027536331675946712,-0.09120952733792365,0.012848133483203128,-0.03845670260488987,-0.11924011819064617,0.01812668889760971,-0.04420967027544975,-0.14911944791674614,0.014752920949831605,-0.05178443528711796,-0.17261122912168503,0.0011927643790841103,-0.018651393242180347,-0.09030139492824674,0.012578297479194589,-0.031704400666058064,-0.10354657657444477,0.031968201510608196,-0.03764919750392437,-0.08850028133019805,0.03143234457820654,-0.03751925937831402,-0.08407151233404875,0.023457438684999943,-0.009982014074921608,-0.0901778971310705,0.014295608620159328,-0.021083174739032984,-0.0860561621375382,0.03210209030658007,-0.022301429882645607,-0.07429969683289528,0.0366286588832736,-0.019678888376802206,-0.06944683007895947,0.025691031478345394,-0.012046639807522297,-0.06738580390810966,0.017892721574753523,-0.016069875797256827,-0.06962683983147144,0.027281821705400944,-0.019221171271055937,-0.07099528051912785,0.03325249161571264,-0.01710767298936844,-0.06443250924348831,0.01417464332189411
0.0,0.0,0.0,-0.007186755537986755,-0.03260299563407898,-0.009210538119077682,0.007512049749493599,-0.06281659472733736,-0.009184010326862335,0.028890633955597878,-0.08540358021855354,-0.020661357790231705,0.050465237349271774,-0.08615375123918056,-0.033143918961286545,0.01575198397040367,-0.083503732457757,-0.05682852992322296,0.028869036585092545,-0.11337857693433762,-0.0562717072898522,0.037802714854478836,-0.13612741231918335,-0.042818669229745865,0.04531160369515419,-0.1599423885345459,-0.028581611812114716,0.03273922251537442,-0.07207737397402525,-0.061663230415433645,0.05968499556183815,-0.09661835245788097,-0.04961411003023386,0.05355507880449295,-0.09032405726611614,-0.02141987904906273,0.040574091486632824,-0.07851337548345327,0.006922069936990738,0.04907906427979469,-0.05815273243933916,-0.0586197676602751,0.06796679645776749,-0.07509831432253122,-0.0433723209425807,0.06218618154525757,-0.06820062827318907,-0.01857582852244377,0.05115970503538847,-0.056790584698319435,0.001304037868976593,0.058531004935503006,-0.04198893718421459,-0.0469165900722146,0.07444553449749947,-0.057384549640119076,-0.036037977784872055,0.07272415608167648,-0.05530925188213587,-0.01310223713517189,0.06014522537589073,-0.04860041104257107,-0.0056795403361320496
0.0,0.0,0.0,-0.030254507437348366,-0.01922249048948288,-0.0032309144735336304,-0.03415680304169655,-0.04651990905404091,0.025046680122613907,-0.03479952923953533,-0.07039338536560535,0.04126107878983021,-0.034100839868187904,-0.07839786726981401,0.05316620506346226,-0.028131394647061825,-0.09095927933230996,0.016414576646639034,-0.039352014660835266,-0.1187860295176506,0.02112048864364624,-0.04553326219320297,-0.14822477102279663,0.016996450605802238,-0.05276869237422943,-0.1736486330628395,0.001290830783545971,-0.01921727741137147,-0.09094542544335127,0.016926686104852706,-0.03244295064359903,-0.10379332676529884,0.03589937277138233,-0.038688983768224716,-0.08865590370260179,0.03477248176932335,-0.038166625425219536,-0.08431598776951432,0.026788686402142048,-0.010291154030710459,-0.09016778436489403,0.018147150636650622,-0.021399233490228653,-0.0863839709199965,0.03697709180414677,-0.0228365957736969,-0.07464214414358139,0.03991459123790264,-0.020990320947021246,-0.07009880803525448,0.029773014597594738,-0.011088465340435505,-0.06795795634388924,0.02234286069869995,-0.016547791427001357,-0.07075431197881699,0.031718465499579906,-0.0194092026213184,-0.07134722918272018,0.03695041686296463,-0.018381730653345585,-0.06472988426685333,0.017272009514272213
0.0,0.0,0.0,-0.029028967954218388,-0.019570529460906982,-0.001972476951777935,-0.032035961747169495,-0.04569751024246216,0.027060218155384064,-0.03242769744247198,-0.06699190475046635,0.044069753028452396,-0.031084861606359482,-0.07417386677116156,0.05618749279528856,-0.026097577065229416,-0.08653351571410894,0.016612608334980905,-0.037380585446953773,-0.1126892939209938,0.021193288266658783,-0.04397697374224663,-0.14199570193886757,0.0160633095074445,-0.05101699382066727,-0.1664886325597763,-0.001053948886692524,-0.019502360373735428,-0.0859128360170871,0.015926476917229593,-0.03325336705893278,-0.09620289597660303,0.033001537434756756,-0.03874704800546169,-0.08272969955578446,0.029467939399182796,-0.037810154259204865,-0.07988199219107628,0.016797376330941916,-0.012499530799686909,-0.08470930601470172,0.015786865376867354,-0.024638039991259575,-0.07928819674998522,0.03259809222072363,-0.024180924519896507,-0.06954215280711651,0.033369564451277256,-0.021325232926756144,-0.06521384604275227,0.020696857944130898,-0.015327346744015813,-0.06296567246317863,0.018652331549674273,-0.02053205785341561,-0.0636824443936348,0.027602078393101692,-0.02231033332645893,-0.06429003737866879,0.03308663796633482,-0.01988811860792339,-0.05901557579636574,0.012572071049362421
0.0,0.0,0.0,-0.028651587665081024,-0.019317761063575745,-0.0019946713000535965,-0.031772950664162636,-0.045463886111974716,0.028467637486755848,-0.032369681634008884,-0.06620096601545811,0.0475951973348856,-0.03170618414878845,-0.07342972792685032,0.06320321932435036,-0.02498271269723773,-0.08486257772892714,0.01840271701803431,-0.03662252053618431,-0.11088165082037449,0.022854534909129143,-0.04373651370406151,-0.14013893902301788,0.01831577531993389,-0.05085854232311249,-0.16552028059959412,0.0015192460268735886,-0.01857985428068787,-0.08505184459500015,0.01847021747380495,-0.03295870032161474,-0.09558950364589691,0.03677395544946194,-0.03918014094233513,-0.08273516641929746,0.033779293298721313,-0.03790363296866417,-0.08105225767940283,0.02192157367244363,-0.011951234191656113,-0.08469624235294759,0.01925732649397105,-0.023953297175467014,-0.07905150228179991,0.038142940029501915,-0.02389750722795725,-0.07015628926455975,0.03929681330919266,-0.021733129397034645,-0.06739943008869886,0.02622600831091404,-0.014681019121780992,-0.06361380964517593,0.02277571801096201,-0.02055852091871202,-0.06421411037445068,0.033698877319693565,-0.021834959276020527,-0.06541603617370129,0.0401461198925972,-0.01942875632084906,-0.0601657759398222,0.019803237402811646
0.0,0.0,0.0,-0.02791528031229973,-0.019861437380313873,-0.003980598412454128,-0.03205479867756367,-0.048153284937143326,0.023149345070123672,-0.03258264437317848,-0.07142424583435059,0.04236348997801542,-0.029305079951882362,-0.07787436340004206,0.05631770472973585,-0.02503756247460842,-0.08777207578532398,0.013485776027664542,-0.03366984613239765,-0.1151407640427351,0.01764614414423704,-0.04221862927079201,-0.14462685585021973,0.012761380290612578,-0.0482379999011755,-0.17128732800483704,-0.0017236722633242607,-0.016297583701089025,-0.08899577567353845,0.017098090727813542,-0.029573293402791023,-0.09954423923045397,0.03481067065149546,-0.03694956377148628,-0.08742070500738919,0.032955859787762165,-0.034561969339847565,-0.08499032817780972,0.023437853902578354,-0.005811527371406555,-0.08607237914111465,0.01915208180435002,-0.018202610313892365,-0.08379474584944546,0.04048194829374552,-0.018217279575765133,-0.07519857678562403,0.042967009358108044,-0.018982490058988333,-0.06976382620632648,0.029865313321352005,-0.006746002472937107,-0.06598036922514439,0.02654412016272545,-0.014644198585301638,-0.06790168769657612,0.039823212660849094,-0.015811471035704017,-0.06835625693202019,0.048043533228337765,-0.016151826828718185,-0.06299841776490211,0.030742311850190163
0.0,0.0,0.0,-0.0282076271250844,-0.01946001499891281,-0.006472582928836346,-0.032175252214074135,-0.04676234349608421,0.019192017149180174,-0.03342325799167156,-0.06895996257662773,0.036883617751300335,-0.03163976315408945,-0.07449887879192829,0.05011539626866579,-0.025795466266572475,-0.08453361236024648,0.010196830611675978,-0.036218106746673584,-0.11041919328272343,0.013871731702238321,-0.04481145739555359,-0.1389852873980999,0.008832498453557491,-0.051290979608893394,-0.16633865237236023,-0.006719316355884075,-0.018344382289797068,-0.0859912633895874,0.015494064544327557,-0.03330080956220627,-0.094777412712574,0.033183042891323566,-0.039852164685726166,-0.08281540684401989,0.03179738949984312,-0.035958318039774895,-0.07954380195587873,0.020670015830546618,-0.00947763817384839,-0.08421919820830226,0.018501237500458956,-0.02289588935673237,-0.07970543811097741,0.04025548975914717,-0.022682074457406998,-0.07163885980844498,0.04170964565128088,-0.021367155015468597,-0.06586735509335995,0.029511389322578907,-0.010570984333753586,-0.06481150910258293,0.02701616007834673,-0.01940998062491417,-0.06519065983593464,0.04007089603692293,-0.019608479226008058,-0.06512374430894852,0.04606328997761011,-0.0187598979100585,-0.058958690613508224,0.02754031866788864
0.0,0.0,0.0,-0.007679775357246399,-0.0321761779487133,-0.008645310997962952,0.0074783749878406525,-0.06290904991328716,-0.00858139619231224,0.02947443537414074,-0.08612784370779991,-0.019784409552812576,0.05145094729959965,-0.08902997151017189,-0.03289404325187206,0.015340356156229973,-0.08378766290843487,-0.055277753388509154,0.028782742097973824,-0.1132863387465477,-0.054900859482586384,0.037997473031282425,-0.13552523404359818,-0.04244181979447603,0.045686885714530945,-0.15994840115308762,-0.03020402416586876,0.032354907132685184,-0.07229482010006905,-0.06044211355037987,0.05848831683397293,-0.09651093557476997,-0.04860112629830837,0.053091542795300484,-0.08980649895966053,-0.020829107612371445,0.04010190814733505,-0.07827011775225401,0.006065502762794495,0.04842548817396164,-0.05815839022397995,-0.057637057558167726,0.067623820155859,-0.07505606394261122,-0.04352388810366392,0.06164921075105667,-0.06843917723745108,-0.018910951912403107,0.05044332705438137,-0.05694533325731754,0.0008290372788906097,0.05740936100482941,-0.042097898200154305,-0.046207036823034286,0.07358215376734734,-0.05670942924916744,-0.03603195399045944,0.07192787528038025,-0.05544268153607845,-0.014086134731769562,0.0598602294921875,-0.04904036782681942,-0.007011856883764267
0.0,0.0,0.0,-0.027739389799535275,-0.019141782075166702,-0.006548739038407803,-0.030981793999671936,-0.04639945924282074,0.01899973675608635,-0.032034797593951225,-0.06661820504814386,0.03624603431671858,-0.03076161164790392,-0.07242468930780888,0.045515949837863445,-0.02519634598866105,-0.08289554249495268,0.00823768018744886,-0.036484476178884506,-0.10760408826172352,0.010505541693419218,-0.04560142755508423,-0.13620277494192123,0.006191897438839078,-0.05188579857349396,-0.16414670646190643,-0.0107880262658,-0.01950627693440765,-0.0833723449613899,0.01209724904038012,-0.035859256982803345,-0.09112685360014439,0.02821438666433096,-0.041376326233148575,-0.07865777844563127,0.026500103063881397,-0.03684302233159542,-0.07584041822701693,0.015188064891844988,-0.013122270815074444,-0.08115675474982709,0.013665468897670507,-0.02643665485084057,-0.07562178280204535,0.03357606288045645,-0.026240465231239796,-0.06722176633775234,0.03373532276600599,-0.023229691199958324,-0.06173718720674515,0.023142882622778416,-0.014774867799133062,-0.06171569600701332,0.021070159040391445,-0.02319199126213789,-0.06127751059830189,0.03224411141127348,-0.023068741895258427,-0.06232828460633755,0.035602823831140995,-0.021553232334554195,-0.05593050271272659,0.015377983450889587
0.0,0.0,0.0,-0.028035344555974007,-0.01917683333158493,-0.004896988160908222,-0.0310638640075922,-0.0472942516207695,0.02047428861260414,-0.03228430263698101,-0.07020105235278606,0.03780734073370695,-0.03125987388193607,-0.07820216566324234,0.04678885359317064,-0.02489575929939747,-0.08604297821875662,0.009857213473878801,-0.03500213287770748,-0.11322234757244587,0.013375480892136693,-0.04354054108262062,-0.14221006259322166,0.009725932846777141,-0.04955146834254265,-0.17012245953083038,-0.003771292045712471,-0.017567216767929494,-0.08710751915350556,0.013503226451575756,-0.03178010880947113,-0.09828419703990221,0.03100366424769163,-0.037782784551382065,-0.08514319080859423,0.03191080782562494,-0.03466920740902424,-0.08183304872363806,0.023929919116199017,-0.009160846937447786,-0.08462256600614637,0.014912690734490752,-0.021360197570174932,-0.08205237542279065,0.03596046473830938,-0.021482164040207863,-0.07291850168257952,0.03900406043976545,-0.020150247029960155,-0.06644837372004986,0.030192607082426548,-0.009947561658918858,-0.06520190089941025,0.022051556035876274,-0.017275649937801063,-0.06726500950753689,0.033818929456174374,-0.018387892516329885,-0.0682748518884182,0.039790368638932705,-0.018861152697354555,-0.06196402944624424,0.022189190611243248
0.0,0.0,0.0,-0.029339672066271305,-0.019447840750217438,-0.005466796457767487,-0.032530179247260094,-0.04772229865193367,0.019819402135908604,-0.033380454406142235,-0.0719485655426979,0.03646253049373627,-0.03173731453716755,-0.07990328315645456,0.04568758234381676,-0.02614358812570572,-0.08787152415607125,0.008475330891087651,-0.03561015985906124,-0.1164319459348917,0.011873604380525649,-0.04382178746163845,-0.14524619281291962,0.00838439166545868,-0.05022219382226467,-0.1727893203496933,-0.005197692662477493,-0.017364910570904613,-0.08880818076431751,0.01211700460407883,-0.030423911288380623,-0.10134340915828943,0.029597606509923935,-0.037375353276729584,-0.0883688167668879,0.030789567157626152,-0.03472476825118065,-0.08474857243709266,0.02328859455883503,-0.007757959887385368,-0.08654698473401368,0.01417469559237361,-0.019552170298993587,-0.08453085832297802,0.035249678418040276,-0.020599020645022392,-0.07534606102854013,0.03882550820708275,-0.019360432866960764,-0.06962942145764828,0.029978467151522636,-0.00784074841067195,-0.06649722903966904,0.021651004441082478,-0.015093636699020863,-0.06932554207742214,0.03338385187089443,-0.017228187527507544,-0.07033084519207478,0.03985948488116264,-0.01743306708522141,-0.06390499696135521,0.022234896197915077
0.0,0.0,0.0,-0.029185830615460873,-0.019226208329200745,-0.005845414474606514,-0.03351214900612831,-0.047165147960186005,0.01913730939850211,-0.03447744436562061,-0.07106862869113684,0.03676195442676544,-0.03389592468738556,-0.07842935156077147,0.048307524994015694,-0.026521960273385048,-0.0876457083504647,0.010051143122836947,-0.03640914335846901,-0.1149643324315548,0.013972235901746899,-0.04497797042131424,-0.1431855596601963,0.010776823852211237,-0.05178193375468254,-0.17160137742757797,-0.0033576469868421555,-0.017649764893576503,-0.08856731816194952,0.01518327184021473,-0.03258178010582924,-0.09867614042013884,0.03274540603160858,-0.03914003074169159,-0.08540455624461174,0.03282301872968674,-0.03603198938071728,-0.08190477546304464,0.024145119823515415,-0.008071720134466887,-0.08643180667422712,0.01772046834230423,-0.020636070519685745,-0.08231609431095421,0.0391712412238121,-0.02221682295203209,-0.0728972852230072,0.041417332366108894,-0.02070027682930231,-0.06633154302835464,0.032326553016901016,-0.007911678869277239,-0.06650728173553944,0.02597162965685129,-0.01622233889065683,-0.06753080897033215,0.03811357729136944,-0.01787542551755905,-0.06764553859829903,0.04349331744015217,-0.017687328392639756,-0.061094509437680244,0.026001710444688797
0.0,0.0,0.0,-0.02881784550845623,-0.019792430102825165,-0.007145104929804802,-0.03181466832756996,-0.0479414239525795,0.017277192324399948,-0.03281443379819393,-0.07211163826286793,0.03366364352405071,-0.032305359840393066,-0.08079237304627895,0.043814247474074364,-0.025702284649014473,-0.08861793344840407,0.006223681848496199,-0.03580087050795555,-0.11753799952566624,0.01030670537147671,-0.04411276988685131,-0.14722170680761337,0.006985572632402182,-0.05051428638398647,-0.17436964809894562,-0.006396935321390629,-0.017615567427128553,-0.08950128871947527,0.010615473496727645,-0.03216462396085262,-0.10181510634720325,0.027055198326706886,-0.037922877818346024,-0.08741969708353281,0.027086183428764343,-0.03496465086936951,-0.08279659040272236,0.019787169992923737,-0.008409150410443544,-0.087812440819107,0.013042282778769732,-0.019896763376891613,-0.0855630113510415,0.032949747517704964,-0.021326392889022827,-0.07556871976703405,0.03590617515146732,-0.01949339034035802,-0.068086052313447,0.027077702805399895,-0.008750203996896744,-0.06792355142533779,0.02078726701438427,-0.016074217157438397,-0.07047178968787193,0.031029431149363518,-0.017535180784761906,-0.0710440743714571,0.035946425050497055,-0.018339206697419286,-0.06399096734821796,0.018828791566193104
0.0,0.0,0.0,0.0,0.0,0.0,0.0,0.0,0.0,0.0,0.0,0.0,0.0,0.0,0.0,0.0,0.0,0.0,0.0,0.0,0.0,0.0,0.0,0.0,0.0,0.0,0.0,0.0,0.0,0.0,0.0,0.0,0.0,0.0,0.0,0.0,0.0,0.0,0.0,0.0,0.0,0.0,0.0,0.0,0.0,0.0,0.0,0.0,0.0,0.0,0.0,0.0,0.0,0.0,0.0,0.0,0.0,0.0,0.0,0.0,0.0,0.0,0.0
0.0,0.0,0.0,-0.02835071925073862,-0.01868502050638199,-0.0072104111313819885,-0.0314446147531271,-0.04645591601729393,0.01690823771059513,-0.03275539167225361,-0.0690747844055295,0.03286636248230934,-0.03273095190525055,-0.07613374944776297,0.0419121477752924,-0.02630287129431963,-0.08484610565938056,0.006672307848930359,-0.03760469704866409,-0.11120179668068886,0.009514727105852216,-0.04662624932825565,-0.14063891023397446,0.0062168550211936235,-0.052850717678666115,-0.16893863677978516,-0.007525773718953133,-0.019345151726156473,-0.08571852394379675,0.010995598277077079,-0.03519546799361706,-0.09576311986893415,0.02757539227604866,-0.040323179215192795,-0.08208127738907933,0.02810264565050602,-0.03688935376703739,-0.07861109776422381,0.01951265148818493,-0.01154779875651002,-0.0838998177787289,0.013016053009778261,-0.024172001983970404,-0.07989848218858242,0.03314977139234543,-0.024486619047820568,-0.07004869356751442,0.03599493019282818,-0.0220008697360754,-0.06267124786973,0.02720803953707218,-0.012111437041312456,-0.06472514756023884,0.020761976018548012,-0.02000151784159243,-0.0657261535525322,0.031480416655540466,-0.020573261426761746,-0.0655048992484808,0.03559282794594765,-0.020254338392987847,-0.05795039422810078,0.01782597042620182
0.0,0.0,0.0,-0.029096475802361965,-0.01945437490940094,-0.007603767327964306,-0.03242429718375206,-0.0477268286049366,0.01597765553742647,-0.03342634625732899,-0.07182887010276318,0.031675596721470356,-0.032687196508049965,-0.07909273309633136,0.04097683075815439,-0.026462430134415627,-0.08782482414972037,0.00529705616645515,-0.0375090055167675,-0.116090327501297,0.009169957134872675,-0.04582724906504154,-0.14551834389567375,0.005487986141815782,-0.05238106660544872,-0.1728149652481079,-0.008043729700148106,-0.01820220216177404,-0.08911833679303527,0.009843331528827548,-0.032973332330584526,-0.10024764202535152,0.02754757646471262,-0.03828013502061367,-0.08561690570786595,0.029585412703454494,-0.034944938495755196,-0.08093089517205954,0.02242565806955099,-0.008750766515731812,-0.087708551553078,0.0126063022762537,-0.020913800224661827,-0.08467807248234749,0.03317945171147585,-0.021867814473807812,-0.07421376556158066,0.03747414331883192,-0.01924493396654725,-0.0661510769277811,0.029258684255182743,-0.008693072944879532,-0.06817484460771084,0.02036178018897772,-0.01582159334793687,-0.07032116129994392,0.03157526161521673,-0.01732379454188049,-0.06961824744939804,0.03613777179270983,-0.016879442147910595,-0.06165820546448231,0.018628736957907677
0.0,0.0,0.0,-0.028771456331014633,-0.019745461642742157,-0.0060377707704901695,-0.03168045915663242,-0.04767325893044472,0.018484532833099365,-0.0332048274576664,-0.07102910988032818,0.033712717704474926,-0.03212302736938,-0.07885680720210075,0.04209438432008028,-0.026043049059808254,-0.08854589029215276,0.00875175406690687,-0.03667386434972286,-0.11633742600679398,0.012211432447656989,-0.04490027390420437,-0.14518774673342705,0.008073918521404266,-0.051149772480130196,-0.1720549240708351,-0.006238534115254879,-0.01782932411879301,-0.08932210016064346,0.012033518753014505,-0.031363096088171005,-0.10096664540469646,0.02922090981155634,-0.03744449466466904,-0.0870402054861188,0.029203115962445736,-0.035073256120085716,-0.08301117573864758,0.020814656279981136,-0.008786259219050407,-0.086996293743141,0.013989524450153112,-0.02017491264268756,-0.08439749758690596,0.03341419901698828,-0.021019745618104935,-0.07449401542544365,0.03611272107809782,-0.01915839151479304,-0.06824962049722672,0.02710768673568964,-0.008994084317237139,-0.06658577173948288,0.02052553929388523,-0.015766663011163473,-0.0685213040560484,0.03126163315027952,-0.017403973382897675,-0.06883903779089451,0.03584201913326979,-0.017016820842400193,-0.06248808465898037,0.016963956877589226
0.0,0.0,0.0,-0.028790113516151905,-0.019386783242225647,-0.006456075236201286,-0.03286209888756275,-0.04794576019048691,0.016849467996507883,-0.033975908532738686,-0.07187741529196501,0.0319033358246088,-0.03198235295712948,-0.07894336432218552,0.04046539030969143,-0.026569008827209473,-0.08854432438965887,0.006699888501316309,-0.036664361134171486,-0.11646320298314095,0.01054804096929729,-0.045477135106921196,-0.14522859081625938,0.006988140754401684,-0.05212823860347271,-0.17295579612255096,-0.006825068965554237,-0.017541478388011456,-0.08990916633047163,0.011221746914088726,-0.03168782219290733,-0.10074690729379654,0.02910790778696537,-0.03760705702006817,-0.0864094328135252,0.030820079147815704,-0.03413636237382889,-0.08173188706859946,0.022869175300002098,-0.007497756741940975,-0.08779675688128918,0.013856521807610989,-0.019549210090190172,-0.08484194613993168,0.03488841652870178,-0.020464071072638035,-0.07503416854888201,0.03829588368535042,-0.01825237972661853,-0.06745833717286587,0.029725000262260437,-0.006702844053506851,-0.06830464117228985,0.021758798509836197,-0.014469541609287262,-0.06991062872111797,0.03341880068182945,-0.016029344173148274,-0.0696613509207964,0.03849063999950886,-0.015426104422658682,-0.06215810403227806,0.020660454407334328
0.0,0.0,0.0,-0.02961019240319729,-0.018863573670387268,-0.007001158315688372,-0.033619098365306854,-0.047332171350717545,0.015494485851377249,-0.033579858019948006,-0.07150505483150482,0.030344614293426275,-0.03242402896285057,-0.07846501562744379,0.039434520062059164,-0.027409639209508896,-0.08769714832305908,0.003839031793177128,-0.03774308040738106,-0.11516858637332916,0.0064774134662002325,-0.046380529180169106,-0.14399467036128044,0.00310059217736125,-0.053389567881822586,-0.17250101268291473,-0.010581991169601679,-0.01850388408638537,-0.08863171748816967,0.009006486157886684,-0.03313750773668289,-0.1003672918304801,0.02525327866896987,-0.03898603096604347,-0.08689149981364608,0.026656364556401968,-0.036393288522958755,-0.08303408976644278,0.01928175101056695,-0.008969569578766823,-0.08734008355531842,0.012263729237020016,-0.02064482169225812,-0.08437879220582545,0.03226627176627517,-0.02207639254629612,-0.07471290789544582,0.03605930460616946,-0.020909423008561134,-0.0678901057690382,0.02733915252611041,-0.008438695222139359,-0.06761167384684086,0.02105170814320445,-0.016439141472801566,-0.0696641243994236,0.03203885583207011,-0.018354461179114878,-0.06969484128057957,0.03772201342508197,-0.018903711112216115,-0.06275542080402374,0.02089582895860076
0.0,0.0,0.0,-0.0177246555685997,-0.031144529581069946,0.002693017479032278,-0.011978648602962494,-0.06087412312626839,0.020897746551781893,0.007385134696960449,-0.08996563218533993,0.03837984660640359,0.028342802077531815,-0.09685622062534094,0.04748425493016839,0.0021396763622760773,-0.10222283191978931,-0.0038300242740660906,0.008396413177251816,-0.1347818300127983,0.0038620871491730213,0.009855512529611588,-0.16275163739919662,0.01140940049663186,0.006777916103601456,-0.18386206030845642,0.01279843645170331,0.028882779646664858,-0.09330806042999029,-0.006702673970721662,0.04399774968624115,-0.10621352307498455,0.017254399601370096,0.03402837133035064,-0.09448160231113434,0.041536612901836634,0.02183753438293934,-0.08443932421505451,0.06243890756741166,0.05207660235464573,-0.07729686796665192,-0.006573268095962703,0.05635746568441391,-0.08205850794911385,0.0221422896720469,0.048225535079836845,-0.07182700466364622,0.040861541870981455,0.03895180486142635,-0.05909595638513565,0.05128459492698312,0.06293012574315071,-0.05617794953286648,-0.00029650935903191566,0.0691651962697506,-0.06427998468279839,0.01936691300943494,0.06353229656815529,-0.05991001054644585,0.039199324790388346,0.0543864443898201,-0.048659250140190125,0.039272783789783716
0.0,0.0,0.0,-0.0026877783238887787,-0.02817908674478531,0.008508529514074326,0.013098184019327164,-0.0556597039103508,0.0171298086643219,0.035666584968566895,-0.07458210876211524,0.016169678419828415,0.05314435809850693,-0.07835420547053218,0.004700168967247009,0.02660697791725397,-0.09033775702118874,-0.023461727425456047,0.037271130830049515,-0.11762005090713501,-0.025131615810096264,0.04459038004279137,-0.13259898126125336,-0.016129879280924797,0.05043135583400726,-0.15123578161001205,-0.00756925530731678,0.03833809727802873,-0.08130184933543205,-0.03387067362200469,0.06049373187124729,-0.09939892590045929,-0.02033438067883253,0.04992937482893467,-0.08930258918553591,0.0075240544974803925,0.04135352140292525,-0.07546485579223372,0.03698927164077759,0.05036668013781309,-0.06708268076181412,-0.040567709133028984,0.06447916477918625,-0.07728558219969273,-0.02412243001163006,0.05552336387336254,-0.06640290468931198,0.0048177726566791534,0.04412417113780975,-0.05336647108197212,0.027423903346061707,0.05346160102635622,-0.048712654039263725,-0.037310728803277016,0.06500925868749619,-0.05783643387258053,-0.025646502152085304,0.06149528734385967,-0.05850780010223389,-0.0014081448316574097,0.05186615977436304,-0.051061540842056274,0.00820177048444748
0.0,0.0,0.0,-0.027682711370289326,-0.020087026059627533,-0.006272659637033939,-0.031062904745340347,-0.04760223627090454,0.01857578195631504,-0.03188183717429638,-0.07043723110109568,0.03478238079696894,-0.02967623621225357,-0.07735212938860059,0.044620844535529613,-0.024533581919968128,-0.08696530654560775,0.007958619855344296,-0.03431457839906216,-0.11365721747279167,0.011323902639560401,-0.043180059641599655,-0.14254705607891083,0.006735920440405607,-0.04989514872431755,-0.16905197501182556,-0.008587387390434742,-0.017054551746696234,-0.08793186931870878,0.011883386527188122,-0.03121570684015751,-0.09838211536407471,0.028570418246090412,-0.037639617919921875,-0.08550450578331947,0.027029779739677906,-0.034640537574887276,-0.08250535721890628,0.016736083198338747,-0.007919590454548597,-0.08561651001218706,0.01409891527146101,-0.01992353657260537,-0.08300210279412568,0.03460684139281511,-0.02058704337105155,-0.07542204856872559,0.03547500912100077,-0.019784496631473303,-0.06901838257908821,0.02391307894140482,-0.008732730988413095,-0.06589887663722038,0.021461648866534233,-0.016535129165276885,-0.06733807362616062,0.03371866140514612,-0.017416063230484724,-0.06811033561825752,0.039905584417283535,-0.017648208420723677,-0.06224757619202137,0.020797147415578365
0.0,0.0,0.0,-0.029901208356022835,-0.02029641717672348,-0.005219476297497749,-0.03267331048846245,-0.047829870134592056,0.022453111596405506,-0.0333348847925663,-0.07165753655135632,0.03896220959722996,-0.03352326527237892,-0.07938388083130121,0.051570069044828415,-0.026417744345963,-0.08841350069269538,0.01266732916701585,-0.03767416626214981,-0.11657814122736454,0.01656941929832101,-0.04494999162852764,-0.14587751775979996,0.012922491878271103,-0.05229000188410282,-0.17178000509738922,-0.002066606655716896,-0.01859412156045437,-0.08864689571782947,0.015162451774813235,-0.03306685388088226,-0.10135220922529697,0.03378518670797348,-0.0396141167730093,-0.08736668922938406,0.03268679231405258,-0.03843502141535282,-0.08395887166261673,0.022422682493925095,-0.01080790488049388,-0.0882294470211491,0.017279821215197444,-0.02246476337313652,-0.08436949411407113,0.037354884669184685,-0.02341568050906062,-0.07493085227906704,0.040019964799284935,-0.021134877111762762,-0.06981527805328369,0.02829420194029808,-0.012311848811805248,-0.06688614375889301,0.02280436921864748,-0.018951614503748715,-0.06909587793052197,0.033753616735339165,-0.020958790322765708,-0.07006052881479263,0.03903672471642494,-0.01999085023999214,-0.06290047615766525,0.01963692158460617
0.0,0.0,0.0,-0.029875810258090496,-0.019022561609745026,-0.004471220076084137,-0.03430512547492981,-0.04673332720994949,0.02109138946980238,-0.0351223386824131,-0.0697123371064663,0.03889593668282032,-0.034797219559550285,-0.07730506360530853,0.049109213054180145,-0.027845043689012527,-0.08695111481938511,0.013625011895783246,-0.03868835046887398,-0.11444739997386932,0.01700720051303506,-0.04753972962498665,-0.14283577352762222,0.013285971246659756,-0.053987063467502594,-0.17153732478618622,-0.0007353182882070541,-0.019485846161842346,-0.08807627228088677,0.017754217144101858,-0.03405500203371048,-0.0993589824065566,0.03375421464443207,-0.040313720703125,-0.08594625140540302,0.033160800114274025,-0.03872229345142841,-0.08335554180666804,0.023562991060316563,-0.010385003872215748,-0.08603975479491055,0.018895473331212997,-0.02247506333515048,-0.0828403034247458,0.03910771384835243,-0.02303022053092718,-0.07430173177272081,0.04056995548307896,-0.02164851315319538,-0.06875565834343433,0.030430112965404987,-0.009581081569194794,-0.06559839099645615,0.025594571605324745,-0.017852848628535867,-0.0680285096168518,0.03648224472999573,-0.019844316877424717,-0.06859336979687214,0.040297890082001686,-0.01976926065981388,-0.062146635726094246,0.021373418625444174
0.0,0.0,0.0,-0.028508189134299755,-0.018170788884162903,-0.0037997066974639893,-0.032739248126745224,-0.04513875022530556,0.02278697257861495,-0.03355451114475727,-0.06638826988637447,0.04129278473556042,-0.03328623902052641,-0.07350617460906506,0.053478436544537544,-0.02701389603316784,-0.08332142326980829,0.0145450223935768,-0.03816758841276169,-0.10830416716635227,0.01790659874677658,-0.0479305274784565,-0.1368439495563507,0.013390889158472419,-0.05451981723308563,-0.16543005406856537,-0.00309932604432106,-0.019880616338923573,-0.08428495051339269,0.01819840702228248,-0.03510686196386814,-0.09282824024558067,0.0345353651791811,-0.041135748848319054,-0.08046408067457378,0.032643646001815796,-0.037927789613604546,-0.0793586689978838,0.020835145842283964,-0.011785772163420916,-0.08203107141889632,0.019690291257575154,-0.02453451044857502,-0.07704168139025569,0.039891479536890984,-0.024082336109131575,-0.06884521339088678,0.04162926785647869,-0.022595710586756468,-0.06418416649103165,0.02989399340003729,-0.011942367535084486,-0.06222199276089668,0.026685730554163456,-0.020442691165953875,-0.06284843757748604,0.03864230588078499,-0.021165283396840096,-0.06331967562437057,0.04418574459850788,-0.020442814100533724,-0.05715356953442097,0.026071954518556595
0.0,0.0,0.0,-0.029082011431455612,-0.018856331706047058,-0.004036327823996544,-0.03394423797726631,-0.04555924981832504,0.023853676859289408,-0.03508833050727844,-0.06733649782836437,0.0422514658421278,-0.03406166471540928,-0.07337816059589386,0.05619123391807079,-0.02796208392828703,-0.08413914195261896,0.015712871681898832,-0.03807990252971649,-0.10942091047763824,0.019829064840450883,-0.04746511019766331,-0.137795589864254,0.014694594079628587,-0.054553449153900146,-0.16546394675970078,-0.0018814243376255035,-0.01969012920744717,-0.08547185501083732,0.01979773142375052,-0.03430393151938915,-0.09399828780442476,0.03753573074936867,-0.040836574509739876,-0.08202392817474902,0.035948608070611954,-0.03712500259280205,-0.08112470037303865,0.02452556835487485,-0.010412081144750118,-0.08298255002591759,0.021614884957671165,-0.0234745261259377,-0.07833145605400205,0.043446630239486694,-0.022996637504547834,-0.07108726166188717,0.04557868279516697,-0.02150711789727211,-0.06731199380010366,0.03363042324781418,-0.010323516558855772,-0.06314750015735626,0.028493803925812244,-0.019119045697152615,-0.06401113048195839,0.04256187006831169,-0.01986295636743307,-0.06472691521048546,0.050236983224749565,-0.01886776858009398,-0.059440942481160164,0.03317557182163
0.0,0.0,0.0,-0.022832509130239487,-0.020311832427978516,-0.006112910807132721,-0.030969936400651932,-0.04539201036095619,-0.017574265599250793,-0.03820567950606346,-0.06656595878303051,-0.05015502142487094,-0.030346624553203583,-0.08483006339520216,-0.07110514678061008,-0.011436192318797112,-0.08585393708199263,-0.037364774383604527,-0.02187170460820198,-0.10959492623806,-0.04869458230677992,-0.02809562161564827,-0.1295357272028923,-0.05366961611434817,-0.03493919596076012,-0.1488267406821251,-0.06989241018891335,0.0038774979766458273,-0.07995504792779684,-0.046945659909397364,-0.01709918864071369,-0.09025084786117077,-0.06150038447231054,-0.0298754945397377,-0.06605750881135464,-0.04849998699501157,-0.014505675062537193,-0.04923658445477486,-0.025683220475912094,0.015150911174714565,-0.06557455891743302,-0.05842863954603672,-0.012839185073971748,-0.0627747057005763,-0.06826234050095081,-0.019073540344834328,-0.043311625719070435,-0.052633649203926325,-0.007919194176793098,-0.028941676020622253,-0.03241613879799843,0.01454394031316042,-0.046201176941394806,-0.06206299364566803,-0.0063940733671188354,-0.049599528312683105,-0.06841653399169445,-0.009949952363967896,-0.03625568747520447,-0.05859694071114063,-0.0011400114744901657,-0.025449194014072418,-0.04339334648102522
0.0,0.0,0.0,-0.02953149564564228,-0.019773468375205994,-0.0054418789222836494,-0.03364736307412386,-0.04777055233716965,0.020960248075425625,-0.0338756563141942,-0.07136675342917442,0.03794348891824484,-0.032555016689002514,-0.07812125701457262,0.050485904328525066,-0.026804059743881226,-0.08691225957591087,0.011358797550201416,-0.03587877098470926,-0.11381452158093452,0.0149193094111979,-0.04531238693743944,-0.14271951466798782,0.00993672851473093,-0.0519847022369504,-0.17009511590003967,-0.005355083383619785,-0.017700932919979095,-0.08803481888025999,0.015858931466937065,-0.03160983417183161,-0.09903709311038256,0.033111860044300556,-0.03864831384271383,-0.08730380330234766,0.03194755036383867,-0.03600962366908789,-0.0858775400556624,0.021609873045235872,-0.007850917056202888,-0.08546729513909668,0.018322298768907785,-0.020422179717570543,-0.08292878558859229,0.040151105262339115,-0.020118078216910362,-0.07537349127233028,0.04312943760305643,-0.0195127185434103,-0.07104280218482018,0.03145207930356264,-0.007368428632616997,-0.06524999067187309,0.026015848852694035,-0.016243031714111567,-0.06757750548422337,0.03952134121209383,-0.01737330504693091,-0.06872723996639252,0.04783626180142164,-0.017265407368540764,-0.06324552558362484,0.031554351560771465
0.0,0.0,0.0,-0.030685248784720898,-0.019533783197402954,-0.0042654601857066154,-0.034955261275172234,-0.047488775104284286,0.02227373467758298,-0.03567047044634819,-0.07122897356748581,0.04011835251003504,-0.03390238247811794,-0.0787085946649313,0.051080445758998394,-0.02887476608157158,-0.08763158670626581,0.013261470710858703,-0.03774070926010609,-0.11482830345630646,0.01670527085661888,-0.04681822285056114,-0.14457901194691658,0.01249072840437293,-0.05306257866322994,-0.17190730571746826,-0.0016243057325482368,-0.019119096221402287,-0.08881260873749852,0.016714797588065267,-0.03317196108400822,-0.10050784982740879,0.0340353986248374,-0.03935263864696026,-0.08831977052614093,0.03363192733377218,-0.036814991384744644,-0.08695887611247599,0.024933802895247936,-0.008566091768443584,-0.08638827595859766,0.01793111488223076,-0.021008258685469627,-0.0844971698243171,0.039338565431535244,-0.020582441706210375,-0.07612726837396622,0.043559533543884754,-0.019902334781363606,-0.07191378250718117,0.03252933640033007,-0.0074726250022649765,-0.06582148373126984,0.024390824139118195,-0.01588473841547966,-0.06890081241726875,0.03725170437246561,-0.017680714488960803,-0.07056082040071487,0.04468326363712549,-0.01767421024851501,-0.06487326137721539,0.02829839661717415
0.0,0.0,0.0,-0.029659293591976166,-0.019337326288223267,-0.004533938132226467,-0.03435517102479935,-0.047246579080820084,0.01976646902039647,-0.034339789301157,-0.07006004732102156,0.035900198854506016,-0.03368882276117802,-0.07640563696622849,0.04566300753504038,-0.027686914429068565,-0.08690987480804324,0.009832956129685044,-0.038064585998654366,-0.11278393864631653,0.012711316638160497,-0.047143854200839996,-0.14070313051342964,0.009037125390022993,-0.054518766701221466,-0.1695898473262787,-0.005616192705929279,-0.01918158237822354,-0.08744248910807073,0.013978355098515749,-0.03422275744378567,-0.09760295879095793,0.030104092322289944,-0.04091273434460163,-0.08516581985168159,0.03072726633399725,-0.03804195672273636,-0.0834942099172622,0.021003855392336845,-0.010305618401616812,-0.0854978373972699,0.01578714489005506,-0.02320155967026949,-0.08157311752438545,0.03708247374743223,-0.023827132768929005,-0.07341134641319513,0.04033210966736078,-0.022080030292272568,-0.06856527738273144,0.030672726221382618,-0.009968056343495846,-0.06528639607131481,0.02326764166355133,-0.018730458803474903,-0.0672652181237936,0.03558091726154089,-0.020153403282165527,-0.06795994564890862,0.04228247236460447,-0.019792945589870214,-0.06120365113019943,0.02557864598929882
0.0,0.0,0.0,-0.030844608321785927,-0.019045010209083557,-0.0038473503664135933,-0.03431334160268307,-0.046824079006910324,0.02333422191441059,-0.03657864034175873,-0.07028173841536045,0.04191770497709513,-0.0371580608189106,-0.07804076187312603,0.05304956529289484,-0.028924833051860332,-0.08748100278899074,0.014653848425950855,-0.04135729745030403,-0.11595117673277855,0.01874692365527153,-0.04873482137918472,-0.14453092217445374,0.015540501587565814,-0.05585792288184166,-0.1723426878452301,0.0009484654292464256,-0.020912687061354518,-0.08864083210937679,0.01722743979189545,-0.036358872428536415,-0.10071126278489828,0.03572708088904619,-0.041919706389307976,-0.08615352539345622,0.0358218876644969,-0.03937356173992157,-0.08255001436918974,0.026210064999759197,-0.012452038936316967,-0.08780059008859098,0.018352992832660675,-0.02557867905125022,-0.08398406393826008,0.0393183222040534,-0.02571981679648161,-0.07314502820372581,0.04270672518759966,-0.021750031039118767,-0.06779583357274532,0.03442294429987669,-0.012632559519261122,-0.0676558818668127,0.02385891042649746,-0.01987742306664586,-0.06981382519006729,0.0351268807426095,-0.021880771266296506,-0.06961449980735779,0.0392787279561162,-0.0204988953191787,-0.06225770339369774,0.019696124363690615
0.0,0.0,0.0,-0.032089678570628166,-0.019957952201366425,-0.004703070968389511,-0.035110924392938614,-0.04684100300073624,0.024425082840025425,-0.0374244749546051,-0.0718049593269825,0.04006737098097801,-0.03771437890827656,-0.08094053994864225,0.05270426161587238,-0.029923793859779835,-0.09022521320730448,0.013570290408097208,-0.041485194116830826,-0.11973502114415169,0.018741245847195387,-0.04781090468168259,-0.14806390553712845,0.01500431599561125,-0.05626441165804863,-0.17259524762630463,-0.00020777713507413864,-0.02022098482120782,-0.09009448299184442,0.015022056380985305,-0.03315933234989643,-0.10341294854879379,0.03591590374708176,-0.04026520997285843,-0.08934074803255498,0.03619324043393135,-0.039062973111867905,-0.08673791494220495,0.02715156227350235,-0.011009962297976017,-0.08994961576536298,0.017691605258733034,-0.022350981831550598,-0.08623161213472486,0.03825356066226959,-0.024171615950763226,-0.07551747374236584,0.04389474540948868,-0.0211816537193954,-0.07234607916325331,0.03374357707798481,-0.012067100964486599,-0.0675947517156601,0.022447769064456224,-0.01719034044072032,-0.07002545148134232,0.034590622410178185,-0.020213735871948302,-0.0712811965495348,0.04175173491239548,-0.018402663059532642,-0.0649526622146368,0.023872586898505688
0.0,0.0,0.0,-0.02310476079583168,-0.021248292177915573,-0.006326951086521149,-0.03241720795631409,-0.0465092808008194,-0.019296718761324883,-0.038885295391082764,-0.06773932464420795,-0.05208149063400924,-0.030255842953920364,-0.08640562370419502,-0.07187120243906975,-0.011907277628779411,-0.08637815620750189,-0.0379896592348814,-0.02203032188117504,-0.110342126339674,-0.04925335731240921,-0.028004217892885208,-0.12933417409658432,-0.05494874529540539,-0.034136611968278885,-0.1486431509256363,-0.07237495668232441,0.00419393484480679,-0.0806167209520936,-0.046443263068795204,-0.016205957159399986,-0.09169421903789043,-0.06300076842308044,-0.02953997254371643,-0.06774436309933662,-0.05065728898625821,-0.015185076743364334,-0.05080380663275719,-0.02795780636370182,0.015820953994989395,-0.06601904286071658,-0.0575316222384572,-0.012301811948418617,-0.06339950021356344,-0.06861858442425728,-0.01946057751774788,-0.04417930915951729,-0.05349037190899253,-0.008375396952033043,-0.029814600944519043,-0.03324925899505615,0.01497858390212059,-0.046389393508434296,-0.06086543295532465,-0.005647379904985428,-0.05028228461742401,-0.06854040548205376,-0.009650351479649544,-0.03729849308729172,-0.05968138016760349,-0.00042608194053173065,-0.027197472751140594,-0.043959871865808964
0.0,0.0,0.0,-0.03081675712019205,-0.019976302981376648,-0.005497915670275688,-0.03420424647629261,-0.047884389758110046,0.019752262160182,-0.03558705560863018,-0.07254103105515242,0.03346441686153412,-0.03549007512629032,-0.08114206977188587,0.04342804104089737,-0.02793842926621437,-0.08999973186291754,0.007818279787898064,-0.038842933252453804,-0.11919939145445824,0.012019392102956772,-0.04654657654464245,-0.14737744629383087,0.008397314231842756,-0.05430584400892258,-0.17334863543510437,-0.0061528682708740234,-0.018390716635622084,-0.09032681491225958,0.010642349137924612,-0.030979804694652557,-0.10294304322451353,0.0299863088876009,-0.038350317627191544,-0.08897744095884264,0.0324176624417305,-0.03688722103834152,-0.08519352530129254,0.023700835183262825,-0.009378718677908182,-0.08955965260975063,0.013725754106417298,-0.019733851309865713,-0.08632007706910372,0.03462368994951248,-0.022153979167342186,-0.07652449980378151,0.03980269469320774,-0.01990938768722117,-0.0715384092181921,0.030856141820549965,-0.009182803332805634,-0.0683506540954113,0.020524130202829838,-0.01493824296630919,-0.07114210166037083,0.032139139249920845,-0.017655813368037343,-0.07207915559411049,0.03897375799715519,-0.017016414320096374,-0.06530876643955708,0.021486883983016014
0.0,0.0,0.0,-0.03051550779491663,-0.020234107971191406,-0.0037220418453216553,-0.032751042395830154,-0.0465354286134243,0.02523003052920103,-0.03306715562939644,-0.0692277317866683,0.04063171707093716,-0.03298915922641754,-0.07634053193032742,0.053205959498882294,-0.027583688497543335,-0.08767448272556067,0.014558153234247584,-0.03916110284626484,-0.1149090826511383,0.019754792097955942,-0.045786021277308464,-0.1441410668194294,0.014828955696430057,-0.05405339226126671,-0.16794557869434357,-0.0026771482080221176,-0.0200038505718112,-0.08716334262862802,0.01515532098710537,-0.03403704706579447,-0.09875657968223095,0.033679135143756866,-0.04008799046278,-0.08417492965236306,0.0313486997038126,-0.03894432634115219,-0.08116658986546099,0.01910129887983203,-0.01334568951278925,-0.08694414794445038,0.016758145298808813,-0.024964936077594757,-0.0811560545116663,0.034898003563284874,-0.02547325659543276,-0.07132566068321466,0.037436580285429955,-0.02188092959113419,-0.06722325831651688,0.024523425847291946,-0.016241574892774224,-0.06439737230539322,0.020634735003113747,-0.021162929013371468,-0.0652888473123312,0.030971918255090714,-0.023205505218356848,-0.06630889885127544,0.0370869692414999,-0.020253575639799237,-0.05997121520340443,0.01732654287479818
0.0,0.0,0.0,-0.030817728489637375,-0.018669091165065765,-0.003901200369000435,-0.034884775057435036,-0.04678485170006752,0.023272405844181776,-0.03550061024725437,-0.07080046646296978,0.04107432812452316,-0.03515605442225933,-0.07800441049039364,0.05382530577480793,-0.02894621342420578,-0.08900478214491159,0.014837691909633577,-0.04002046957612038,-0.11660086736083031,0.019543938571587205,-0.0480375811457634,-0.14520229399204254,0.016663545262417756,-0.05522170662879944,-0.17267397046089172,0.00199256744235754,-0.020059616770595312,-0.09008051385171711,0.017790125450119376,-0.03394920006394386,-0.10131361894309521,0.036601392552256584,-0.0403932798653841,-0.08685071440413594,0.03798222541809082,-0.03918943926692009,-0.08248411864042282,0.028568643145263195,-0.010720484890043736,-0.08878435206133872,0.01958076120354235,-0.02242254838347435,-0.08436081907711923,0.04028957523405552,-0.023801917675882578,-0.07443870883435011,0.04417516849935055,-0.022191558266058564,-0.06867254711687565,0.03449433296918869,-0.010383895598351955,-0.06787602417171001,0.025801208801567554,-0.01732882810756564,-0.07017889060080051,0.036958325654268265,-0.01964474213309586,-0.07020634971559048,0.042221663519740105,-0.018593207001686096,-0.06260043382644653,0.022808351553976536
0.0,0.0,0.0,-0.028695343993604183,-0.01895134150981903,-0.0015828590840101242,-0.03247109428048134,-0.04710104689002037,0.026478740386664867,-0.031556386500597,-0.07026375271379948,0.044563207775354385,-0.029926803894340992,-0.07668997813016176,0.05858411267399788,-0.025526447221636772,-0.08857962442561984,0.017496576940175146,-0.03619535639882088,-0.11501782201230526,0.02267397567629814,-0.04393545910716057,-0.14395367726683617,0.018373541184701025,-0.050835125148296356,-0.17075029015541077,0.002682679332792759,-0.0178910760441795,-0.08841849630698562,0.01918176980689168,-0.031315178610384464,-0.10007961839437485,0.03814933821558952,-0.03783603757619858,-0.08548639249056578,0.037845415994524956,-0.036110034212470055,-0.0811515199020505,0.027235898189246655,-0.009199006482958794,-0.08657967241015285,0.020352650666609406,-0.02060650149360299,-0.08229476190172136,0.04098816029727459,-0.021270180121064186,-0.07218877971172333,0.04395977035164833,-0.01999574899673462,-0.06675070896744728,0.03222171030938625,-0.009936068207025528,-0.06496216543018818,0.02590749692171812,-0.01640308927744627,-0.06705950200557709,0.03717716969549656,-0.018059136113151908,-0.06769155524671078,0.04433333873748779,-0.017345478059723973,-0.061144426465034485,0.025178000796586275
0.0,0.0,0.0,-0.028801356442272663,-0.019818536937236786,-0.0011268332600593567,-0.03151701483875513,-0.046432316303253174,0.02860079612582922,-0.03196393884718418,-0.06871961802244186,0.04709511436522007,-0.03176165744662285,-0.0759272649884224,0.060873234644532204,-0.025663404725492,-0.08709642989560962,0.01986600275267847,-0.0375208854675293,-0.11377348192036152,0.025826241821050644,-0.044818609952926636,-0.14354108273983002,0.02115559298545122,-0.05141982063651085,-0.16917811334133148,0.00583573617041111,-0.019181257812306285,-0.08709315722808242,0.020741241634823382,-0.032647036015987396,-0.09867027588188648,0.039863431826233864,-0.03829432465136051,-0.08495550509542227,0.037930404767394066,-0.03746688552200794,-0.08188860886730254,0.02603896288201213,-0.01213141530752182,-0.08622807322535664,0.021581634413450956,-0.02406209334731102,-0.08119343081489205,0.04111141711473465,-0.023297631181776524,-0.07105421647429466,0.0437709279358387,-0.021098131546750665,-0.06636368110775948,0.030629021115601063,-0.014552884735167027,-0.06482867151498795,0.025235877837985754,-0.019824444083496928,-0.06609411351382732,0.03600940853357315,-0.02102088020183146,-0.06641237623989582,0.04267632216215134,-0.019356658216565847,-0.06027970463037491,0.023246105294674635
0.0,0.0,0.0,-0.023669127374887466,-0.02137843519449234,-0.00707823783159256,-0.03095381334424019,-0.04722565598785877,-0.019826412200927734,-0.038081876933574677,-0.06851260922849178,-0.05284595279954374,-0.029948770999908447,-0.08905932772904634,-0.0748399868607521,-0.010218197479844093,-0.08749646972864866,-0.04026458691805601,-0.02122742123901844,-0.10965502634644508,-0.05292746308259666,-0.027331717312335968,-0.12882216274738312,-0.058365977834910154,-0.03398067131638527,-0.14727316051721573,-0.07480638660490513,0.005815379321575165,-0.08077537640929222,-0.04968292312696576,-0.01553976722061634,-0.09108699485659599,-0.06508032232522964,-0.028584208339452744,-0.06636988744139671,-0.049837580882012844,-0.012295769527554512,-0.05111676640808582,-0.02616865746676922,0.0168234221637249,-0.06577208079397678,-0.06081154942512512,-0.011449970304965973,-0.06259492039680481,-0.07145840302109718,-0.017651433125138283,-0.04427263326942921,-0.05479449615813792,-0.006274241954088211,-0.029868170619010925,-0.032178547233343124,0.01515997014939785,-0.0457749180495739,-0.06379743479192257,-0.005218620412051678,-0.05100567825138569,-0.07198587618768215,-0.00855112075805664,-0.03784478083252907,-0.06225611828267574,-0.0012694932520389557,-0.026306092739105225,-0.04500599158927798
0.0,0.0,0.0,-0.028823329135775566,-0.018463827669620514,0.0005423333495855331,-0.032611122354865074,-0.04682213068008423,0.028990445658564568,-0.032458800822496414,-0.06970593705773354,0.05136872082948685,-0.032016435638070107,-0.07746193185448647,0.06662568636238575,-0.026035251095891,-0.0876217179466039,0.020163529752608156,-0.036337653174996376,-0.11424903571605682,0.02500420669093728,-0.0450076200067997,-0.14330336451530457,0.02188441075850278,-0.05168752372264862,-0.17221437394618988,0.008072377182543278,-0.018817542819306254,-0.08790975785814226,0.022088579135015607,-0.03213471919298172,-0.09963119868189096,0.039137860760092735,-0.03822076506912708,-0.08626067289151251,0.0383443720638752,-0.036873383447527885,-0.08366249152459204,0.028483272530138493,-0.009508919436484575,-0.08622393966652453,0.02208193961996585,-0.021169258281588554,-0.08279580250382423,0.043148111552000046,-0.021138902753591537,-0.07429888006299734,0.045575134456157684,-0.02063746191561222,-0.06902288645505905,0.03415866382420063,-0.00982341356575489,-0.06590120308101177,0.027934024576097727,-0.01685270480811596,-0.06764925457537174,0.039779121056199074,-0.019064231542870402,-0.06903706677258015,0.04776907525956631,-0.01927519589662552,-0.06318764761090279,0.029776391573250294
0.0,0.0,0.0,-0.028426794335246086,-0.017779789865016937,0.0016018971800804138,-0.03196760453283787,-0.04530010372400284,0.030555779114365578,-0.03229773510247469,-0.06681244634091854,0.05397977866232395,-0.03224224504083395,-0.07513147126883268,0.06869724951684475,-0.026157609187066555,-0.08519081585109234,0.022302619996480644,-0.03760083019733429,-0.11138865910470486,0.02705636713653803,-0.045988768339157104,-0.140522763133049,0.023811002494767308,-0.05225544050335884,-0.1693885624408722,0.008999601937830448,-0.02016131393611431,-0.08554511982947588,0.02330576116219163,-0.03407840430736542,-0.09707041457295418,0.039950206875801086,-0.039353687316179276,-0.08358662435784936,0.03811260871589184,-0.03767404519021511,-0.08111433451995254,0.027477458585053682,-0.012290527112782001,-0.08434960641898215,0.022274101502262056,-0.023969490081071854,-0.08056637737900019,0.04244794882833958,-0.023032262455672026,-0.0715203694999218,0.04404221102595329,-0.02158571663312614,-0.06635730527341366,0.03254362940788269,-0.01309298537671566,-0.06460187770426273,0.026979343499988317,-0.019597782753407955,-0.06565367616713047,0.037976061925292015,-0.021412390749901533,-0.06688400730490685,0.04477293789386749,-0.020814978051930666,-0.06083493120968342,0.025690235663205385
0.0,0.0,0.0,-0.03000805340707302,-0.01941078156232834,-0.0012329872697591782,-0.03327274136245251,-0.04681224003434181,0.02843643818050623,-0.03269561752676964,-0.06986626423895359,0.0478279497474432,-0.032485111616551876,-0.07710574846714735,0.06399115547537804,-0.02651120349764824,-0.08821404306218028,0.01897713731159456,-0.037493301555514336,-0.11490832269191742,0.024690555408596992,-0.044647255912423134,-0.1441495195031166,0.02065864170435816,-0.0526544488966465,-0.1697668358683586,0.005738973617553711,-0.018733523786067963,-0.08781209657900035,0.020183694548904896,-0.032117404974997044,-0.1002007108181715,0.03951720520853996,-0.03899644315242767,-0.08655305579304695,0.03955866955220699,-0.03890211321413517,-0.08411790523678064,0.029294378124177456,-0.01076073944568634,-0.08724170317873359,0.021143444115296006,-0.022067316342145205,-0.08227588585577905,0.04201179929077625,-0.022739795967936516,-0.07323002070188522,0.045306844636797905,-0.02119878982193768,-0.06941491365432739,0.033342648297548294,-0.01245692977681756,-0.06520875543355942,0.02572046546265483,-0.01843657111749053,-0.06712854281067848,0.037271980196237564,-0.020748694660142064,-0.06797373481094837,0.04504597932100296,-0.01933914632536471,-0.06208174303174019,0.026004588697105646
0.0,0.0,0.0,-0.02970147505402565,-0.018099628388881683,-0.0014759190380573273,-0.03342946618795395,-0.045761432498693466,0.026302209123969078,-0.03375142440199852,-0.06749658286571503,0.04571987874805927,-0.03443797677755356,-0.07500375341624022,0.05835094302892685,-0.027308606542646885,-0.08601444470696151,0.017944365768926218,-0.03921731747686863,-0.11202098242938519,0.021259727189317346,-0.04756602272391319,-0.14060590788722038,0.01705295406281948,-0.0546129085123539,-0.16890129446983337,0.0010568294674158096,-0.02071539405733347,-0.08680979022756219,0.020218636840581894,-0.03503818064928055,-0.09798146318644285,0.035867778584361076,-0.040951818227767944,-0.08433237764984369,0.0338001511991024,-0.039239225909113884,-0.08242273097857833,0.022612113505601883,-0.013302032835781574,-0.0856355323921889,0.020220484351739287,-0.025156466756016016,-0.08082337840460241,0.03957224078476429,-0.024807379581034184,-0.07239696290344,0.040853215381503105,-0.023057169280946255,-0.06789607368409634,0.029314808547496796,-0.013450570404529572,-0.06534117460250854,0.02571106143295765,-0.021299685584381223,-0.0671140793710947,0.03625493310391903,-0.02322119055315852,-0.06779495440423489,0.04164813831448555,-0.022491636220365763,-0.060788290575146675,0.02200266532599926
0.0,0.0,0.0,-0.030202172696590424,-0.017712131142616272,-0.0011148899793624878,-0.034262241795659065,-0.045135241001844406,0.02615775726735592,-0.034137736074626446,-0.06691363640129566,0.04601871967315674,-0.034540148451924324,-0.07393496297299862,0.0590363722294569,-0.027780460193753242,-0.08446051483042538,0.017107311519794166,-0.038998356088995934,-0.10995395295321941,0.0200882398057729,-0.04814758524298668,-0.13829739391803741,0.016104926471598446,-0.054942332208156586,-0.16756141185760498,0.0018358174711465836,-0.02078266814351082,-0.08558070007711649,0.020241504767909646,-0.03555559180676937,-0.09643014706671238,0.035486968234181404,-0.04148722440004349,-0.08374944538809359,0.03385261446237564,-0.03989278897643089,-0.08241314860060811,0.02254141867160797,-0.012479377444833517,-0.08396433875896037,0.02069837157614529,-0.025147664360702038,-0.07962373667396605,0.0411535669118166,-0.024215868208557367,-0.07211854308843613,0.04283446446061134,-0.02316707093268633,-0.06764214951545,0.031047766096889973,-0.012233041226863861,-0.06408383697271347,0.027377850376069546,-0.020802512299269438,-0.06604884751141071,0.03924908675253391,-0.022840186953544617,-0.06722012534737587,0.0462474599480629,-0.02234514756128192,-0.06107715889811516,0.027993886731565
0.0,0.0,0.0,-0.02328367531299591,-0.02121661603450775,-0.005831737071275711,-0.03079739585518837,-0.04753523878753185,-0.017175771296024323,-0.03699234500527382,-0.0686396174132824,-0.04985725658480078,-0.027911368757486343,-0.08851217478513718,-0.07153106108307838,-0.010675536468625069,-0.08749386575073004,-0.03695564717054367,-0.02062118798494339,-0.1103815957903862,-0.04879603497101925,-0.025950875133275986,-0.12971662357449532,-0.053518404718488455,-0.032579775899648666,-0.14875608682632446,-0.0699688233435154,0.0058507348876446486,-0.08099977159872651,-0.04644415667280555,-0.01522822305560112,-0.0915029663592577,-0.060950699262320995,-0.02911468967795372,-0.06731482967734337,-0.04659891943447292,-0.013642603531479836,-0.050555428490042686,-0.023411056026816368,0.0170242702588439,-0.06641783379018307,-0.057909646071493626,-0.011454110965132713,-0.06345758773386478,-0.06751125492155552,-0.018091274425387383,-0.0449250265955925,-0.05120800691656768,-0.0069912998005747795,-0.03036731481552124,-0.028694678097963333,0.015887941233813763,-0.046904291957616806,-0.06131204031407833,-0.004747066646814346,-0.05131073482334614,-0.06927656196057796,-0.008936307393014431,-0.039102256298065186,-0.05935851112008095,-0.0011677742004394531,-0.02746957540512085,-0.043055365327745676
0.0,0.0,0.0,-0.02958621084690094,-0.0174020454287529,-0.0016551464796066284,-0.034313395619392395,-0.044840216636657715,0.026990266051143408,-0.0341601837426424,-0.06750866118818521,0.04777976684272289,-0.03318098559975624,-0.07406115718185902,0.06551038660109043,-0.027496867813169956,-0.08369745034724474,0.0189322205260396,-0.03717910498380661,-0.10943830385804176,0.022536021191626787,-0.0466353390365839,-0.13851555064320564,0.016652431339025497,-0.05297625809907913,-0.16679434478282928,0.0018799751996994019,-0.019523851573467255,-0.08588107256218791,0.022826934116892517,-0.03363030217587948,-0.09618413262069225,0.03934454172849655,-0.039843590930104256,-0.08370344340801239,0.037084342911839485,-0.03787015751004219,-0.08262954885140061,0.02513621049001813,-0.009775214362889528,-0.0839877458056435,0.024306322680786252,-0.022628644946962595,-0.079768022056669,0.04511491023004055,-0.021354100201278925,-0.07237768173217773,0.04789367876946926,-0.021818683482706547,-0.06829543970525265,0.034169175662100315,-0.009356481954455376,-0.0640051644295454,0.03126907628029585,-0.018039856222458184,-0.06581869535148144,0.04466567933559418,-0.020338256610557437,-0.06650342233479023,0.05290320701897144,-0.01967184874229133,-0.06116305850446224,0.035576255060732365
0.0,0.0,0.0,-0.028464682400226593,-0.018428757786750793,0.00021865777671337128,-0.03228418529033661,-0.045705024152994156,0.030282044783234596,-0.03213697299361229,-0.06845839507877827,0.05332002229988575,-0.030300147831439972,-0.07539404835551977,0.07283149100840092,-0.025310587137937546,-0.08522683451883495,0.02145569701679051,-0.0343011524528265,-0.11210692301392555,0.026525233406573534,-0.04361027292907238,-0.1411919817328453,0.020735857309773564,-0.04988660477101803,-0.1691390946507454,0.00498008169233799,-0.017533959820866585,-0.08636435423977673,0.02437259827274829,-0.030298917554318905,-0.09752448741346598,0.04140893928706646,-0.03733188100159168,-0.08594776038080454,0.03749112319201231,-0.03516949340701103,-0.08477940107695758,0.025270448299124837,-0.0075088380835950375,-0.08380664663854986,0.025463123340159655,-0.019122188910841942,-0.08161111758090556,0.0466891173273325,-0.01875051110982895,-0.07461272459477186,0.0479312539100647,-0.019419002812355757,-0.07083043083548546,0.03291220497339964,-0.008261473383754492,-0.06335610523819923,0.03168578539043665,-0.015567289665341377,-0.06548095680773258,0.045990943908691406,-0.017119036405347288,-0.06727601774036884,0.05511580966413021,-0.017533266451209784,-0.06383897364139557,0.03778521716594696
0.0,0.0,0.0,-0.029871154576539993,-0.017369799315929413,-0.002148134633898735,-0.03515658341348171,-0.045724816620349884,0.025986977852880955,-0.0349890161305666,-0.06981255859136581,0.04737519845366478,-0.032886823639273643,-0.07632843498140574,0.06464662030339241,-0.028673868626356125,-0.086120794294402,0.01641229190863669,-0.03782288171350956,-0.11345305293798447,0.020980419358238578,-0.04662842117249966,-0.1421600989997387,0.01663201884366572,-0.05355999805033207,-0.1705119013786316,0.0020809564739465714,-0.018778557190671563,-0.08790868939831853,0.02101450099144131,-0.03191379830241203,-0.09888738859444857,0.03930327296257019,-0.03916837088763714,-0.08640345837920904,0.03920009545981884,-0.037533292546868324,-0.08319673407822847,0.028437471017241478,-0.007320661097764969,-0.0859474198659882,0.02329411869868636,-0.01953366701491177,-0.08282972173765302,0.04564322903752327,-0.019917327910661697,-0.07419842015951872,0.04949965514242649,-0.020712283439934254,-0.0689973495900631,0.03697419352829456,-0.006348622962832451,-0.06586532294750214,0.030887382104992867,-0.014285973040387034,-0.06824491359293461,0.0449730958789587,-0.01703541912138462,-0.06846360117197037,0.053831543773412704,-0.0170578695833683,-0.06283889338374138,0.037060437723994255
0.0,0.0,0.0,-0.03008408471941948,-0.01669679582118988,-4.38150018453598e-05,-0.03555874153971672,-0.04500189796090126,0.02965363161638379,-0.035619767382740974,-0.06892554834485054,0.05330771394073963,-0.03468853235244751,-0.0773621080443263,0.07061359100043774,-0.028773203492164612,-0.08583182992879301,0.02271291136275977,-0.038335781544446945,-0.1129363588988781,0.02746575023047626,-0.047508127987384796,-0.14162496104836464,0.023004260496236384,-0.054454486817121506,-0.17011792212724686,0.008362745866179466,-0.019512078259140253,-0.08778572781011462,0.02603576797991991,-0.032799504697322845,-0.09909333102405071,0.045249490067362785,-0.039327867329120636,-0.08638309920206666,0.045059530064463615,-0.03793409839272499,-0.08412725268863142,0.03397870250046253,-0.00884273275732994,-0.08548036136198789,0.026986737735569477,-0.02076794672757387,-0.08247732417657971,0.050038985908031464,-0.020852132234722376,-0.07440156023949385,0.05383153818547726,-0.020982949994504452,-0.06977789849042892,0.04218471609055996,-0.007665316574275494,-0.06525742635130882,0.03353242389857769,-0.015222664223983884,-0.06798286363482475,0.04757057875394821,-0.018061187583953142,-0.06867913529276848,0.056573497131466866,-0.017677761614322662,-0.06297580897808075,0.039876239374279976
0.0,0.0,0.0,-0.029922164976596832,-0.017497800290584564,-0.0013243947178125381,-0.03554067388176918,-0.046745575964450836,0.02672719582915306,-0.035521844401955605,-0.07188389450311661,0.047087594866752625,-0.033414293080568314,-0.07982564345002174,0.06380022689700127,-0.02846156619489193,-0.08809762145392597,0.017990477033890784,-0.037397973239421844,-0.11586157605051994,0.02223115204833448,-0.04659171588718891,-0.14457779750227928,0.01830025145318359,-0.05362764559686184,-0.17283309996128082,0.003955196589231491,-0.01819634484127164,-0.08980363584123552,0.021549496799707413,-0.03140944987535477,-0.10143779963254929,0.040597500279545784,-0.03806233033537865,-0.08863940590526909,0.04141956381499767,-0.03611607663333416,-0.08564142929390073,0.0321254963055253,-0.006557377986609936,-0.08725345449056476,0.023163190810009837,-0.018376576015725732,-0.08570039877668023,0.0466136708855629,-0.0188521402888,-0.07707368303090334,0.051344990730285645,-0.019623097963631153,-0.07220939733088017,0.04062739945948124,-0.005276641808450222,-0.06686921045184135,0.030524535104632378,-0.013010388240218163,-0.07025003619492054,0.04468943551182747,-0.016103900969028473,-0.07116973679512739,0.05419132858514786,-0.016127804992720485,-0.0656006895005703,0.03846819885075092
0.0,0.0,0.0,-0.024174369871616364,-0.020367689430713654,-0.0070118531584739685,-0.03382887318730354,-0.04541729390621185,-0.019928544759750366,-0.040171246975660324,-0.06741179712116718,-0.0527137229219079,-0.030694741755723953,-0.08654370531439781,-0.07263759523630142,-0.014765897765755653,-0.08587177842855453,-0.03753118962049484,-0.024059230461716652,-0.10961944237351418,-0.04926902742590755,-0.0299941748380661,-0.12909463047981262,-0.05465548485517502,-0.0366942435503006,-0.14818264544010162,-0.07223441824316978,0.0026641807053238153,-0.08015685807913542,-0.046604575123637915,-0.018085218966007233,-0.09028377197682858,-0.06279127486050129,-0.03036334365606308,-0.06632914673537016,-0.051199429435655475,-0.01656370982527733,-0.04992537014186382,-0.02935798279941082,0.015097931027412415,-0.06597620900720358,-0.05780332442373037,-0.013196442276239395,-0.06277292035520077,-0.0683146957308054,-0.019825376570224762,-0.04285328648984432,-0.05310755409300327,-0.008645696565508842,-0.02861190214753151,-0.03305601142346859,0.015318706631660461,-0.046295881271362305,-0.06074008531868458,-0.005383200943470001,-0.05025216564536095,-0.06837275065481663,-0.01035479549318552,-0.0379728302359581,-0.05964939575642347,-0.002158086746931076,-0.027673810720443726,-0.04381621861830354
0.0,0.0,0.0,-0.030343851074576378,-0.018800273537635803,-0.003981005400419235,-0.03518356755375862,-0.04673363268375397,0.022315315902233124,-0.036157043650746346,-0.07065733894705772,0.039862776175141335,-0.03505219332873821,-0.07800859026610851,0.05173429474234581,-0.02889534831047058,-0.08750383020378649,0.013894977397285402,-0.03808740898966789,-0.11452496610581875,0.018041777657344937,-0.04756876081228256,-0.14411428570747375,0.014810379419941455,-0.05402323231101036,-0.17185568064451218,0.0017199981957674026,-0.019338620360940695,-0.08920806157402694,0.017625126522034407,-0.03357689268887043,-0.10048983804881573,0.035184064880013466,-0.03971127234399319,-0.08769049565307796,0.03603411838412285,-0.037928394973278046,-0.08540600980632007,0.028264038264751434,-0.008789311163127422,-0.0870625136885792,0.018977121450006962,-0.021110075060278177,-0.08457299787551165,0.0409114733338356,-0.021181948948651552,-0.07608561217784882,0.045444970950484276,-0.021087806206196547,-0.07080970611423254,0.03567621298134327,-0.007567141205072403,-0.06668146327137947,0.025768970139324665,-0.01624078070744872,-0.06968773901462555,0.038527049124240875,-0.01812315103597939,-0.07036538608372211,0.04672945849597454,-0.018143061781302094,-0.06434458680450916,0.03118184581398964
0.0,0.0,0.0,-0.02971169538795948,-0.018296539783477783,-0.004139087162911892,-0.03378146141767502,-0.046235036104917526,0.021070864517241716,-0.03472008462995291,-0.06893017143011093,0.03805307950824499,-0.03521507792174816,-0.07640879787504673,0.04802281875163317,-0.02891370840370655,-0.08653960633091629,0.011830831528641284,-0.04016740433871746,-0.11207582801580429,0.01471298688556999,-0.04974026046693325,-0.14057790860533714,0.011695508961565793,-0.056695347651839256,-0.16905105113983154,-0.0034130802378058434,-0.021371261682361364,-0.08727520541287959,0.01561788166873157,-0.03690255060791969,-0.0972940381616354,0.030968482606112957,-0.04281225427985191,-0.08396564121358097,0.030311805196106434,-0.039753858000040054,-0.08151862234808505,0.020151134114712477,-0.013059149030596018,-0.08554227591957897,0.01682713022455573,-0.025853376369923353,-0.08154548658058047,0.036439825780689716,-0.02565135108307004,-0.07227551098912954,0.03874494042247534,-0.023882334120571613,-0.06658514589071274,0.028436560183763504,-0.012504448182880878,-0.06557449139654636,0.023706325329840183,-0.021372155286371708,-0.06728644296526909,0.03480688389390707,-0.02298390376381576,-0.06756634451448917,0.039699667133390903,-0.022594262612983584,-0.06046818941831589,0.021471532993018627
0.0,0.0,0.0,-0.03039630874991417,-0.018487289547920227,-0.004220260307192802,-0.034115880727767944,-0.04690653085708618,0.022875874303281307,-0.034897929057478905,-0.06947053596377373,0.04228857532143593,-0.03529786504805088,-0.07767474744468927,0.053103456273674965,-0.028920795768499374,-0.08682676532771438,0.014665982977021486,-0.040590645745396614,-0.11304288543760777,0.017660303972661495,-0.049168772995471954,-0.14274592697620392,0.014609874109737575,-0.05543196201324463,-0.17128589749336243,0.000459449365735054,-0.02156453370116651,-0.08747106650844216,0.017839528853073716,-0.037021808326244354,-0.09903413616120815,0.0329652838408947,-0.04202810861170292,-0.08466507401317358,0.03077244944870472,-0.03984628617763519,-0.08242215332575142,0.020514207426458597,-0.012958449311554432,-0.08641860634088516,0.018509091809391975,-0.025128345005214214,-0.08242376544512808,0.0376293919980526,-0.024751292075961828,-0.07369928155094385,0.03884432464838028,-0.022811928763985634,-0.06812888942658901,0.02732339221984148,-0.012367621064186096,-0.06610109657049179,0.02486112155020237,-0.02106652280781418,-0.06845675222575665,0.034793559461832047,-0.022114212159067392,-0.06930932961404324,0.03877282328903675,-0.022360014729201794,-0.061895327642560005,0.018840091535821557
0.0,0.0,0.0,-0.03079003095626831,-0.020075775682926178,-0.0049188025295734406,-0.03385635744780302,-0.047779735177755356,0.02244974859058857,-0.034689802676439285,-0.07129288744181395,0.03956359252333641,-0.034547438845038414,-0.07947005378082395,0.05044732429087162,-0.028700509108603,-0.08900903561152518,0.012575828935950994,-0.0399664081633091,-0.11746439151465893,0.016355071449652314,-0.047464167699217796,-0.14670753106474876,0.013066042156424373,-0.05504323169589043,-0.17292925715446472,-0.0007796986028552055,-0.020594689529389143,-0.08913541166111827,0.015098587959073484,-0.035123130306601524,-0.10257145017385483,0.032308051362633705,-0.04130393639206886,-0.08872551843523979,0.030487950891256332,-0.039817556738853455,-0.08550577075220644,0.020635223016142845,-0.012165173422545195,-0.088368697790429,0.016999464016407728,-0.023772421292960644,-0.08517426939215511,0.036187464371323586,-0.02477850066497922,-0.07578894309699535,0.038521016016602516,-0.02239007456228137,-0.07106072083115578,0.026984333992004395,-0.013300308957695961,-0.06664448790252209,0.022743339650332928,-0.019923430867493153,-0.0695379190146923,0.03295321576297283,-0.022226530825719237,-0.07118156179785728,0.03764224238693714,-0.022042283322662115,-0.06492327153682709,0.017743127420544624
0.0,0.0,0.0,-0.03046878706663847,-0.018877558410167694,-0.004525143653154373,-0.03471306525170803,-0.04751939699053764,0.0204293723218143,-0.03497631289064884,-0.07092240732163191,0.03732350841164589,-0.034045690670609474,-0.07833675481379032,0.04663226939737797,-0.028665708377957344,-0.08753897587303072,0.010653121629729867,-0.038919270038604736,-0.11460674554109573,0.014237012481316924,-0.04803669452667236,-0.1434844210743904,0.011334694689139724,-0.054825231432914734,-0.17220452427864075,-0.001779899001121521,-0.01979964692145586,-0.08860687701962888,0.014842119417153299,-0.03431090526282787,-0.10006491094827652,0.03173578903079033,-0.040346382185816765,-0.08726679696701467,0.03216630965471268,-0.03781807981431484,-0.08486637962050736,0.02366106864064932,-0.009841698221862316,-0.08701450109947473,0.016867080703377724,-0.022155637852847576,-0.08388911024667323,0.037896715104579926,-0.02255783649161458,-0.07541991025209427,0.04130757786333561,-0.02126809791661799,-0.07016470097005367,0.031166013330221176,-0.009002565406262875,-0.06669339537620544,0.024669832549989223,-0.01755967875942588,-0.06923954747617245,0.036289600655436516,-0.01959276758134365,-0.0706017529591918,0.04267946444451809,-0.020183506654575467,-0.06431039236485958,0.025142379105091095
0.0,0.0,0.0,-0.02292069047689438,-0.021183528006076813,-0.00487513467669487,-0.030365530401468277,-0.046739909797906876,-0.016573304310441017,-0.036506976932287216,-0.06773003190755844,-0.05007829633541405,-0.02731173485517502,-0.08669854141771793,-0.07055392488837242,-0.010223068296909332,-0.08716653194278479,-0.03595735412091017,-0.02015465870499611,-0.11050643771886826,-0.046760502620600164,-0.02539895474910736,-0.1297750473022461,-0.05058489739894867,-0.03191928565502167,-0.1488843709230423,-0.06651883013546467,0.006103144725784659,-0.08061925740912557,-0.04458402865566313,-0.013998286798596382,-0.09139254689216614,-0.05930588115006685,-0.02719070017337799,-0.06689120549708605,-0.04513336345553398,-0.013147847726941109,-0.05041090399026871,-0.024091362953186035,0.017388109117746353,-0.06608615070581436,-0.05575380939990282,-0.009767115116119385,-0.06364460103213787,-0.06573784165084362,-0.016906971111893654,-0.04550368711352348,-0.05013025854714215,-0.006838025525212288,-0.03067898005247116,-0.028820276260375977,0.015982027165591717,-0.04719311743974686,-0.058831420727074146,-0.003928076475858688,-0.05205111391842365,-0.0666872002184391,-0.007465965114533901,-0.03896484896540642,-0.057072315365076065,0.0007206015288829803,-0.028399504721164703,-0.04158839024603367
0.0,0.0,0.0,-0.02982350531965494,-0.01924028992652893,-0.004698396660387516,-0.03316208254545927,-0.047215577214956284,0.02000242378562689,-0.03358156234025955,-0.06986978836357594,0.03652565088123083,-0.03265360277146101,-0.07751172501593828,0.04446969460695982,-0.027738786302506924,-0.08697256143204868,0.011627555242739618,-0.03862966038286686,-0.11299197375774384,0.014945599483326077,-0.04744059033691883,-0.14176500961184502,0.012344088085228577,-0.05394087731838226,-0.1696690246462822,-0.00036650896072387695,-0.019888219889253378,-0.08761802944354713,0.015136250527575612,-0.03449174202978611,-0.09842157270759344,0.0315394913777709,-0.03979247994720936,-0.08495601871982217,0.031759110279381275,-0.03724956512451172,-0.0827690486330539,0.023476709611713886,-0.010917298961430788,-0.08603530656546354,0.016038759844377637,-0.02228350704535842,-0.08271459233947098,0.03663621563464403,-0.02281103003770113,-0.07474914472550154,0.038307555951178074,-0.021137241506949067,-0.068700285628438,0.028751813806593418,-0.01006350014358759,-0.06607147678732872,0.022533804178237915,-0.018568115076050162,-0.06806119903922081,0.033377732150256634,-0.019450338906608522,-0.06898035481572151,0.038460846059024334,-0.02011943608522415,-0.06232330948114395,0.020022261422127485
0.0,0.0,0.0,-0.031018178910017014,-0.019462950527668,-0.00501122884452343,-0.035160912200808525,-0.04808581992983818,0.01996883610263467,-0.035808369517326355,-0.07209162786602974,0.03705546259880066,-0.035591067746281624,-0.07897215336561203,0.046110378578305244,-0.02989544440060854,-0.08859722863417119,0.010940874693915248,-0.04056268744170666,-0.11543849483132362,0.013439825444947928,-0.049397049471735954,-0.14424671605229378,0.010397056117653847,-0.056310348212718964,-0.17280351370573044,-0.00293838232755661,-0.021031544310972095,-0.08961704699322581,0.015188963385298848,-0.03610599599778652,-0.10145367495715618,0.031159954145550728,-0.0416803453117609,-0.08857960463501513,0.03131374157965183,-0.03937380760908127,-0.08634312311187387,0.022350101731717587,-0.011551059316843748,-0.08784303383436054,0.01649416354484856,-0.024178645573556423,-0.0851251429412514,0.037376778200268745,-0.024458237923681736,-0.07642721571028233,0.03992277756333351,-0.02277168072760105,-0.07098914869129658,0.030413784086704254,-0.01076109241694212,-0.06736486963927746,0.023749330081045628,-0.01985039236024022,-0.06994257681071758,0.03463522903621197,-0.02118920534849167,-0.07049941644072533,0.039554620161652565,-0.02169355982914567,-0.06380161643028259,0.021283326670527458
0.0,0.0,0.0,-0.008226621896028519,-0.029183603823184967,-0.006903037428855896,0.005546547472476959,-0.055719394236803055,-0.0052797831594944,0.02238706173375249,-0.07757296599447727,-0.015235278755426407,0.038458303548395634,-0.08826175890862942,-0.027377139776945114,0.006954120472073555,-0.07720647193491459,-0.04617370804771781,0.015307513065636158,-0.10254009068012238,-0.04539877362549305,0.018463674932718277,-0.12883496284484863,-0.035754299722611904,0.019063860177993774,-0.14980588108301163,-0.032602179795503616,0.02105051721446216,-0.06890001590363681,-0.051684821606613696,0.04297901690006256,-0.08368314430117607,-0.04597362270578742,0.041605694219470024,-0.07688272837549448,-0.017299190163612366,0.031066311057657003,-0.0681845173239708,0.010093007236719131,0.03473326005041599,-0.05930809862911701,-0.05343297845683992,0.05063450336456299,-0.07001864816993475,-0.04016932565718889,0.05061239004135132,-0.06396495644003153,-0.01935100182890892,0.04208883084356785,-0.05241111759096384,0.0024397894740104675,0.04277579113841057,-0.046710701659321785,-0.045456378255039454,0.05979524180293083,-0.06036202237010002,-0.03829595446586609,0.06285401061177254,-0.059734856709837914,-0.018826555460691452,0.0554522629827261,-0.047372836619615555,-0.007081747055053711
0.0,0.0,0.0,-0.008697973564267159,-0.03109181672334671,-0.005788099020719528,0.00686781108379364,-0.0558589119464159,-0.005176331847906113,0.023627787828445435,-0.07740636728703976,-0.017940424382686615,0.03751036524772644,-0.08706649765372276,-0.03032306768000126,0.006627288646996021,-0.0762406075373292,-0.048190297558903694,0.014718258753418922,-0.10001938790082932,-0.04765406949445605,0.01716936007142067,-0.12576675415039062,-0.03699039947241545,0.017039204016327858,-0.14758729189634323,-0.032162075862288475,0.018456038320437074,-0.06644892645999789,-0.05301471776328981,0.03832179866731167,-0.08320325054228306,-0.049153183586895466,0.03683861717581749,-0.07549969386309385,-0.01970534771680832,0.02970937453210354,-0.06620186218060553,0.01074441522359848,0.030815957114100456,-0.058464738074690104,-0.05465236725285649,0.046557528898119926,-0.06945242453366518,-0.0416406374424696,0.046285489574074745,-0.06331227906048298,-0.019221212714910507,0.04052956402301788,-0.050585975870490074,0.0027202554047107697,0.037656230852007866,-0.046156223863363266,-0.045667826663702726,0.05377706699073315,-0.061300626024603844,-0.038008494302630424,0.05719991959631443,-0.062255859375,-0.018881645053625107,0.0513032041490078,-0.04976672865450382,-0.005324233323335648
0.0,0.0,0.0,-0.009122470393776894,-0.031015172600746155,-0.005476605147123337,0.0041928645223379135,-0.05866504414007068,-0.0076193735003471375,0.019968823064118624,-0.0792227890342474,-0.020296718925237656,0.03667227551341057,-0.08986293897032738,-0.03785328846424818,0.0037714894860982895,-0.07831900008022785,-0.04747622413560748,0.011993026360869408,-0.10178301110863686,-0.049119239673018456,0.014102203771471977,-0.1271604597568512,-0.03886069916188717,0.013076862320303917,-0.14912749081850052,-0.03608287312090397,0.01728564966470003,-0.06877599819563329,-0.052926800679415464,0.03904062323272228,-0.08503088355064392,-0.051068859407678246,0.036561693996191025,-0.07796393055468798,-0.024173077195882797,0.028962422162294388,-0.06900039920583367,0.006526574492454529,0.030757298693060875,-0.06052109366282821,-0.05600040382705629,0.046347806230187416,-0.0722851064056158,-0.043956940062344074,0.04521827585995197,-0.06537266913801432,-0.023147646337747574,0.039052654057741165,-0.053045921958982944,-0.0014771223068237305,0.038089290261268616,-0.047911958768963814,-0.047859585378319025,0.05401642434298992,-0.06192052364349365,-0.04087720438838005,0.05695662833750248,-0.0630613174289465,-0.021820716559886932,0.05036807246506214,-0.04941451549530029,-0.007288869470357895
0.0,0.0,0.0,-0.008967770263552666,-0.03104972466826439,-0.0055846236646175385,0.003936350345611572,-0.05776342796161771,-0.00714527815580368,0.0191345252096653,-0.07918681018054485,-0.019819851964712143,0.03483361657708883,-0.08859604224562645,-0.03553064540028572,0.0039991289377212524,-0.07685524132102728,-0.04714452149346471,0.01183861494064331,-0.10106168314814568,-0.047515160869807005,0.01427561603486538,-0.12642852216959,-0.03729512821882963,0.012632878497242928,-0.1483713686466217,-0.033460112288594246,0.017746541649103165,-0.06780703295953572,-0.052353988867253065,0.039269838482141495,-0.0850503034889698,-0.0489697998855263,0.03642586059868336,-0.07846761029213667,-0.02171281725168228,0.02788470219820738,-0.06943337060511112,0.007630400359630585,0.03138687741011381,-0.05975430551916361,-0.05492615420371294,0.04603764973580837,-0.07190993335098028,-0.04296821355819702,0.04528820142149925,-0.06555903982371092,-0.021640239283442497,0.03857489116489887,-0.05359696876257658,-0.0004618056118488312,0.038787249475717545,-0.04776228033006191,-0.047045649494975805,0.05483002029359341,-0.06203769985586405,-0.04010085202753544,0.05720425210893154,-0.06277657113969326,-0.020929809659719467,0.05095664598047733,-0.04996558651328087,-0.00781070813536644
0.0,0.0,0.0,-0.009593376889824867,-0.031617797911167145,-0.005996156483888626,0.0027075689285993576,-0.058705986477434635,-0.008372548967599869,0.017573778983205557,-0.08018815703690052,-0.02134990319609642,0.03384047746658325,-0.09053540974855423,-0.03782374691218138,0.0032254140824079514,-0.07797295600175858,-0.04810374090448022,0.011297497898340225,-0.10220566391944885,-0.0485404203645885,0.013775050640106201,-0.1274985410273075,-0.03818269446492195,0.012122763320803642,-0.14982300996780396,-0.03528249263763428,0.017238390166312456,-0.06854702183045447,-0.05307327792979777,0.03857244923710823,-0.08535048179328442,-0.05020789313130081,0.035110815428197384,-0.07826591469347477,-0.023633502423763275,0.026460454799234867,-0.0698415283113718,0.004832439124584198,0.03110312670469284,-0.06060862634330988,-0.05579885235056281,0.04481074959039688,-0.07254074048250914,-0.04400643054395914,0.043930934742093086,-0.06600872706621885,-0.02382504753768444,0.037396565079689026,-0.05388713162392378,-0.0029052793979644775,0.03875809349119663,-0.04840407334268093,-0.04742125468328595,0.05390973575413227,-0.06229308992624283,-0.04094803612679243,0.05653245560824871,-0.06324768532067537,-0.02240082062780857,0.049788823351264,-0.05065653286874294,-0.009704671800136566
0.0,0.0,0.0,-0.00968407467007637,-0.030796624720096588,-0.005895335227251053,0.0024397894740104675,-0.05816683545708656,-0.008806917816400528,0.01645517535507679,-0.07973029278218746,-0.020681999623775482,0.032413724809885025,-0.09178642928600311,-0.037167809903621674,0.0035686828196048737,-0.07735122740268707,-0.048570224549621344,0.01074675191193819,-0.10125496983528137,-0.048743527149781585,0.013593550771474838,-0.12582511454820633,-0.03708483651280403,0.012455539777874947,-0.14896699786186218,-0.03343461453914642,0.016955396393314004,-0.06810415862128139,-0.05330058978870511,0.03765550255775452,-0.08414753898978233,-0.049955725437030196,0.034814078360795975,-0.07710371911525726,-0.02292422018945217,0.026281801983714104,-0.0687003645580262,0.005359340459108353,0.030528061091899872,-0.06008806452155113,-0.05564862908795476,0.04409424029290676,-0.07202911842614412,-0.04361344967037439,0.04323880188167095,-0.06526409927755594,-0.023980816826224327,0.03689177148044109,-0.05350406002253294,-0.002198498696088791,0.03797432594001293,-0.04866100661456585,-0.046774618327617645,0.05319199897348881,-0.06237926334142685,-0.04067497979849577,0.05603395588696003,-0.06247132830321789,-0.021993335336446762,0.04919547215104103,-0.04985182359814644,-0.009735040366649628
0.0,0.0,0.0,-0.023442979902029037,-0.02062162756919861,-0.005670715123414993,-0.03206741809844971,-0.046721940860152245,-0.017912108451128006,-0.0401674285531044,-0.06788701936602592,-0.05034059123136103,-0.031504854559898376,-0.08745714370161295,-0.07163907587528229,-0.012296607717871666,-0.08679029159247875,-0.037551598623394966,-0.02254680171608925,-0.10949862375855446,-0.04935019008917152,-0.02852848917245865,-0.12844474241137505,-0.054471990559250116,-0.03525895997881889,-0.14707544445991516,-0.0713663399219513,0.0039050558116286993,-0.08023006096482277,-0.046814976492896676,-0.01706775650382042,-0.09131354093551636,-0.061477609910070896,-0.02988320216536522,-0.06765854172408581,-0.047811782569624484,-0.01503719575703144,-0.051486553624272346,-0.025614721700549126,0.015101545490324497,-0.0657134372740984,-0.05796568747609854,-0.012800946831703186,-0.06324137561023235,-0.06881260871887207,-0.01873110421001911,-0.044333264231681824,-0.05211973004043102,-0.008039403706789017,-0.029393456876277924,-0.030651673674583435,0.013814028352499008,-0.046531178057193756,-0.061618451960384846,-0.006160306744277477,-0.050574107095599174,-0.06915002688765526,-0.00981051754206419,-0.037599630653858185,-0.05959216970950365,-0.0020343568176031113,-0.02613726258277893,-0.043577585369348526
0.0,0.0,0.0,-0.00995086319744587,-0.031010545790195465,-0.005865275859832764,0.0024620406329631805,-0.058354048524051905,-0.008890252560377121,0.016881972551345825,-0.07957351300865412,-0.02129286900162697,0.03310077730566263,-0.09101126156747341,-0.03832205571234226,0.003679513931274414,-0.07713743206113577,-0.0486404774710536,0.011356870643794537,-0.101593978703022,-0.04858318343758583,0.014142697677016258,-0.1261882558465004,-0.03755998983979225,0.013069529086351395,-0.14930982887744904,-0.033918751403689384,0.01724499952979386,-0.06773339747451246,-0.0533051717793569,0.03846621513366699,-0.0839569978415966,-0.05054473946802318,0.035378215834498405,-0.07671640440821648,-0.023446768522262573,0.02663158718496561,-0.06879393011331558,0.0050767771899700165,0.031086571514606476,-0.059659590013325214,-0.05587543174624443,0.04484453611075878,-0.07145118992775679,-0.04370627738535404,0.043911803513765335,-0.06530293542891741,-0.023520903661847115,0.03783751465380192,-0.05289031844586134,-0.001657724380493164,0.03824242018163204,-0.04802815057337284,-0.04687662562355399,0.05370502173900604,-0.06179949175566435,-0.04050146695226431,0.05659627914428711,-0.06218992080539465,-0.02156350202858448,0.04990191385149956,-0.04915573075413704,-0.008565090596675873
0.0,0.0,0.0,-0.011094100773334503,-0.03073732554912567,-0.006114266812801361,0.0020517222583293915,-0.0580631741322577,-0.007300212979316711,0.01733353454619646,-0.07998770289123058,-0.0190841443836689,0.03346003033220768,-0.09032432548701763,-0.03330843895673752,0.002837665379047394,-0.07718307059258223,-0.04707987792789936,0.012074018828570843,-0.10186505317687988,-0.046550619415938854,0.015154290944337845,-0.12776270508766174,-0.03534278925508261,0.014781095087528229,-0.14956701546907425,-0.030481968075037003,0.018142346991226077,-0.06821784353815019,-0.0514735474716872,0.03868276998400688,-0.08613811247050762,-0.047487192088738084,0.03582187555730343,-0.07934492453932762,-0.019598307088017464,0.027131969574838877,-0.07095407554879785,0.008410286158323288,0.03259196225553751,-0.05945206619799137,-0.05316944792866707,0.046497879549860954,-0.07259081769734621,-0.040189435705542564,0.045506907626986504,-0.06612503156065941,-0.018994346261024475,0.038815902546048164,-0.05422666668891907,0.0013601519167423248,0.04035881534218788,-0.04739910736680031,-0.0441888733766973,0.056367356330156326,-0.062372734770178795,-0.03680374100804329,0.05823024362325668,-0.0620160847902298,-0.017533395439386368,0.052599355578422546,-0.04911163076758385,-0.005356810986995697
0.0,0.0,0.0,-0.010978076606988907,-0.029811039566993713,-0.006054792553186417,0.0018764026463031769,-0.05749473860487342,-0.003942627459764481,0.01699168374761939,-0.08080694451928139,-0.012332409620285034,0.03269953466951847,-0.09208368323743343,-0.02209988795220852,0.0042834170162677765,-0.0770297534763813,-0.045383148128166795,0.012487008236348629,-0.10281335562467575,-0.04386594332754612,0.01609908975660801,-0.1293530911207199,-0.03136218897998333,0.01701952889561653,-0.15158067643642426,-0.023575197905302048,0.01987469010055065,-0.06805958203040063,-0.04915106878615916,0.03950381278991699,-0.08703086525201797,-0.04368252772837877,0.03681160695850849,-0.08095052652060986,-0.015007447451353073,0.02755621960386634,-0.07155259139835835,0.013727005571126938,0.03403135575354099,-0.05948983412235975,-0.0497176171047613,0.04714679904282093,-0.07257339730858803,-0.03572963736951351,0.04641375690698624,-0.065842404961586,-0.01420273631811142,0.03943876549601555,-0.053611086681485176,0.006791654974222183,0.04212308116257191,-0.04782976023852825,-0.03972259629517794,0.05719539150595665,-0.06359096616506577,-0.032600018195807934,0.0589771643280983,-0.06284978240728378,-0.012325078248977661,0.05285641364753246,-0.05029771849513054,-0.0004607550799846649
0.0,0.0,0.0,-0.010946940630674362,-0.030505400151014328,-0.00608980655670166,0.002162698656320572,-0.058640200179070234,-0.005426459014415741,0.01754871616140008,-0.08194728754460812,-0.014565829187631607,0.03360116574913263,-0.09314307942986488,-0.025724045932292938,0.00465424545109272,-0.07846944686025381,-0.04568502795882523,0.013141626492142677,-0.10415681824088097,-0.0443974700756371,0.0167876947671175,-0.130262553691864,-0.03235004097223282,0.017301689833402634,-0.15260815620422363,-0.0264129675924778,0.020224212436005473,-0.0689462274312973,-0.049516484956257045,0.040090689435601234,-0.08782298117876053,-0.044404090847820044,0.03738575428724289,-0.08097071200609207,-0.01581602916121483,0.028510545380413532,-0.07181919272989035,0.012760084122419357,0.03511364758014679,-0.06001439783722162,-0.050459159072488546,0.048768460750579834,-0.07363004051148891,-0.03674493171274662,0.047433093190193176,-0.06673098262399435,-0.015113972127437592,0.0402970165014267,-0.05442512035369873,0.005584072321653366,0.04263276606798172,-0.04801833815872669,-0.04076447710394859,0.058430928736925125,-0.06384146772325039,-0.03326916787773371,0.060429174453020096,-0.06324178911745548,-0.013812988996505737,0.05407544784247875,-0.05049898847937584,-0.0019678696990013123
0.0,0.0,0.0,-0.011266971006989479,-0.030797947198152542,-0.005933769047260284,0.0011206809431314468,-0.0599318677559495,-0.006470989435911179,0.01684769382700324,-0.08326923474669456,-0.016232240945100784,0.03354428522288799,-0.09534958377480507,-0.028001386672258377,0.0035796090960502625,-0.0784698948264122,-0.047053371323272586,0.01161645632237196,-0.10422993451356888,-0.045672132167965174,0.015324264764785767,-0.13007308542728424,-0.03251368924975395,0.016082333400845528,-0.15258538722991943,-0.026884442195296288,0.01948412344790995,-0.06867127981968224,-0.050870421226136386,0.038481324911117554,-0.08716087602078915,-0.04572660615667701,0.0355277955532074,-0.08057111874222755,-0.017201881855726242,0.02656236756592989,-0.07108308095484972,0.010699741542339325,0.034848883748054504,-0.0599868381395936,-0.05135943868663162,0.047850847244262695,-0.07349434029310942,-0.03814390115439892,0.045530980452895164,-0.06674428656697273,-0.017150435596704483,0.03829919919371605,-0.054890312254428864,0.0028783753514289856,0.042331987991929054,-0.04851802997291088,-0.04130668379366398,0.057702457532286644,-0.06418625079095364,-0.03451381903141737,0.05923751927912235,-0.06356808170676231,-0.01563044637441635,0.05281015485525131,-0.05133240204304457,-0.004888966679573059
0.0,0.0,0.0,-0.011579984799027443,-0.030426975339651108,-0.006235092878341675,0.0008829142898321152,-0.0592368021607399,-0.005641069263219833,0.016681653913110495,-0.08296706154942513,-0.01423570141196251,0.03296747896820307,-0.0955782551318407,-0.02480839379131794,0.003898506984114647,-0.0781944626942277,-0.04625998577103019,0.011782536283135414,-0.10416246205568314,-0.044705073814839125,0.015448210760951042,-0.13040846586227417,-0.0314736720174551,0.01669269986450672,-0.15371625870466232,-0.02547404356300831,0.02004410605877638,-0.06880946620367467,-0.04968774656299502,0.038243070244789124,-0.08809433318674564,-0.04374597268179059,0.035340954549610615,-0.0815558498725295,-0.015272002667188644,0.02638916252180934,-0.07188884261995554,0.01252509281039238,0.03500705398619175,-0.060356066562235355,-0.04961819702293724,0.04728354513645172,-0.07405284699052572,-0.03584242705255747,0.045013291761279106,-0.06713338941335678,-0.014358371496200562,0.03821777272969484,-0.055116274394094944,0.005685102194547653,0.04256761260330677,-0.04882955923676491,-0.038949085399508476,0.057270778343081474,-0.06488506309688091,-0.03227743320167065,0.05859790928661823,-0.0640578493475914,-0.013082973659038544,0.05263250507414341,-0.05186566989868879,-0.0020751096308231354
0.0,0.0,0.0,-0.011123685166239738,-0.030018746852874756,-0.005621567368507385,0.0008304473012685776,-0.058155507780611515,-0.004325792193412781,0.01583472266793251,-0.08259836956858635,-0.012757673859596252,0.029152208007872105,-0.09629938006401062,-0.022718362510204315,0.005055850371718407,-0.07870753109455109,-0.04673556610941887,0.012764033861458302,-0.10521847754716873,-0.04453710839152336,0.01632562279701233,-0.13150489330291748,-0.031812239438295364,0.016662390902638435,-0.15493155270814896,-0.02532857656478882,0.020294963149353862,-0.06935426755808294,-0.05014709976967424,0.03902984969317913,-0.08902153559029102,-0.043393225874751806,0.03565000090748072,-0.08257901296019554,-0.013959802687168121,0.027223962359130383,-0.07270794501528144,0.014970660209655762,0.034221746027469635,-0.06091851927340031,-0.050028427969664335,0.046833883970975876,-0.0742660379037261,-0.03525023255497217,0.044741615653038025,-0.06839091144502163,-0.013585571199655533,0.03868917468935251,-0.05584525689482689,0.006688494235277176,0.04160379432141781,-0.04921022243797779,-0.03959994204342365,0.05641133524477482,-0.06570207141339779,-0.032237229868769646,0.05768953450024128,-0.06535881385207176,-0.012167263776063919,0.05140860751271248,-0.05338668264448643,-0.0011515654623508453
0.0,0.0,0.0,-0.011213185265660286,-0.02945132553577423,-0.00634939968585968,0.0016540326178073883,-0.056026067584753036,-0.005481097847223282,0.016427552793174982,-0.07876225933432579,-0.014959372580051422,0.029745930805802345,-0.09196667559444904,-0.025025218725204468,0.0049386899918317795,-0.07460127864032984,-0.04798806773032993,0.011972196400165558,-0.10047206282615662,-0.044576114509254694,0.015084836632013321,-0.12776509672403336,-0.032426903024315834,0.01525258831679821,-0.14988131076097488,-0.02605503797531128,0.019051172770559788,-0.06660615187138319,-0.050863573560491204,0.03661097213625908,-0.08550039678812027,-0.044700102880597115,0.034048691391944885,-0.07891358807682991,-0.016237854957580566,0.026229224633425474,-0.06883340980857611,0.011973779648542404,0.03200745116919279,-0.05883777840062976,-0.050332171842455864,0.043974095955491066,-0.07140622800216079,-0.03647787682712078,0.04334145225584507,-0.06526851747184992,-0.014602746814489365,0.037091080099344254,-0.052873799577355385,0.005050133913755417,0.03876370005309582,-0.04802779667079449,-0.039443034678697586,0.05352179519832134,-0.06342865247279406,-0.03237740136682987,0.054987428709864616,-0.06283215619623661,-0.013186503201723099,0.04979880526661873,-0.051254233345389366,-0.002331666648387909
0.0,0.0,0.0,-0.011158948764204979,-0.02933105081319809,-0.006660565733909607,0.002050379291176796,-0.05595511198043823,-0.006297409534454346,0.016685483511537313,-0.07806069497019053,-0.016566284000873566,0.030743847601115704,-0.0902434978634119,-0.02727842517197132,0.004898173734545708,-0.07402602396905422,-0.04891386698000133,0.011682514101266861,-0.09943729639053345,-0.04583986522629857,0.01451435498893261,-0.12657737731933594,-0.03381046839058399,0.015019254758954048,-0.14886070787906647,-0.027708349749445915,0.018834067042917013,-0.06617213948629797,-0.05209009756799787,0.03606929071247578,-0.0844202246516943,-0.04634400922805071,0.03398794028908014,-0.07780588697642088,-0.018346283584833145,0.02611557161435485,-0.06794490944594145,0.00964708998799324,0.031504275277256966,-0.05846405168995261,-0.05143426836002618,0.043733442202210426,-0.07068655453622341,-0.03829813376069069,0.043294450268149376,-0.06445540674030781,-0.016561359167099,0.03711339179426432,-0.052326515316963196,0.0029862038791179657,0.03804865665733814,-0.04791680537164211,-0.040505473501980305,0.05323500372469425,-0.06298124138265848,-0.03358160890638828,0.054976752027869225,-0.06213394179940224,-0.01451801136136055,0.04986722953617573,-0.05058575887233019,-0.003571491688489914
0.0,0.0,0.0,-0.011443652212619781,-0.02960103005170822,-0.006581097841262817,0.0015823207795619965,-0.05626951437443495,-0.006464462727308273,0.01639873953536153,-0.07861299719661474,-0.016318734735250473,0.029995976947247982,-0.09145365469157696,-0.027139998972415924,0.005135588347911835,-0.0749162482097745,-0.048851871280930936,0.012085125781595707,-0.1008453443646431,-0.04592258296906948,0.015224797651171684,-0.12783044576644897,-0.03343621827661991,0.015858855098485947,-0.15032843500375748,-0.027363738045096397,0.019194660941138864,-0.06698814546689391,-0.05178018659353256,0.036460964009165764,-0.08563264273107052,-0.04566657729446888,0.0337941637262702,-0.07918596640229225,-0.017595335841178894,0.026326077058911324,-0.0690294150263071,0.010648548603057861,0.03216905705630779,-0.05934834014624357,-0.051018440746702254,0.04428207501769066,-0.07176660466939211,-0.03749188128858805,0.043104832991957664,-0.06565827131271362,-0.015707585960626602,0.03698711842298508,-0.05364740639925003,0.003955986350774765,0.03852969408035278,-0.048594288527965546,-0.03990061767399311,0.053368594497442245,-0.06382476910948753,-0.03293818235397339,0.055003922432661057,-0.06332680210471153,-0.014130264520645142,0.049513399600982666,-0.05171789973974228,-0.0033041462302207947
0.0,0.0,0.0,-0.0257093608379364,-0.021249618381261826,-0.006907794624567032,-0.03609069809317589,-0.046474579721689224,-0.02070317044854164,-0.044656749814748764,-0.06724795512855053,-0.053587754257023335,-0.03718523681163788,-0.08579438365995884,-0.07283873856067657,-0.015949729830026627,-0.08625783864408731,-0.039077711291611195,-0.027274630963802338,-0.11088462173938751,-0.051553537137806416,-0.03400573879480362,-0.12826816737651825,-0.05724699515849352,-0.0410296805202961,-0.1485777348279953,-0.07666018605232239,0.0001387377269566059,-0.07938403356820345,-0.0476889128331095,-0.021421227604150772,-0.09148337692022324,-0.06354414112865925,-0.03410886600613594,-0.06766301859170198,-0.05089028738439083,-0.019010016694664955,-0.051211029291152954,-0.027889421209692955,0.012616691179573536,-0.06563596334308386,-0.058135186322033405,-0.015344388782978058,-0.062438021413981915,-0.06821118853986263,-0.022888028994202614,-0.04290034435689449,-0.05291972332634032,-0.010968983173370361,-0.030167106539011,-0.032090865075588226,0.013188060373067856,-0.04570308327674866,-0.060772997327148914,-0.008938832208514214,-0.04977398365736008,-0.06788602285087109,-0.012843912467360497,-0.0370250903069973,-0.05862407945096493,-0.004277806729078293,-0.02785317599773407,-0.042698342353105545
0.0,0.0,0.0,-0.012039564549922943,-0.029867220669984818,-0.005792006850242615,0.0006440840661525726,-0.057259414345026016,-0.004539020359516144,0.015645856503397226,-0.08077258057892323,-0.01305440068244934,0.02879635989665985,-0.09467047266662121,-0.023017337545752525,0.004349226132035255,-0.07713248580694199,-0.04667282442096621,0.011599406599998474,-0.10359574109315872,-0.04347164696082473,0.014928562566637993,-0.13060050457715988,-0.031086446717381477,0.015108559280633926,-0.15341540426015854,-0.024929478764533997,0.019284625770524144,-0.06862953887321055,-0.04945348866749555,0.03722252603620291,-0.0880596898496151,-0.04271986614912748,0.034039330668747425,-0.08134986273944378,-0.013989370316267014,0.025893528712913394,-0.07111758831888437,0.014250066131353378,0.033018242567777634,-0.06081798393279314,-0.048957432503812015,0.04505790397524834,-0.0735476603731513,-0.03424395341426134,0.04342956468462944,-0.06731592025607824,-0.012479931116104126,0.03691358119249344,-0.054616852663457394,0.007202520966529846,0.04010710120201111,-0.04943938925862312,-0.03755959216505289,0.05476457253098488,-0.06522936001420021,-0.030246520414948463,0.05602198839187622,-0.0650150403380394,-0.011010788381099701,0.05016107112169266,-0.05324944294989109,-2.921372652053833e-05
0.0,0.0,0.0,-0.010988926514983177,-0.02990690991282463,-0.005399353802204132,0.0020484235137701035,-0.056603094562888145,-0.0032359957695007324,0.01710198912769556,-0.0803964277729392,-0.011610716581344604,0.02926605474203825,-0.09397110715508461,-0.02154350094497204,0.005198139697313309,-0.07686585187911987,-0.0458208795171231,0.012515874579548836,-0.10316691920161247,-0.04245128948241472,0.016101988032460213,-0.13029183447360992,-0.03075084090232849,0.015885887667536736,-0.15234749019145966,-0.023699352517724037,0.020076951943337917,-0.06856762408278883,-0.04937647806946188,0.03808797523379326,-0.08793767914175987,-0.041978356428444386,0.03553922660648823,-0.08126010373234749,-0.012809116393327713,0.027141545433551073,-0.07089268369600177,0.015227757394313812,0.03321315348148346,-0.06047190818935633,-0.048981421859934926,0.0452716201543808,-0.07333712838590145,-0.03392668999731541,0.04447106271982193,-0.06703357305377722,-0.011521805077791214,0.037958976812660694,-0.054212707094848156,0.007819976657629013,0.040637487545609474,-0.04917280748486519,-0.03805312979966402,0.05566931329667568,-0.0653024148195982,-0.03059072047472,0.056315703317523,-0.06490962579846382,-0.01030387356877327,0.05108053423464298,-0.05372418090701103,1.57281756401062e-05
0.0,0.0,0.0,-0.010951438918709755,-0.02937479317188263,-0.00547308474779129,0.002157052978873253,-0.05661573261022568,-0.0012981779873371124,0.016949838493019342,-0.08114810660481453,-0.007580231875181198,0.02889528125524521,-0.09366986528038979,-0.01497081108391285,0.006520204246044159,-0.07793968636542559,-0.04396677517797798,0.012724250555038452,-0.1039038673043251,-0.04121993063017726,0.01638290099799633,-0.1311466470360756,-0.030046381056308746,0.01648680306971073,-0.15360846370458603,-0.02236386016011238,0.021226284094154835,-0.06879280810244381,-0.04741221433505416,0.03861100785434246,-0.0887786764651537,-0.039057929534465075,0.035978483967483044,-0.08249232731759548,-0.008918814361095428,0.02756064455024898,-0.07183570135384798,0.019357122480869293,0.034281911328434944,-0.05993664637207985,-0.04716610722243786,0.04607348144054413,-0.07354841101914644,-0.03184954263269901,0.04543052986264229,-0.06748656090348959,-0.00921507179737091,0.03950979467481375,-0.05503453779965639,0.010612118989229202,0.04198036156594753,-0.048351868987083435,-0.037327008321881294,0.056943317875266075,-0.06571344658732414,-0.02895345166325569,0.05739025957882404,-0.06661506555974483,-0.008262593299150467,0.0517265647649765,-0.05563360918313265,0.0020005926489830017
0.0,0.0,0.0,-0.011577744036912918,-0.030252136290073395,-0.005723096430301666,0.0007861070334911346,-0.05800286494195461,-0.004806738346815109,0.01593113737180829,-0.08191395457834005,-0.013640642166137695,0.028934607282280922,-0.09552628174424171,-0.02471006102859974,0.005414649844169617,-0.07872814685106277,-0.04735002969391644,0.01331923995167017,-0.1054086722433567,-0.04472821764647961,0.016994964331388474,-0.13210605084896088,-0.032202424481511116,0.017038121819496155,-0.15526187419891357,-0.026277080178260803,0.020439768442884088,-0.06986791361123323,-0.05069082777481526,0.038731591776013374,-0.08925414271652699,-0.04353531450033188,0.03481631260365248,-0.08272755146026611,-0.014927491545677185,0.02702696598134935,-0.07275900896638632,0.013216249644756317,0.033907901495695114,-0.0617290735244751,-0.05043763935100287,0.046116000041365623,-0.07453807163983583,-0.03569993935525417,0.04370611533522606,-0.06857932731509209,-0.013972971588373184,0.03740276489406824,-0.05606043804436922,0.005639027804136276,0.0408022403717041,-0.049837736412882805,-0.03943346254527569,0.05568983033299446,-0.06554130185395479,-0.03207136131823063,0.056807346642017365,-0.0657244436442852,-0.012845568358898163,0.05073004215955734,-0.05410353746265173,-0.0023170337080955505
0.0,0.0,0.0,-0.011787550523877144,-0.030225928872823715,-0.005708418786525726,0.000545775517821312,-0.05810018628835678,-0.004871450364589691,0.015670257154852152,-0.08191774971783161,-0.01371879130601883,0.028579379431903362,-0.09556004777550697,-0.024933066219091415,0.00515994057059288,-0.07886816002428532,-0.04764839319977909,0.012923363596200943,-0.10540736094117165,-0.045064442325383425,0.016574570909142494,-0.13226356357336044,-0.0326700359582901,0.016698135063052177,-0.15539849549531937,-0.026449691504240036,0.020135062281042337,-0.06995322089642286,-0.05107386247254908,0.038366252556443214,-0.0893130712211132,-0.04402401018887758,0.03440098650753498,-0.08259240351617336,-0.015244893729686737,0.026540642604231834,-0.07269909279420972,0.01297714188694954,0.03359592705965042,-0.061787414364516735,-0.050876573426648974,0.0456851739436388,-0.07454733736813068,-0.03614799398928881,0.04337405040860176,-0.0685729281976819,-0.014328088611364365,0.03695722762495279,-0.05602848343551159,0.005265489220619202,0.04044044762849808,-0.04970726557075977,-0.03972345218062401,0.055336641147732735,-0.065425013191998,-0.03247407078742981,0.05653098039329052,-0.06578678637742996,-0.013251248747110367,0.05044454522430897,-0.054115946404635906,-0.0025305747985839844
0.0,0.0,0.0,-0.010860113427042961,-0.029996715486049652,-0.005435410887002945,0.0018173269927501678,-0.05724897887557745,-0.002870805561542511,0.01641969010233879,-0.0810087826102972,-0.010869715362787247,0.02783121168613434,-0.09508212096989155,-0.02036849409341812,0.005913771688938141,-0.07787491660565138,-0.04553198360372335,0.013420291244983673,-0.10439126938581467,-0.04259218368679285,0.016674146056175232,-0.1311097890138626,-0.03082580491900444,0.016641082242131233,-0.15347515046596527,-0.022565385326743126,0.020622618030756712,-0.06926458002999425,-0.04928304557688534,0.038821292109787464,-0.0889683198183775,-0.04147581849247217,0.03602155949920416,-0.08227133750915527,-0.011482775211334229,0.02752449084073305,-0.07227171631529927,0.016374319791793823,0.03366708941757679,-0.06087476061657071,-0.048969313967972994,0.045683037489652634,-0.07368562929332256,-0.03377474285662174,0.044732606038451195,-0.06810180377215147,-0.011576574295759201,0.03857970051467419,-0.05521734617650509,0.008365534245967865,0.04127101041376591,-0.04920838586986065,-0.03842349722981453,0.05564996413886547,-0.06560424715280533,-0.03118346445262432,0.056399377062916756,-0.06543999165296555,-0.010543670505285263,0.05098606087267399,-0.054182857275009155,3.0376017093658447e-05
0.0,0.0,0.0,-0.011699596419930458,-0.029628746211528778,-0.0062281228601932526,0.0013995375484228134,-0.05669451504945755,-0.004666898399591446,0.016743497923016548,-0.07963813655078411,-0.013991661369800568,0.03009405080229044,-0.09240777418017387,-0.02445332147181034,0.005093462765216827,-0.07604870572686195,-0.047731467871926725,0.01267332024872303,-0.10211220383644104,-0.04422185244038701,0.0159878171980381,-0.12947101145982742,-0.03199037350714207,0.016539039090275764,-0.15189077705144882,-0.024737460538744926,0.019848428899422288,-0.06789112626574934,-0.050565904821269214,0.037146772257983685,-0.08693132549524307,-0.04408382996916771,0.03442028444260359,-0.08009213861078024,-0.015324238687753677,0.02651344914920628,-0.07022495288401842,0.012477800250053406,0.03262235131114721,-0.059887475334107876,-0.0499401178676635,0.04443623311817646,-0.07230548234656453,-0.03589244280010462,0.04362919181585312,-0.06615874730050564,-0.013864699751138687,0.037333859130740166,-0.053586745634675026,0.005599908530712128,0.03949164226651192,-0.04865953512489796,-0.038457224145531654,0.054555220529437065,-0.06417262740433216,-0.031382977962493896,0.05572260729968548,-0.0638473890721798,-0.012078486382961273,0.05052606575191021,-0.0525022903457284,-0.0013366937637329102
0.0,0.0,0.0,-0.011351030319929123,-0.029568258672952652,-0.006226714700460434,0.0015846900641918182,-0.056677618995308876,-0.005139872431755066,0.01680086925625801,-0.07927695102989674,-0.014486700296401978,0.03053415846079588,-0.0917421467602253,-0.02540193684399128,0.005495131015777588,-0.07570328004658222,-0.048131661023944616,0.012749000452458858,-0.10161639004945755,-0.04468582198023796,0.015849178656935692,-0.12867361307144165,-0.032660145312547684,0.016416840255260468,-0.15117144584655762,-0.02536054700613022,0.019875608617439866,-0.06762648117728531,-0.05105374404229224,0.03708069957792759,-0.08594099245965481,-0.045119883492589,0.03457105625420809,-0.07908617239445448,-0.016878560185432434,0.026509803719818592,-0.06941981427371502,0.010940894484519958,0.032617601566016674,-0.05959453107789159,-0.0504645814653486,0.04428158514201641,-0.07167747523635626,-0.036736405454576015,0.043701378628611565,-0.06571548711508512,-0.015103362500667572,0.03753064293414354,-0.05302173923701048,0.004512980580329895,0.03938194364309311,-0.04855268821120262,-0.03901446610689163,0.054433032870292664,-0.06362623628228903,-0.03215108811855316,0.05577872693538666,-0.06315928976982832,-0.01293237879872322,0.0507559459656477,-0.051667047664523125,-0.00219041109085083
0.0,0.0,0.0,-0.011610515415668488,-0.029601052403450012,-0.006362203508615494,0.0015982836484909058,-0.056685568764805794,-0.005633451044559479,0.01685060327872634,-0.07926803082227707,-0.014749959111213684,0.03098974283784628,-0.09157870709896088,-0.025451265275478363,0.005561288446187973,-0.07615497894585133,-0.048286150326021016,0.013181673362851143,-0.1022244542837143,-0.0448788246139884,0.016219444572925568,-0.12932492047548294,-0.03220799379050732,0.0167250856757164,-0.15198693424463272,-0.025760333985090256,0.02005770313553512,-0.0680090906098485,-0.05108238221146166,0.037504141218960285,-0.08673928491771221,-0.04463512357324362,0.03470200579613447,-0.08026150241494179,-0.016393162310123444,0.027277907822281122,-0.07050723023712635,0.011284101754426956,0.033194372430443764,-0.060041472781449556,-0.05023398750927299,0.04534660652279854,-0.07254069484770298,-0.036240577697753906,0.044114381074905396,-0.06662696413695812,-0.01460888609290123,0.038075659424066544,-0.05434081330895424,0.004893764853477478,0.03969845362007618,-0.04914889484643936,-0.0388717008754611,0.05478372052311897,-0.0642638523131609,-0.031533775851130486,0.056312646716833115,-0.06363637559115887,-0.012556962668895721,0.05108203366398811,-0.052043383941054344,-0.00209784135222435
0.0,0.0,0.0,-0.011471869423985481,-0.029784739017486572,-0.0065312981605529785,0.001758558675646782,-0.056370219215750694,-0.0046476759016513824,0.016934712883085012,-0.07958963699638844,-0.013399489223957062,0.030351107008755207,-0.09160326793789864,-0.02367938868701458,0.005312241613864899,-0.07582378201186657,-0.047654012334533036,0.012422936037182808,-0.101710744202137,-0.04358884831890464,0.01564055308699608,-0.12888482213020325,-0.032082775607705116,0.015320615842938423,-0.15079085528850555,-0.0236342940479517,0.020040995441377163,-0.0677689160220325,-0.050583015428856015,0.03768406342715025,-0.08684906549751759,-0.04388582194224,0.035133108496665955,-0.08007597178220749,-0.015303175896406174,0.026764868991449475,-0.07060582330450416,0.012127310037612915,0.03283132705837488,-0.05981706827878952,-0.049780203378759325,0.04432982578873634,-0.07208463596180081,-0.03555113449692726,0.044256383553147316,-0.06612053886055946,-0.01330651342868805,0.038169752806425095,-0.05315131228417158,0.006141461431980133,0.04025421291589737,-0.0485357865691185,-0.0380529947578907,0.054866692051291466,-0.06427455507218838,-0.03099159337580204,0.05575118772685528,-0.06393383257091045,-0.011123668402433395,0.051226695999503136,-0.05284258909523487,-0.00021838024258613586
0.0,0.0,0.0,-0.024467874318361282,-0.022073376923799515,-0.007884562015533447,-0.034152187407016754,-0.04676597937941551,-0.020224355161190033,-0.04042545333504677,-0.06897931732237339,-0.05295701464638114,-0.03075847029685974,-0.08750380668789148,-0.07252329215407372,-0.014545019716024399,-0.08651659358292818,-0.037594047375023365,-0.023572267964482307,-0.11189544200897217,-0.04912468772090506,-0.029959939420223236,-0.13111547380685806,-0.0548451473005116,-0.037197601050138474,-0.1497454196214676,-0.07287981547415257,0.002337435493245721,-0.08080295659601688,-0.046719597885385156,-0.018390193581581116,-0.09256800077855587,-0.06347020715475082,-0.03128593787550926,-0.06876974552869797,-0.05276185809634626,-0.016623275354504585,-0.05191957578063011,-0.029497021809220314,0.015404853038489819,-0.066044045612216,-0.05767575930804014,-0.012463565915822983,-0.06422419380396605,-0.06877772882580757,-0.02007707580924034,-0.04456711933016777,-0.05351447081193328,-0.009045316837728024,-0.030557066202163696,-0.032440219074487686,0.017046140506863594,-0.04638688080012798,-0.060785699635744095,-0.0057998280972242355,-0.0519952867180109,-0.06872665509581566,-0.01096385344862938,-0.03976907953619957,-0.0600989805534482,-0.0023416541516780853,-0.029610879719257355,-0.044692981988191605
0.0,0.0,0.0,-0.011830903589725494,-0.0295109786093235,-0.006469879299402237,0.0014897249639034271,-0.0563930906355381,-0.005876161158084869,0.016603896860033274,-0.07884755916893482,-0.01514732837677002,0.030583948828279972,-0.0912628024816513,-0.026295926421880722,0.0050168707966804504,-0.0757506936788559,-0.04842624097364023,0.012457560747861862,-0.10167542099952698,-0.04475414240732789,0.015387527644634247,-0.12864714115858078,-0.032131655141711235,0.01574670523405075,-0.15133097767829895,-0.02522125653922558,0.019535155268386006,-0.06768201617524028,-0.051203551003709435,0.03669376950711012,-0.0862779002636671,-0.04498026240617037,0.034093402326107025,-0.0796336242929101,-0.01690879464149475,0.026536119636148214,-0.06998038478195667,0.01063026487827301,0.0326040405780077,-0.05981706641614437,-0.05027093016542494,0.04457654990255833,-0.07185048703104258,-0.036474836990237236,0.04339197650551796,-0.06599348783493042,-0.015010666102170944,0.037608543410897255,-0.05342825874686241,0.0046629272401332855,0.039295364171266556,-0.04890129528939724,-0.038739971816539764,0.054106663912534714,-0.06392802763730288,-0.031612928956747055,0.055454619228839874,-0.06331475265324116,-0.01281488686800003,0.05075674504041672,-0.05175014212727547,-0.0022239908576011658
0.0,0.0,0.0,-0.011851945891976357,-0.029919780790805817,-0.006295103579759598,0.0011141188442707062,-0.05705039203166962,-0.005523152649402618,0.01653163693845272,-0.07971116900444031,-0.013924550265073776,0.030205524526536465,-0.09251545369625092,-0.024444138631224632,0.005418494343757629,-0.07709047477692366,-0.048100919637363404,0.012838650494813919,-0.1032901257276535,-0.044748605228960514,0.015903906896710396,-0.13031012564897537,-0.03225400112569332,0.016316046938300133,-0.15332449227571487,-0.026119865477085114,0.020040081115439534,-0.06873968755826354,-0.050906671793200076,0.03753563482314348,-0.08775658532977104,-0.04404984042048454,0.03456955403089523,-0.0811408506706357,-0.015754736959934235,0.027039206121116877,-0.0715598906390369,0.01195548102259636,0.033539692871272564,-0.06069678720086813,-0.04999268660321832,0.04554674029350281,-0.07346872519701719,-0.035840705037117004,0.04397871904075146,-0.06743999384343624,-0.014078553766012192,0.037819743156433105,-0.05504364147782326,0.005294982343912125,0.03996216505765915,-0.04956374131143093,-0.03866994474083185,0.05504160188138485,-0.0649212971329689,-0.031116347759962082,0.05645463056862354,-0.06458216719329357,-0.012505672872066498,0.05097404681146145,-0.05272402800619602,-0.0022847242653369904
0.0,0.0,0.0,-0.012375656515359879,-0.030232951045036316,-0.0059298984706401825,0.0006142351776361465,-0.058354830369353294,-0.0058979615569114685,0.016298068687319756,-0.08113545179367065,-0.013738308101892471,0.03070753999054432,-0.0934981144964695,-0.02638738416135311,0.005501734092831612,-0.07943150028586388,-0.04716831701807678,0.013379002921283245,-0.10502611100673676,-0.04445427656173706,0.01657189428806305,-0.13139930367469788,-0.031661808490753174,0.015688598155975342,-0.15520992875099182,-0.027017200365662575,0.020420642336830497,-0.07012690231204033,-0.05009819008409977,0.038173021748661995,-0.08916652575135231,-0.04338802304118872,0.034567028284072876,-0.08268898725509644,-0.01569628342986107,0.028006998356431723,-0.0730393030680716,0.0121857188642025,0.03425124567002058,-0.062154912389814854,-0.049989342456683517,0.04671827331185341,-0.0746153686195612,-0.035705918446183205,0.043980322778224945,-0.06884450279176235,-0.014347527176141739,0.038428641855716705,-0.05647273175418377,0.005204010754823685,0.040371356531977654,-0.04994199983775616,-0.038767785765230656,0.055767662823200226,-0.06511835940182209,-0.03133920952677727,0.05742815136909485,-0.06592436693608761,-0.013512857258319855,0.05121231824159622,-0.05355352908372879,-0.002482440322637558
0.0,0.0,0.0,-0.011940279975533485,-0.029925979673862457,-0.0062065161764621735,0.0008539687842130661,-0.058206088840961456,-0.005459524691104889,0.016183736268430948,-0.08179790712893009,-0.013244308531284332,0.029974267818033695,-0.09533729031682014,-0.02444234862923622,0.005933336913585663,-0.07966395001858473,-0.04789875925052911,0.012782953679561615,-0.10538036748766899,-0.045270254369825125,0.016089970245957375,-0.13198918104171753,-0.032675012946128845,0.015894396230578423,-0.1560647189617157,-0.028389986604452133,0.02063499391078949,-0.07046910328790545,-0.05109499080572277,0.0377483619377017,-0.0895041711628437,-0.04381940700113773,0.03451091982424259,-0.08288093842566013,-0.015487462282180786,0.027877607382833958,-0.07330962596461177,0.012556914240121841,0.03420485742390156,-0.06257800571620464,-0.05070940149016678,0.04647085256874561,-0.07538808509707451,-0.03624667413532734,0.04405140317976475,-0.06956815905869007,-0.014625869691371918,0.038402022793889046,-0.05745315924286842,0.004844363778829575,0.04054921492934227,-0.05056057870388031,-0.03940969705581665,0.05560695566236973,-0.06567918881773949,-0.03194020316004753,0.05728075094521046,-0.0667373314499855,-0.013788171112537384,0.05083147808909416,-0.054995656944811344,-0.0032322779297828674
0.0,0.0,0.0,-0.012750798836350441,-0.03043459728360176,-0.006983403116464615,-0.0004692729562520981,-0.05983526259660721,-0.006035778671503067,0.015205394476652145,-0.08420462161302567,-0.015898823738098145,0.028961959294974804,-0.0985226221382618,-0.02662200666964054,0.004718106240034103,-0.07994793076068163,-0.05016247904859483,0.012355808168649673,-0.10651510953903198,-0.04789470019750297,0.01633724756538868,-0.13237616419792175,-0.034620197489857674,0.017281299456954002,-0.156496062874794,-0.028660692274570465,0.020149593940004706,-0.07030536816455424,-0.053054412361234426,0.0377774890512228,-0.09073569998145103,-0.045613494236022234,0.03400428779423237,-0.08372871577739716,-0.016698278486728668,0.02594080613926053,-0.07394188502803445,0.010812781751155853,0.03403178695589304,-0.062266528606414795,-0.051972459885291755,0.04631415940821171,-0.07539133355021477,-0.0374277550727129,0.04327436350286007,-0.07007929589599371,-0.01582356169819832,0.03700114879757166,-0.05772291775792837,0.004431325942277908,0.04168841801583767,-0.04995962418615818,-0.04020722210407257,0.05588274635374546,-0.06613886263221502,-0.03293674252927303,0.05709740333259106,-0.06640499830245972,-0.014094263315200806,0.0500984750688076,-0.054702906869351864,-0.004274081438779831
0.0,0.0,0.0,-0.01173986867070198,-0.03091546520590782,-0.0051179490983486176,9.603798389434814e-05,-0.06091267894953489,-0.0016336925327777863,0.014909539371728897,-0.08620178140699863,-0.00830947607755661,0.0273722717538476,-0.10136081650853157,-0.015628300607204437,0.005823696032166481,-0.08259912114590406,-0.045874189818277955,0.013486760668456554,-0.10971658676862717,-0.043145343195647,0.018196847289800644,-0.13597501814365387,-0.030689571052789688,0.019460849463939667,-0.15914013981819153,-0.021856660023331642,0.021527893841266632,-0.07274395576678216,-0.049847373622469604,0.04004027973860502,-0.09430818818509579,-0.040503171272575855,0.03563667833805084,-0.08795761875808239,-0.00993625819683075,0.02760996506549418,-0.07725339103490114,0.01755589246749878,0.03650209028273821,-0.06300326436758041,-0.04988122161012143,0.04865121841430664,-0.07794151455163956,-0.03446635231375694,0.046043749898672104,-0.07182921655476093,-0.011346656829118729,0.03850438166409731,-0.05979111045598984,0.008439671248197556,0.04428093135356903,-0.0497383177280426,-0.039401509799063206,0.05842278525233269,-0.06757642515003681,-0.031880488619208336,0.0589376837015152,-0.06943240389227867,-0.011141534894704819,0.05189061351120472,-0.0593737056478858,-0.001196056604385376
0.0,0.0,0.0,-0.012541145086288452,-0.02997279167175293,-0.0048995353281497955,0.000987328588962555,-0.05888728238642216,-0.0011540651321411133,0.01758015202358365,-0.08306972496211529,-0.006468016654253006,0.02905060350894928,-0.09591102041304111,-0.013094950467348099,0.0065027568489313126,-0.08016730938106775,-0.04377270524855703,0.012520410120487213,-0.10647142305970192,-0.04072063276544213,0.01716664247214794,-0.13235340267419815,-0.02936504501849413,0.018761593848466873,-0.15658938884735107,-0.020937442779541016,0.02112685306929052,-0.0696996187325567,-0.04669216577894986,0.03914047125726938,-0.0915767140686512,-0.03743520425632596,0.03452094830572605,-0.08470231667160988,-0.005907982587814331,0.02646989794448018,-0.07374922558665276,0.0219588465988636,0.03547524008899927,-0.06095974240452051,-0.04608072026167065,0.046944551169872284,-0.07384278438985348,-0.030250340700149536,0.04388277977705002,-0.0693166982382536,-0.00661700963973999,0.0374357458204031,-0.05607088282704353,0.013177122920751572,0.042651817202568054,-0.047458166256546974,-0.034486492164433,0.05754691734910011,-0.06493925116956234,-0.026273688301444054,0.057247478514909744,-0.06708884611725807,-0.006112005561590195,0.05019187554717064,-0.05581389553844929,0.004532456398010254
0.0,0.0,0.0,-0.01148948073387146,-0.03088495507836342,-0.007214631885290146,0.0011733043938875198,-0.05912788491696119,-0.0050196573138237,0.016775577794760466,-0.08364746160805225,-0.013632383197546005,0.030038371682167053,-0.09754449129104614,-0.023717351257801056,0.005026025697588921,-0.07836113777011633,-0.048051232704892755,0.011736568994820118,-0.10485201328992844,-0.04602215625345707,0.015697022899985313,-0.13174307346343994,-0.03450091741979122,0.016764115542173386,-0.15406201034784317,-0.0264597125351429,0.019968574168160558,-0.06907471036538482,-0.05170373199507594,0.0369764044880867,-0.08950813487172127,-0.04433198552578688,0.03459766414016485,-0.08197185955941677,-0.014874368906021118,0.025766171049326658,-0.07171643432229757,0.013329334557056427,0.034084499813616276,-0.05997401848435402,-0.05082643777132034,0.04559944197535515,-0.07407017610967159,-0.0369920264929533,0.04387383535504341,-0.06845128443092108,-0.013720940798521042,0.036229344084858894,-0.05535834562033415,0.005207274109125137,0.04127700626850128,-0.04790189117193222,-0.039359502494335175,0.055772047489881516,-0.06570262089371681,-0.03228258714079857,0.05626317858695984,-0.06581569090485573,-0.01260971650481224,0.04987666942179203,-0.054806433618068695,-0.0018851161003112793
0.0,0.0,0.0,-0.010913463309407234,-0.029290519654750824,-0.0070312246680259705,0.002269431948661804,-0.057365819811820984,-0.0051627084612846375,0.016967145260423422,-0.08114507421851158,-0.014546148478984833,0.03059183806180954,-0.0941542200744152,-0.02570381388068199,0.005017824470996857,-0.07548414077609777,-0.04895094386301935,0.011169247329235077,-0.09994607791304588,-0.047474977327510715,0.014466697350144386,-0.12613513320684433,-0.035205308347940445,0.015145504847168922,-0.148349367082119,-0.025982320308685303,0.019181141164153814,-0.06553583778440952,-0.053104422288015485,0.036312635987997055,-0.08641308732330799,-0.04656880162656307,0.034534793347120285,-0.07969950139522552,-0.016849420964717865,0.025407986715435982,-0.06993787782266736,0.01079510897397995,0.03205973748117685,-0.057497505098581314,-0.05224356718827039,0.04395357333123684,-0.07149856351315975,-0.03876516502350569,0.04296042211353779,-0.06594235077500343,-0.015571251511573792,0.03717087488621473,-0.05267020594328642,0.00447913259267807,0.03971809707581997,-0.04589621722698212,-0.04106462188065052,0.05410277284681797,-0.06366161536425352,-0.03391897678375244,0.05500665120780468,-0.06254555657505989,-0.013063501566648483,0.04920642264187336,-0.05076038558036089,-0.0004785396158695221
0.0,0.0,0.0,-0.0122819934040308,-0.030245795845985413,-0.0063554756343364716,-0.0007098354399204254,-0.05939134582877159,-0.006361957639455795,0.013731392100453377,-0.08373571746051311,-0.014800924807786942,0.02827224787324667,-0.09762780740857124,-0.026094356551766396,0.0030141398310661316,-0.07669718377292156,-0.04818117222748697,0.010666710324585438,-0.10340923815965652,-0.04681149683892727,0.01454007625579834,-0.12939125299453735,-0.0343294870108366,0.015353487804532051,-0.1527455598115921,-0.02688734419643879,0.01902604755014181,-0.06720627564936876,-0.05166046437807381,0.0369038600474596,-0.08827454224228859,-0.04577510408125818,0.03410648461431265,-0.08192773908376694,-0.01656550168991089,0.024702213238924742,-0.07193419011309743,0.011238839477300644,0.0336863175034523,-0.05863069277256727,-0.050972438883036375,0.04523341730237007,-0.07385361567139626,-0.03736565727740526,0.043050164356827736,-0.06815540697425604,-0.015182778239250183,0.036567434668540955,-0.05503836739808321,0.005640801042318344,0.041661251336336136,-0.04715941473841667,-0.0397044587880373,0.05559798143804073,-0.06487575732171535,-0.0328708253800869,0.05601184256374836,-0.06358073651790619,-0.012861285358667374,0.04928598366677761,-0.05178026109933853,-0.0009919069707393646
0.0,0.0,0.0,-0.015711400657892227,-0.03356550261378288,0.001410316675901413,-0.00857982411980629,-0.0658129695802927,0.013174198567867279,0.011689141392707825,-0.09560796292498708,0.021570608019828796,0.03439979674294591,-0.10256114508956671,0.023169390857219696,0.0034450888633728027,-0.1040436439216137,-0.01863904285710305,0.010222816839814186,-0.13687926530838013,-0.013352854177355766,0.011680489405989647,-0.1635211482644081,-0.004317481070756912,0.007916528731584549,-0.18453647196292877,0.00030421093106269836,0.028537971433252096,-0.09501559846103191,-0.02239118772558868,0.04484138451516628,-0.10903235711157322,-0.0024594906717538834,0.03600441315211356,-0.09787745028734207,0.02213824912905693,0.024875987321138382,-0.08831387432292104,0.044801805168390274,0.051761893555521965,-0.07954219356179237,-0.02208383579272777,0.058236341923475266,-0.08629512879997492,0.003921719267964363,0.050048764795064926,-0.07534487452358007,0.023913294076919556,0.041704826056957245,-0.06291283294558525,0.03689396381378174,0.061555152758955956,-0.05965694971382618,-0.015053823590278625,0.06769401580095291,-0.06762634962797165,0.0024960078299045563,0.06317691691219807,-0.06117282621562481,0.023757368326187134,0.05404999479651451,-0.05198235064744949,0.02606908604502678
0.0,0.0,0.0,-0.02440495789051056,-0.022304460406303406,-0.00833147019147873,-0.03529223054647446,-0.04756300523877144,-0.021520325914025307,-0.043076034635305405,-0.06856557354331017,-0.05453947279602289,-0.034814316779375076,-0.08786787930876017,-0.07341512106359005,-0.014523772522807121,-0.08689112402498722,-0.03994422312825918,-0.025331653654575348,-0.11170889437198639,-0.05249122157692909,-0.031963881105184555,-0.1297840103507042,-0.058763342909514904,-0.03835572674870491,-0.14950527995824814,-0.07812540233135223,0.001902175135910511,-0.08069273782894015,-0.04867316363379359,-0.019913211464881897,-0.09238570928573608,-0.06467998493462801,-0.03218061476945877,-0.06874908786267042,-0.05267627048306167,-0.017027458176016808,-0.052716827020049095,-0.0289449542760849,0.01427745632827282,-0.06682260893285275,-0.05915793962776661,-0.01429406926035881,-0.06365564651787281,-0.06921819224953651,-0.021428018808364868,-0.044094786047935486,-0.054326774552464485,-0.010052243247628212,-0.030972670763731003,-0.033664287999272346,0.014723839238286018,-0.0469245295971632,-0.061376528814435005,-0.007393417879939079,-0.050840526819229126,-0.06945510022342205,-0.011589658446609974,-0.03886152803897858,-0.059802756644785404,-0.0020529087632894516,-0.029549509286880493,-0.043822924606502056
0.0,0.0,0.0,-0.011163901537656784,-0.029635749757289886,-0.008163794875144958,0.00097622349858284,-0.05674229469150305,-0.008815594017505646,0.015061238780617714,-0.07935215346515179,-0.01973268762230873,0.029322722926735878,-0.09235012903809547,-0.030858231708407402,0.0030270516872406006,-0.0724594546481967,-0.05069839663337916,0.009811528958380222,-0.0976458340883255,-0.04895323212258518,0.013267111033201218,-0.12360215559601784,-0.036010753363370895,0.013422831892967224,-0.14632578566670418,-0.02782120741903782,0.017631496768444777,-0.06369089311920106,-0.05388682335615158,0.03435876313596964,-0.08358128927648067,-0.04955474799498916,0.032239158637821674,-0.07741130888462067,-0.021134959533810616,0.0242129098623991,-0.06719297869130969,0.007981248199939728,0.031107240356504917,-0.055774889420717955,-0.05310650332830846,0.042132673785090446,-0.07029298227280378,-0.04051554016768932,0.04080166295170784,-0.0642591342329979,-0.018356118351221085,0.03562631085515022,-0.05138920061290264,0.002597436308860779,0.03843480534851551,-0.045827983878552914,-0.04188942816108465,0.05218860134482384,-0.06301232893019915,-0.03559233620762825,0.0528850294649601,-0.06118347495794296,-0.015734851360321045,0.04735199362039566,-0.049570998176932335,-0.002912372350692749
0.0,0.0,0.0,-0.012444023042917252,-0.030533745884895325,-0.007349245250225067,0.000855814665555954,-0.05809228355064988,-0.008580505847930908,0.01639223052188754,-0.08039522171020508,-0.020907394587993622,0.030593049712479115,-0.09286531619727612,-0.03591294586658478,0.002081172540783882,-0.07414166908711195,-0.05112130753695965,0.009619994089007378,-0.098933856934309,-0.05103579629212618,0.012148810550570488,-0.12342188134789467,-0.038898831233382225,0.01180051639676094,-0.14475932717323303,-0.03045029751956463,0.016525843646377325,-0.06459784461185336,-0.055563342524692416,0.03437458723783493,-0.08594661392271519,-0.05219194456003606,0.031790826469659805,-0.07942640595138073,-0.023345913738012314,0.023203300312161446,-0.06902102148160338,0.0048202089965343475,0.02960989996790886,-0.05634130351245403,-0.05575495143420994,0.04179200530052185,-0.07122709695249796,-0.044295341707766056,0.039986539632081985,-0.06586809735745192,-0.020505107939243317,0.034311991184949875,-0.0521060461178422,0.0006031244993209839,0.03690572455525398,-0.04517321474850178,-0.04477148875594139,0.05205787345767021,-0.06365473754703999,-0.038394536823034286,0.053435128182172775,-0.06248038820922375,-0.017513621598482132,0.04671546444296837,-0.04982359521090984,-0.0031180940568447113
0.0,0.0,0.0,-0.012394368648529053,-0.028914006426930428,-0.008063971996307373,0.0002903193235397339,-0.0568508580327034,-0.009551826864480972,0.017305423505604267,-0.07907253131270409,-0.0225532129406929,0.03183269314467907,-0.09013431146740913,-0.03730771504342556,0.0025577321648597717,-0.07279885746538639,-0.054093916551209986,0.0086653558537364,-0.0958382710814476,-0.05280249612405896,0.012237893417477608,-0.1192428506910801,-0.03887439705431461,0.014140240848064423,-0.14168717339634895,-0.027455544099211693,0.01623370870947838,-0.062210155883803964,-0.05728480906691402,0.03291923552751541,-0.08443490229547024,-0.054971823235973716,0.030499964952468872,-0.0771463681012392,-0.023806840181350708,0.021628091344609857,-0.06616425793617964,0.0036722607910633087,0.028979986906051636,-0.05497253034263849,-0.05748234852217138,0.04039500840008259,-0.06872440315783024,-0.0463011534884572,0.0383714996278286,-0.06514575239270926,-0.022096730768680573,0.03257231134921312,-0.05086895450949669,-0.00197698175907135,0.03615029715001583,-0.04355583153665066,-0.04572343733161688,0.05128876492381096,-0.06208706647157669,-0.04006079491227865,0.051607824862003326,-0.06229124125093222,-0.019481752067804337,0.04434041865170002,-0.04985741712152958,-0.00430336594581604
0.0,0.0,0.0,-0.012606577947735786,-0.029371483251452446,-0.008800197392702103,0.00013099424540996552,-0.057317753322422504,-0.011336304247379303,0.016999180428683758,-0.08029385283589363,-0.024368025362491608,0.03330644592642784,-0.09176330268383026,-0.040140425786376,0.0018813982605934143,-0.07302007544785738,-0.05629621888510883,0.00947797391563654,-0.09741425886750221,-0.054920750204473734,0.013143515214323997,-0.12054146826267242,-0.03981821984052658,0.014281956478953362,-0.14304491132497787,-0.027163060382008553,0.016653685132041574,-0.06268079881556332,-0.05994297843426466,0.034417951479554176,-0.08524937741458416,-0.05749252017267281,0.031536972150206566,-0.07828959450125694,-0.02757950685918331,0.021495135966688395,-0.06779415998607874,-0.0003562904894351959,0.030332278460264206,-0.05478835524991155,-0.05937101284507662,0.04173124022781849,-0.0700044110417366,-0.04803703632205725,0.03907865844666958,-0.06614212039858103,-0.023717649281024933,0.033273312263190746,-0.05150982178747654,-0.002334319055080414,0.03848363272845745,-0.04394173063337803,-0.04613326769322157,0.053066032007336617,-0.06255104765295982,-0.04121401347219944,0.05282042361795902,-0.06100022979080677,-0.019779164344072342,0.045598410069942474,-0.047952246852219105,-0.00448261946439743
0.0,0.0,0.0,-0.011343246325850487,-0.030373811721801758,-0.006937548518180847,-0.0025311894714832306,-0.0601763091981411,-0.011881653219461441,0.012280387338250875,-0.0823604054749012,-0.025502275675535202,0.028228471986949444,-0.09576720744371414,-0.04460120666772127,-0.00023437291383743286,-0.07562943547964096,-0.05475495895370841,0.007419344037771225,-0.09947151690721512,-0.05704105657059699,0.011005854234099388,-0.12217079848051071,-0.0441705072298646,0.010264895856380463,-0.14622453600168228,-0.03789047524333,0.015221834182739258,-0.0652251907158643,-0.0601552405860275,0.03442817181348801,-0.0863189548254013,-0.056831198977306485,0.03190934285521507,-0.08059448376297951,-0.028983499854803085,0.022203731816262007,-0.0692916396073997,-0.0030331946909427643,0.02915213443338871,-0.05683903023600578,-0.06153229693882167,0.04161418043076992,-0.07222457882016897,-0.049686544574797153,0.039386387914419174,-0.06666169967502356,-0.028050994500517845,0.034955473616719246,-0.05453362036496401,-0.0063627734780311584,0.03844831883907318,-0.04515681974589825,-0.05171394068747759,0.05279111862182617,-0.062378356233239174,-0.04656913038343191,0.05374911054968834,-0.062319716438651085,-0.024206485599279404,0.046178923919796944,-0.05025574192404747,-0.010718539357185364
0.0,0.0,0.0,-0.013151602819561958,-0.030721187591552734,-0.009383335709571838,-0.002088624984025955,-0.058679583482444286,-0.014397282153367996,0.01238861121237278,-0.08097786270081997,-0.028372179716825485,0.027391616255044937,-0.09347030520439148,-0.04530849028378725,-0.0014002807438373566,-0.07310378924012184,-0.057320655789226294,0.006077575497329235,-0.09650056436657906,-0.05914993642363697,0.009090131148695946,-0.12119271606206894,-0.04723332077264786,0.00854635238647461,-0.14406991004943848,-0.040648238733410835,0.013828634982928634,-0.06314885267056525,-0.06164287694264203,0.03299521841108799,-0.08526695147156715,-0.05923500005155802,0.030862991698086262,-0.07955599017441273,-0.03042343072593212,0.02197970822453499,-0.06910691596567631,-0.001522991806268692,0.02792139071971178,-0.05536615941673517,-0.06231383210979402,0.040803613141179085,-0.07207922171801329,-0.051446705125272274,0.03918820805847645,-0.0660256901755929,-0.02913755364716053,0.03389541245996952,-0.05325733171775937,-0.006894562393426895,0.03576304577291012,-0.04379122704267502,-0.052158358972519636,0.05052454397082329,-0.06226652767509222,-0.04678705893456936,0.051873743534088135,-0.06276104785501957,-0.026549190282821655,0.0451563335955143,-0.05022237170487642,-0.011571340262889862
0.0,0.0,0.0,-0.023729104548692703,-0.021776534616947174,-0.007929377257823944,-0.034365687519311905,-0.04711412638425827,-0.021069858223199844,-0.041349250823259354,-0.06929836980998516,-0.05417348467744887,-0.033188674598932266,-0.08873625379055738,-0.07366791926324368,-0.013650856912136078,-0.0864996537566185,-0.04003824386745691,-0.02423194982111454,-0.11105724051594734,-0.05188233041553758,-0.030209742486476898,-0.12981869652867317,-0.05786836100742221,-0.03637702018022537,-0.14885695278644562,-0.07659975439310074,0.0029790690168738365,-0.08094079606235027,-0.04928650939837098,-0.018835388123989105,-0.09194537624716759,-0.06506944447755814,-0.03237707540392876,-0.06792603339999914,-0.05226575332926586,-0.017370613291859627,-0.05047730170190334,-0.02761595882475376,0.014980688691139221,-0.06662488635629416,-0.06062068697065115,-0.014732038602232933,-0.06316581461578608,-0.07074279151856899,-0.02181962877511978,-0.0438291784375906,-0.054172905161976814,-0.010591787286102772,-0.030310295522212982,-0.032776521518826485,0.014489849098026752,-0.046804871410131454,-0.0634487746283412,-0.007555554620921612,-0.051072858273983,-0.07197362929582596,-0.012286927551031113,-0.03959008678793907,-0.062369562685489655,-0.004309939220547676,-0.03020579367876053,-0.04570394614711404
0.0,0.0,0.0,-0.023566242307424545,-0.020118463784456253,-0.006012860685586929,-0.03122863918542862,-0.045488836243748665,-0.019144345074892044,-0.039345432072877884,-0.06707282736897469,-0.05126988883421291,-0.03211541846394539,-0.08713792357593775,-0.07222163677215576,-0.01364058069884777,-0.08477768581360579,-0.03914739843457937,-0.023455709218978882,-0.10829809308052063,-0.04995122365653515,-0.028686657547950745,-0.12721679359674454,-0.05394129152409732,-0.03500119969248772,-0.14693064987659454,-0.06897834874689579,0.0021376945078372955,-0.0787657699547708,-0.049213701975531876,-0.01806553266942501,-0.0900995321571827,-0.06328470166772604,-0.03155779466032982,-0.06638004630804062,-0.04997325874865055,-0.017196517437696457,-0.04861576668918133,-0.02788706123828888,0.013909529894590378,-0.06514639686793089,-0.06008324213325977,-0.014051305130124092,-0.06184055004268885,-0.07007136568427086,-0.0203362088650465,-0.04329513944685459,-0.05288484296761453,-0.009496280923485756,-0.02766156941652298,-0.030896585434675217,0.013683752156794071,-0.04588128998875618,-0.0625259866937995,-0.006805403158068657,-0.04901140742003918,-0.06950320117175579,-0.010102697648108006,-0.03526998683810234,-0.0591958649456501,-0.003301559016108513,-0.024418983608484268,-0.0426820944994688
0.0,0.0,0.0,-0.02313573844730854,-0.018841881304979324,-0.008386567234992981,-0.031994204968214035,-0.04302424564957619,-0.022048115730285645,-0.04267711937427521,-0.06325836665928364,-0.055311448173597455,-0.037524811923503876,-0.08152575977146626,-0.07897588238120079,-0.014736008830368519,-0.07895711157470942,-0.046818905510008335,-0.026460502296686172,-0.10126058012247086,-0.05997908255085349,-0.03237452730536461,-0.11791850253939629,-0.0649471222423017,-0.039268702268600464,-0.13692061603069305,-0.08031073585152626,-0.0010788997169584036,-0.07311659678816795,-0.05728119006380439,-0.020962001755833626,-0.08260083477944136,-0.06777544226497412,-0.03159588575363159,-0.05956009216606617,-0.052374984603375196,-0.017474519088864326,-0.0436683613806963,-0.02965906821191311,0.010029306635260582,-0.06131315790116787,-0.0677533270791173,-0.017907509580254555,-0.056007266975939274,-0.0772481132298708,-0.021961813792586327,-0.03912502899765968,-0.056928311474621296,-0.011754579842090607,-0.02477864921092987,-0.033042242750525475,0.008668228052556515,-0.04218653775751591,-0.0698991259559989,-0.010048767551779747,-0.04467807151377201,-0.07898372784256935,-0.012472370639443398,-0.03367085009813309,-0.06720797251909971,-0.009811902418732643,-0.02116244286298752,-0.048305828124284744
0.0,0.0,0.0,-0.02984171360731125,-0.022048115730285645,-0.009440701454877853,-0.04278017207980156,-0.046059323474764824,-0.025123825296759605,-0.05714666470885277,-0.06919963471591473,-0.05643939692527056,-0.04741496220231056,-0.08383628074079752,-0.07819425873458385,-0.027512751519680023,-0.08739269617944956,-0.040019311010837555,-0.03843655809760094,-0.110433179885149,-0.05259649676736444,-0.0439290925860405,-0.12770864367485046,-0.05852102907374501,-0.05378235504031181,-0.15126442909240723,-0.08093523979187012,-0.008078443817794323,-0.08076213765889406,-0.048671076307073236,-0.032025355845689774,-0.0933280847966671,-0.06788287125527859,-0.04113166406750679,-0.0656838109716773,-0.05810905713587999,-0.022940397262573242,-0.05154302157461643,-0.036343738436698914,0.006150268949568272,-0.06878096330910921,-0.05906303506344557,-0.022706128656864166,-0.06311966851353645,-0.07069439813494682,-0.030130786821246147,-0.04241456091403961,-0.0600250530987978,-0.015009747818112373,-0.028300054371356964,-0.03594797756522894,0.010239968076348305,-0.04743414558470249,-0.06197854969650507,-0.014551899395883083,-0.04690147377550602,-0.0702254232019186,-0.017423110082745552,-0.03419142961502075,-0.06374609936028719,-0.005154028534889221,-0.025824569165706635,-0.04462376981973648
0.0,0.0,0.0,-0.030833762139081955,-0.02063889056444168,-0.00866478681564331,-0.04092929884791374,-0.04702773131430149,-0.026888547465205193,-0.049790170043706894,-0.07062723860144615,-0.05844672489911318,-0.03939342126250267,-0.08754748571664095,-0.08309920504689217,-0.03133268095552921,-0.0876423679292202,-0.037831369787454605,-0.041117534041404724,-0.11258704587817192,-0.047701992880320176,-0.04658323526382446,-0.13371919840574265,-0.05211566388607025,-0.05441924184560776,-0.15599950402975082,-0.0729473140090704,-0.008851102320477366,-0.0841527832672,-0.04482314409688115,-0.030723169445991516,-0.09563524834811687,-0.07114051468670368,-0.03959757462143898,-0.0689582321792841,-0.06285858992487192,-0.02410205453634262,-0.05336038023233414,-0.042980908416211605,0.008321406319737434,-0.0704007726162672,-0.05518506979569793,-0.01885201595723629,-0.06807516515254974,-0.0723110344260931,-0.02647477574646473,-0.04675167426466942,-0.062446827068924904,-0.012076687067747116,-0.031779833137989044,-0.04003230109810829,0.014229994267225266,-0.05129238963127136,-0.058275120332837105,-0.0076674725860357285,-0.05255798064172268,-0.06961795128881931,-0.012971592135727406,-0.03658270090818405,-0.0651666596531868,-0.002028806135058403,-0.029390178620815277,-0.047117248410359025
0.0,0.0,0.0,-0.028186369687318802,-0.02036140114068985,-0.01269158348441124,-0.03639854118227959,-0.04293101653456688,-0.03339158929884434,-0.04113561287522316,-0.06827893853187561,-0.06529262568801641,-0.027463311329483986,-0.08366478979587555,-0.08896910026669502,-0.026849541813135147,-0.08476149011403322,-0.047197883017361164,-0.037368882447481155,-0.11100829020142555,-0.057463995181024075,-0.04214095696806908,-0.13037372380495071,-0.0613899789750576,-0.04896082356572151,-0.1532357782125473,-0.07716033980250359,-0.005929666571319103,-0.08083866350352764,-0.05055058328434825,-0.021909397095441818,-0.08901714533567429,-0.08084152080118656,-0.03351972438395023,-0.06193931307643652,-0.07141849212348461,-0.01811856310814619,-0.048268234357237816,-0.046267254278063774,0.012692705728113651,-0.06780186342075467,-0.058735345490276814,-0.011585520580410957,-0.06369060464203358,-0.0804633367806673,-0.020799845457077026,-0.04168501868844032,-0.07078957930207253,-0.006224365904927254,-0.02718653902411461,-0.04412818048149347,0.01997288130223751,-0.04884037934243679,-0.06017341464757919,-0.00018687639385461807,-0.05105768144130707,-0.07421500980854034,-0.008122766390442848,-0.03465162217617035,-0.07094392739236355,0.0022421684116125107,-0.02688855677843094,-0.05296035256469622
0.0,0.0,0.0,-0.03006141446530819,-0.021818310022354126,-0.013742011040449142,-0.039493244141340256,-0.04552871361374855,-0.03320972993969917,-0.044760387390851974,-0.07234407775104046,-0.062067193910479546,-0.030848313122987747,-0.0860929898917675,-0.08806825056672096,-0.03142879158258438,-0.08891826868057251,-0.04428067756816745,-0.04174650460481644,-0.11356952786445618,-0.05455252598039806,-0.04775655269622803,-0.13320369273424149,-0.05927544320002198,-0.056665901094675064,-0.15669267624616623,-0.0757557787001133,-0.009403063915669918,-0.08461280725896358,-0.04802102246321738,-0.027843333780765533,-0.09385427832603455,-0.08091156557202339,-0.03763316944241524,-0.06589315365999937,-0.07342757470905781,-0.021201472729444504,-0.05555747076869011,-0.05039579817093909,0.00848979502916336,-0.0720459409058094,-0.057239482179284096,-0.015707110054790974,-0.06904311571270227,-0.08044036477804184,-0.022924449294805527,-0.04749796725809574,-0.07551789842545986,-0.005948010832071304,-0.031508803367614746,-0.04955999716185033,0.016151778399944305,-0.052638228982686996,-0.05993352644145489,-0.001262059435248375,-0.054610081017017365,-0.075538769364357,-0.007921282202005386,-0.038091301918029785,-0.07353361137211323,0.003077002242207527,-0.029858943074941635,-0.05547555792145431
0.0,0.0,0.0,-0.031814705580472946,-0.0208594873547554,-0.015473168343305588,-0.04274014011025429,-0.0455266535282135,-0.035968552343547344,-0.04768207669258118,-0.07312741409987211,-0.06377138197422028,-0.03183750994503498,-0.08808029443025589,-0.08939632773399353,-0.0379552748054266,-0.08742392621934414,-0.03989160666242242,-0.04929986968636513,-0.11348913237452507,-0.04740735559607856,-0.055391136556863785,-0.13676973432302475,-0.05521463416516781,-0.06614458933472633,-0.1609884425997734,-0.072252057492733,-0.01581957470625639,-0.08618760295212269,-0.043067796155810356,-0.03400055319070816,-0.09254882857203484,-0.07729420810937881,-0.045535411685705185,-0.06521752383559942,-0.07587136328220367,-0.027953941375017166,-0.05650099739432335,-0.05011059553362429,0.005189012736082077,-0.07500799931585789,-0.05292272241786122,-0.01878166664391756,-0.07357188174501061,-0.07893265783786774,-0.02634272351861,-0.04884384758770466,-0.07374086044728756,-0.010784825310111046,-0.03593774884939194,-0.05139628238976002,0.014994798228144646,-0.05693788453936577,-0.05684944149106741,-0.0023664692416787148,-0.057145457714796066,-0.0751747153699398,-0.009786900132894516,-0.03872886300086975,-0.07406152598559856,0.0007495898753404617,-0.03351641446352005,-0.053769154474139214
0.0,0.0,0.0,-0.030495770275592804,-0.018027670681476593,-0.022201264277100563,-0.038141971454024315,-0.043777696788311005,-0.039434161968529224,-0.040227558463811874,-0.07002654019743204,-0.06624806486070156,-0.020104555413126945,-0.08659029193222523,-0.08469290658831596,-0.03547549620270729,-0.07852411363273859,-0.051584006869234145,-0.04796040058135986,-0.10387064516544342,-0.056270196102559566,-0.053476184606552124,-0.12791110202670097,-0.06197395920753479,-0.061177827417850494,-0.15136078000068665,-0.07385951466858387,-0.012100393883883953,-0.07778898347169161,-0.05014827148988843,-0.027597635984420776,-0.0845370190218091,-0.08493759110569954,-0.03468518704175949,-0.055952079594135284,-0.08174633793532848,-0.01572495326399803,-0.044937027618288994,-0.05386383703444153,0.010427847504615784,-0.06735508469864726,-0.05480816483031958,-0.01217353856191039,-0.06581430323421955,-0.08442924171686172,-0.018156006932258606,-0.0407261997461319,-0.07803063094615936,-0.004633495584130287,-0.026868246495723724,-0.05169558513443917,0.017801299691200256,-0.05183393880724907,-0.05517778662033379,0.0037237657234072685,-0.05608387105166912,-0.07453585788607597,-0.0034418879076838493,-0.03528296574950218,-0.07813636586070061,0.010700836777687073,-0.02770831808447838,-0.05681988853029907
